{
    "Stocks" : [
        {
            "id" : 0,
            "symbol" : "AAPL",
            "company" : "Apple, Inc."
        },
        {
            "id" : 1,
            "symbol" : "SBUX",
            "company" : "Starbucks, Inc."
        },
        {
            "id" : 2,
            "symbol" : "MSFT",
            "company" : "Microsoft, Inc."
        },
        {
            "id" : 3,
            "symbol" : "CSCO",
            "company" : "Cisco Systems, Inc."
        },
        {
            "id" : 4,
            "symbol" : "QCOM",
            "company" : "QUALCOMM Incorporated"
        },
        {
            "id" : 5,
            "symbol" : "AMZN",
            "company" : "Amazon.com, Inc."
        },
        {
            "id" : 6,
            "symbol" : "TSLA",
            "company" : "Tesla, Inc."
        },
        {
            "id" : 7,
            "symbol" : "AMD",
            "company" : "Advanced Micro Devices, Inc."
        }
    ]
}