{
  "lib_catalog": [
    {
      "id": "1",
      "title": "Сияние",
      "author": "Стивен Кинг",
      "releaseYear": "1977",
      "isTaken": null,
      "submitDeadline": null,
      "owner": null
    },

    {
      "id": "2",
      "title": "Пять ночей у Фредди: Серебряные глаза",
      "author": "Скотт Коутон",
      "releaseYear": "2015",
      "isTaken": "yes",
      "submitDeadline": "17.10.2023",
      "owner": "Эльдар Зафаров"
    },

    {
      "id": "3",
      "title": "На Западном фронте без перемен",
      "author": "Эрих Мария Ремарк",
      "releaseYear": "1928",
      "isTaken": null,
      "submitDeadline": null,
      "owner": null
    },

    {
      "id": "4",
      "title": "Война и мир",
      "author": "Л.Н. Толстой",
      "releaseYear": "1873",
      "isTaken": "yes",
      "submitDeadline": "20.10.2023",
      "owner": "Шушков Егор"
    },

    {
      "id": "5",
      "title": "Гарри Поттер и философский камень",
      "author": "Джоан Роуллинг",
      "releaseYear": "1997",
      "isTaken":  null,
      "submitDeadline": null,
      "owner": null
    }
  ]
}