{ "compressionlevel":-1,
 "height":20,
 "infinite":false,
 "layers":[
        {
         "data":[720, 721, 723, 724, 720, 721, 723, 724, 726, 727, 723, 724, 726, 727, 723, 724, 726, 727, 723, 724,
            775, 776, 778, 779, 775, 776, 778, 779, 781, 782, 778, 779, 781, 782, 778, 779, 781, 782, 778, 779,
            726, 727, 58, 58, 57, 58, 58, 112, 113, 113, 113, 113, 58, 58, 58, 58, 57, 58, 723, 724,
            781, 782, 58, 58, 58, 58, 113, 112, 113, 113, 112, 113, 113, 113, 58, 57, 57, 58, 778, 779,
            720, 721, 58, 58, 113, 113, 113, 113, 57, 57, 57, 112, 112, 57, 58, 58, 57, 58, 720, 721,
            775, 776, 113, 113, 112, 113, 112, 112, 112, 112, 112, 57, 58, 57, 57, 57, 112, 113, 775, 776,
            726, 727, 57, 58, 112, 113, 57, 58, 57, 58, 57, 58, 58, 112, 112, 112, 112, 112, 726, 727,
            781, 782, 58, 57, 58, 57, 58, 57, 58, 57, 58, 58, 57, 58, 57, 57, 112, 113, 781, 782,
            723, 724, 57, 58, 57, 57, 58, 57, 58, 57, 58, 113, 57, 57, 58, 57, 112, 113, 723, 724,
            778, 779, 57, 58, 57, 58, 57, 58, 57, 58, 58, 57, 58, 57, 58, 112, 112, 113, 778, 779,
            726, 727, 58, 57, 57, 58, 57, 58, 57, 58, 113, 57, 58, 57, 58, 112, 113, 58, 726, 727,
            781, 782, 58, 57, 57, 57, 58, 57, 58, 58, 112, 57, 58, 57, 58, 112, 113, 57, 781, 782,
            723, 724, 58, 57, 58, 57, 58, 57, 58, 113, 57, 58, 57, 58, 58, 57, 58, 112, 723, 724,
            778, 779, 113, 57, 58, 57, 58, 57, 58, 112, 57, 58, 57, 58, 113, 57, 57, 112, 778, 779,
            723, 724, 57, 57, 57, 58, 57, 58, 113, 112, 57, 58, 57, 58, 57, 112, 112, 112, 726, 727,
            778, 779, 57, 57, 57, 58, 57, 58, 112, 57, 58, 113, 57, 58, 57, 58, 113, 57, 781, 782,
            726, 727, 57, 57, 57, 57, 58, 58, 112, 57, 58, 57, 58, 57, 57, 58, 57, 58, 723, 724,
            781, 782, 57, 57, 57, 57, 58, 113, 57, 58, 57, 57, 58, 57, 57, 57, 58, 57, 778, 779,
            723, 724, 726, 727, 723, 724, 726, 727, 723, 724, 720, 721, 726, 727, 723, 724, 726, 727, 726, 727,
            778, 779, 781, 782, 778, 779, 781, 782, 778, 779, 775, 776, 781, 782, 778, 779, 781, 782, 781, 782],
         "height":20,
         "id":1,
         "name":"floor",
         "opacity":1,
         "type":"tilelayer",
         "visible":true,
         "width":20,
         "x":0,
         "y":0
        }, 
        {
         "draworder":"topdown",
         "id":5,
         "name":"\u0421\u043b\u043e\u0439 \u043e\u0431\u044a\u0435\u043a\u0442\u043e\u0432 1",
         "objects":[
                {
                 "gid":1062,
                 "height":14.2798060634383,
                 "id":30,
                 "name":"house1",
                 "rotation":0,
                 "type":"House",
                 "visible":true,
                 "width":14.2798060634383,
                 "x":288,
                 "y":320
                }, 
                {
                 "gid":1063,
                 "height":15.775220515217,
                 "id":31,
                 "name":"house2",
                 "rotation":0,
                 "type":"House",
                 "visible":true,
                 "width":15.775220515217,
                 "x":320,
                 "y":320
                }, 
                {
                 "gid":1117,
                 "height":15.0275132893277,
                 "id":32,
                 "name":"house3",
                 "rotation":0,
                 "type":"House",
                 "visible":true,
                 "width":15.0275132893277,
                 "x":288,
                 "y":352
                }, 
                {
                 "gid":1118,
                 "height":16.5229277411063,
                 "id":33,
                 "name":"house4",
                 "rotation":0,
                 "type":"House",
                 "visible":true,
                 "width":16.5229277411063,
                 "x":320,
                 "y":352
                }, 
                {
                 "gid":1454,
                 "height":20.0366843857702,
                 "id":34,
                 "name":"stone4",
                 "rotation":0,
                 "type":"Stone",
                 "visible":true,
                 "width":21.8152198738184,
                 "x":516.203122319067,
                 "y":124.261463870553
                }, 
                {
                 "gid":1454,
                 "height":22.2798060634383,
                 "id":36,
                 "name":"stone4",
                 "rotation":0,
                 "type":"Stone",
                 "visible":true,
                 "width":22.2798060634383,
                 "x":452.486243355336,
                 "y":186.018342192885
                }, 
                {
                 "gid":1454,
                 "height":22.2798060634383,
                 "id":37,
                 "name":"stone4",
                 "rotation":0,
                 "type":"Stone",
                 "visible":true,
                 "width":22.2798060634383,
                 "x":100.486243355336,
                 "y":124.261463870553
                }, 
                {
                 "gid":1454,
                 "height":20.7843916116595,
                 "id":39,
                 "name":"stone4",
                 "rotation":0,
                 "type":"Stone",
                 "visible":true,
                 "width":20.7843916116595,
                 "x":165.981657807115,
                 "y":186.766049418774
                }, 
                {
                 "gid":1454,
                 "height":20.7843916116596,
                 "id":40,
                 "name":"stone4",
                 "rotation":0,
                 "type":"Stone",
                 "visible":true,
                 "width":22.2798060634383,
                 "x":99.7385361294468,
                 "y":538.766049418775
                }, 
                {
                 "gid":1454,
                 "height":12.5596121268766,
                 "id":42,
                 "name":"stone4",
                 "rotation":0,
                 "type":"Stone",
                 "visible":true,
                 "width":11.8119049009872,
                 "x":165.233950581226,
                 "y":467.288977159881
                }, 
                {
                 "gid":1454,
                 "height":18.8042990479421,
                 "id":43,
                 "name":"stone4",
                 "rotation":0,
                 "type":"Stone",
                 "visible":true,
                 "width":19.2889771598808,
                 "x":516.486243355336,
                 "y":537.533664080947
                }, 
                {
                 "gid":1454,
                 "height":20.0366843857702,
                 "id":45,
                 "name":"stone4",
                 "rotation":0,
                 "type":"Stone",
                 "visible":true,
                 "width":20.0366843857702,
                 "x":453.233950581226,
                 "y":473.270634966996
                }, 
                {
                 "gid":1456,
                 "height":17.7935627081021,
                 "id":46,
                 "name":"stone6",
                 "rotation":0,
                 "type":"Stone",
                 "visible":true,
                 "width":17.0458554822127,
                 "x":183.027513289328,
                 "y":328.82107599743
                }, 
                {
                 "gid":1456,
                 "height":17.05,
                 "id":47,
                 "name":"stone6",
                 "rotation":0,
                 "type":"Stone",
                 "visible":true,
                 "width":17.05,
                 "x":310.137741690519,
                 "y":233.265961796834
                }, 
                {
                 "gid":2147485104,
                 "height":17.79,
                 "id":48,
                 "name":"stone6",
                 "rotation":0,
                 "type":"Stone",
                 "visible":true,
                 "width":17.05,
                 "x":436.188095099013,
                 "y":329.568783223319
                }, 
                {
                 "gid":1456,
                 "height":16.2981482563234,
                 "id":49,
                 "name":"stone6",
                 "rotation":0,
                 "type":"Stone",
                 "visible":true,
                 "width":16.2981482563234,
                 "x":310.5732811496,
                 "y":456.082715111864
                }, 
                {
                 "height":640,
                 "id":52,
                 "name":"block",
                 "rotation":0,
                 "type":"Block",
                 "visible":true,
                 "width":64,
                 "x":0,
                 "y":0
                }, 
                {
                 "height":64,
                 "id":56,
                 "name":"block",
                 "rotation":0,
                 "type":"Block",
                 "visible":true,
                 "width":576,
                 "x":64,
                 "y":0
                }, 
                {
                 "height":576,
                 "id":61,
                 "name":"block",
                 "rotation":0,
                 "type":"Block",
                 "visible":true,
                 "width":64,
                 "x":576,
                 "y":64
                }, 
                {
                 "height":34.8394181903149,
                 "id":62,
                 "name":"block",
                 "rotation":0,
                 "type":"Block",
                 "visible":true,
                 "width":512,
                 "x":64,
                 "y":605.160581809685
                },
            
                {
                 "gid":1467,
                 "height":21.5320988375489,
                 "id":67,
                 "name":"zDown1",
                 "rotation":0,
                 "type":"Player",
                 "visible":true,
                 "width":19.2889771598808,
                 "x":288.31684093697,
                 "y":416.023365850809
                }],
         "opacity":1,
         "type":"objectgroup",
         "visible":true,
         "x":0,
         "y":0
        }],
 "nextlayerid":7,
 "nextobjectid":69,
 "orientation":"orthogonal",
 "renderorder":"right-down",
 "tiledversion":"git",
 "tileheight":32,
 "tilesets":[
        {
         "columns":55,
         "firstgid":1,
         "image":"..\/image\/floor.png",
         "imageheight":704,
         "imagewidth":1760,
         "margin":0,
         "name":"floor",
         "spacing":0,
         "tilecount":1210,
         "tileheight":32,
         "tilewidth":32
        }, 
        {
         "columns":16,
         "firstgid":1211,
         "image":"..\/image\/stones.png",
         "imageheight":512,
         "imagewidth":512,
         "margin":0,
         "name":"stones",
         "spacing":0,
         "tilecount":256,
         "tileheight":32,
         "tilewidth":32
        }, 
        {
         "columns":11,
         "firstgid":1467,
         "image":"..\/image\/zombie.png",
         "imageheight":128,
         "imagewidth":352,
         "margin":0,
         "name":"zombie",
         "spacing":0,
         "tilecount":44,
         "tileheight":32,
         "tiles":[
                {
                 "id":0,
                 "objectgroup":
                    {
                     "draworder":"index",
                     "name":"",
                     "objects":[
                            {
                             "height":26.749226006192,
                             "id":1,
                             "name":"",
                             "rotation":0,
                             "type":"",
                             "visible":true,
                             "width":12.3013415892673,
                             "x":8.83384932920537,
                             "y":5.03611971104231
                            }],
                     "opacity":1,
                     "type":"objectgroup",
                     "visible":true,
                     "x":0,
                     "y":0
                    }
                }, 
                {
                 "id":11,
                 "objectgroup":
                    {
                     "draworder":"index",
                     "name":"",
                     "objects":[
                            {
                             "height":27.3327828241123,
                             "id":1,
                             "name":"",
                             "rotation":0,
                             "type":"",
                             "visible":true,
                             "width":12.4690338563171,
                             "x":9.57886044591247,
                             "y":4.78943022295624
                            }],
                     "opacity":1,
                     "type":"objectgroup",
                     "visible":true,
                     "x":0,
                     "y":0
                    }
                }, 
                {
                 "id":22,
                 "objectgroup":
                    {
                     "draworder":"index",
                     "name":"",
                     "objects":[
                            {
                             "height":27.8282411230388,
                             "id":1,
                             "name":"",
                             "rotation":0,
                             "type":"",
                             "visible":true,
                             "width":12.7167630057803,
                             "x":10.5697770437655,
                             "y":4.12881915772089
                            }],
                     "opacity":1,
                     "type":"objectgroup",
                     "visible":true,
                     "x":0,
                     "y":0
                    }
                }, 
                {
                 "id":33,
                 "objectgroup":
                    {
                     "draworder":"index",
                     "name":"",
                     "objects":[
                            {
                             "height":27.4153592072667,
                             "id":1,
                             "name":"",
                             "rotation":0,
                             "type":"",
                             "visible":true,
                             "width":12.7993393889348,
                             "x":8.42279108175062,
                             "y":4.54170107349298
                            }],
                     "opacity":1,
                     "type":"objectgroup",
                     "visible":true,
                     "x":0,
                     "y":0
                    }
                }, 
                {
                 "id":42,
                 "objectgroup":
                    {
                     "draworder":"index",
                     "name":"",
                     "objects":[
                            {
                             "height":26.4244426094137,
                             "id":1,
                             "name":"",
                             "rotation":0,
                             "type":"",
                             "visible":true,
                             "width":12.7993393889348,
                             "x":7.51445086705202,
                             "y":5.61519405450041
                            }],
                     "opacity":1,
                     "type":"objectgroup",
                     "visible":true,
                     "x":0,
                     "y":0
                    }
                }],
         "tilewidth":32
        }],
 "tilewidth":32,
 "type":"map",
 "version":"1.10",
 "width":20
}