{ "compressionlevel":-1,
 "editorsettings":
    {
     "export":
        {
         "format":"json",
         "target":"secondMap.json"
        }
    },
 "height":20,
 "infinite":false,
 "layers":[
        {
         "data":[937, 891, 892, 937, 720, 721, 889, 720, 721, 937, 717, 889, 891, 892, 891, 892, 717, 940, 946, 947,
            937, 946, 947, 943, 775, 776, 944, 775, 776, 937, 772, 944, 946, 947, 946, 947, 772, 940, 946, 947,
            940, 941, 57, 58, 58, 58, 57, 58, 58, 113, 57, 57, 58, 57, 58, 58, 113, 113, 946, 947,
            717, 941, 58, 58, 113, 57, 58, 58, 57, 58, 58, 57, 58, 58, 113, 113, 57, 58, 946, 937,
            772, 938, 58, 113, 57, 57, 58, 113, 57, 58, 57, 57, 58, 113, 112, 113, 58, 58, 717, 937,
            937, 937, 58, 57, 57, 58, 113, 57, 58, 58, 57, 58, 113, 58, 112, 113, 57, 58, 772, 937,
            940, 941, 58, 57, 58, 58, 57, 57, 58, 113, 57, 58, 58, 58, 112, 57, 58, 113, 946, 947,
            946, 947, 113, 57, 58, 113, 112, 57, 57, 57, 58, 113, 58, 57, 57, 57, 58, 113, 946, 947,
            940, 941, 57, 58, 58, 57, 112, 112, 57, 57, 57, 57, 57, 57, 57, 58, 113, 112, 946, 947,
            940, 941, 57, 58, 113, 112, 57, 57, 112, 112, 57, 112, 112, 57, 58, 58, 112, 112, 943, 937,
            946, 947, 57, 57, 57, 57, 112, 112, 57, 57, 112, 112, 113, 57, 58, 113, 57, 57, 946, 947,
            940, 941, 112, 112, 112, 112, 113, 112, 112, 112, 112, 112, 57, 58, 57, 58, 58, 57, 946, 947,
            717, 937, 57, 58, 58, 57, 57, 112, 113, 113, 112, 113, 57, 57, 58, 58, 57, 58, 717, 937,
            772, 937, 57, 58, 57, 57, 112, 113, 113, 57, 112, 57, 57, 58, 58, 57, 58, 57, 772, 937,
            946, 947, 57, 57, 57, 112, 112, 113, 113, 112, 112, 57, 57, 58, 57, 58, 57, 58, 946, 947,
            946, 947, 57, 57, 57, 58, 57, 112, 113, 112, 113, 57, 58, 57, 57, 58, 57, 58, 946, 947,
            723, 724, 57, 57, 58, 58, 112, 113, 112, 112, 113, 57, 57, 57, 57, 57, 58, 58, 940, 941,
            778, 779, 58, 57, 57, 57, 112, 113, 113, 57, 112, 57, 57, 57, 57, 58, 58, 57, 937, 937,
            940, 941, 937, 937, 946, 947, 946, 947, 717, 940, 941, 720, 721, 937, 946, 947, 723, 724, 946, 947,
            940, 941, 943, 937, 946, 947, 940, 941, 772, 940, 941, 775, 776, 937, 946, 947, 778, 779, 946, 947],
         "height":20,
         "id":1,
         "name":"\u0421\u043b\u043e\u0439 \u0442\u0430\u0439\u043b\u043e\u0432 1",
         "opacity":1,
         "type":"tilelayer",
         "visible":true,
         "width":20,
         "x":0,
         "y":0
        }, 
        {
         "draworder":"topdown",
         "id":2,
         "name":"\u0421\u043b\u043e\u0439 \u043e\u0431\u044a\u0435\u043a\u0442\u043e\u0432 1",
         "objects":[
                {
                 "gid":1062,
                 "height":24,
                 "id":2,
                 "name":"house1",
                 "rotation":0,
                 "type":"House",
                 "visible":true,
                 "width":24,
                 "x":288,
                 "y":256
                }, 
                {
                 "gid":1063,
                 "height":24,
                 "id":3,
                 "name":"house2",
                 "rotation":0,
                 "type":"House",
                 "visible":true,
                 "width":24,
                 "x":320,
                 "y":256
                }, 
                {
                 "gid":1117,
                 "height":24,
                 "id":4,
                 "name":"house3",
                 "rotation":0,
                 "type":"House",
                 "visible":true,
                 "width":24,
                 "x":288,
                 "y":288
                }, 
                {
                 "gid":1118,
                 "height":24,
                 "id":5,
                 "name":"house4",
                 "rotation":0,
                 "type":"House",
                 "visible":true,
                 "width":24,
                 "x":320,
                 "y":288
                }, 
                {
                 "gid":1062,
                 "height":24,
                 "id":10,
                 "name":"house1",
                 "rotation":0,
                 "type":"House",
                 "visible":true,
                 "width":24,
                 "x":288,
                 "y":384
                }, 
                {
                 "gid":1063,
                 "height":24,
                 "id":11,
                 "name":"house2",
                 "rotation":0,
                 "type":"House",
                 "visible":true,
                 "width":24,
                 "x":320,
                 "y":384
                }, 
                {
                 "gid":1117,
                 "height":24,
                 "id":12,
                 "name":"house3",
                 "rotation":0,
                 "type":"House",
                 "visible":true,
                 "width":24,
                 "x":288,
                 "y":416
                }, 
                {
                 "gid":1118,
                 "height":24,
                 "id":13,
                 "name":"house4",
                 "rotation":0,
                 "type":"House",
                 "visible":true,
                 "width":24,
                 "x":320,
                 "y":416
                }, 
                {
                 "gid":1355,
                 "height":22,
                 "id":14,
                 "name":"stone2",
                 "rotation":0,
                 "type":"Stone",
                 "visible":true,
                 "width":22,
                 "x":453,
                 "y":188
                }, 
                {
                 "gid":1355,
                 "height":20,
                 "id":15,
                 "name":"stone2",
                 "rotation":0,
                 "type":"Stone",
                 "visible":true,
                 "width":20,
                 "x":391,
                 "y":187
                }, 
                {
                 "gid":1355,
                 "height":20.6666666666667,
                 "id":18,
                 "name":"stone2",
                 "rotation":0,
                 "type":"Stone",
                 "visible":true,
                 "width":20.6666666666667,
                 "x":228.666666666667,
                 "y":188.666666666667
                }, 
                {
                 "gid":1355,
                 "height":22,
                 "id":19,
                 "name":"stone2",
                 "rotation":0,
                 "type":"Stone",
                 "visible":true,
                 "width":22,
                 "x":162,
                 "y":188
                }, 
                {
                 "gid":1355,
                 "height":19,
                 "id":20,
                 "name":"stone2",
                 "rotation":0,
                 "type":"Stone",
                 "visible":true,
                 "width":19,
                 "x":230,
                 "y":474
                }, 
                {
                 "gid":1355,
                 "height":20,
                 "id":21,
                 "name":"stone2",
                 "rotation":0,
                 "type":"Stone",
                 "visible":true,
                 "width":20,
                 "x":165,
                 "y":474
                }, 
                {
                 "gid":1355,
                 "height":20,
                 "id":22,
                 "name":"stone2",
                 "rotation":0,
                 "type":"Stone",
                 "visible":true,
                 "width":20,
                 "x":390,
                 "y":476
                }, 
                {
                 "gid":1355,
                 "height":19,
                 "id":23,
                 "name":"stone2",
                 "rotation":0,
                 "type":"Stone",
                 "visible":true,
                 "width":19,
                 "x":454,
                 "y":474
                }, 
                {
                 "gid":1354,
                 "height":18,
                 "id":26,
                 "name":"stone3",
                 "rotation":0,
                 "type":"Stone",
                 "visible":true,
                 "width":18,
                 "x":166,
                 "y":328
                }, 
                {
                 "gid":1354,
                 "height":16.8362989323841,
                 "id":27,
                 "name":"stone3",
                 "rotation":0,
                 "type":"Stone",
                 "visible":true,
                 "width":18.9999999999997,
                 "x":231.333333333334,
                 "y":329.333333333333
                }, 
                {
                 "gid":1354,
                 "height":20,
                 "id":28,
                 "name":"stone3",
                 "rotation":0,
                 "type":"Stone",
                 "visible":true,
                 "width":20,
                 "x":390,
                 "y":332
                }, 
                {
                 "gid":1354,
                 "height":21,
                 "id":29,
                 "name":"stone3",
                 "rotation":0,
                 "type":"Stone",
                 "visible":true,
                 "width":21,
                 "x":454,
                 "y":331
                },
            
                {
                 "gid":1354,
                 "height":18,
                 "id":30,
                 "name":"stone3",
                 "rotation":0,
                 "type":"Stone",
                 "visible":true,
                 "width":18,
                 "x":103,
                 "y":328
                }, 
                {
                 "gid":1354,
                 "height":18.6666666666667,
                 "id":31,
                 "name":"stone3",
                 "rotation":0,
                 "type":"Stone",
                 "visible":true,
                 "width":18.6666666666667,
                 "x":102,
                 "y":186.666666666667
                }, 
                {
                 "gid":1354,
                 "height":21,
                 "id":32,
                 "name":"stone3",
                 "rotation":0,
                 "type":"Stone",
                 "visible":true,
                 "width":22,
                 "x":517,
                 "y":189
                }, 
                {
                 "gid":1354,
                 "height":20,
                 "id":33,
                 "name":"stone3",
                 "rotation":0,
                 "type":"Stone",
                 "visible":true,
                 "width":20,
                 "x":102,
                 "y":475
                }, 
                {
                 "gid":1354,
                 "height":20,
                 "id":34,
                 "name":"stone3",
                 "rotation":0,
                 "type":"Stone",
                 "visible":true,
                 "width":20,
                 "x":518,
                 "y":474
                }, 
                {
                 "gid":1354,
                 "height":19,
                 "id":35,
                 "name":"stone3",
                 "rotation":0,
                 "type":"Stone",
                 "visible":true,
                 "width":19,
                 "x":518,
                 "y":331
                }, 
                {
                 "gid":1354,
                 "height":20,
                 "id":36,
                 "name":"stone3",
                 "rotation":0,
                 "type":"Stone",
                 "visible":true,
                 "width":20,
                 "x":166,
                 "y":539
                }, 
                {
                 "gid":1354,
                 "height":18,
                 "id":37,
                 "name":"stone3",
                 "rotation":0,
                 "type":"Stone",
                 "visible":true,
                 "width":18,
                 "x":455,
                 "y":536
                }, 
                {
                 "gid":1354,
                 "height":16,
                 "id":38,
                 "name":"stone3",
                 "rotation":0,
                 "type":"Stone",
                 "visible":true,
                 "width":16,
                 "x":456,
                 "y":122
                }, 
                {
                 "gid":1354,
                 "height":19.3333333333333,
                 "id":39,
                 "name":"stone3",
                 "rotation":0,
                 "type":"Stone",
                 "visible":true,
                 "width":19.3333333333333,
                 "x":164.666666666667,
                 "y":122.666666666667
                }, 
                {
                 "gid":2586,
                 "height":15.9625468164793,
                 "id":42,
                 "name":"zDown1",
                 "rotation":0,
                 "type":"Player",
                 "visible":true,
                 "width":16.1439393939393,
                 "x":310.333333333333,
                 "y":326.666666666667
                }],
         "opacity":1,
         "type":"objectgroup",
         "visible":true,
         "x":0,
         "y":0
        }],
 "nextlayerid":3,
 "nextobjectid":43,
 "orientation":"orthogonal",
 "renderorder":"right-down",
 "tiledversion":"git",
 "tileheight":32,
 "tilesets":[
        {
         "columns":55,
         "firstgid":1,
         "image":"..\/..\/sprites\/tilesImage.png",
         "imageheight":800,
         "imagewidth":1760,
         "margin":0,
         "name":"tilesImage",
         "spacing":0,
         "tilecount":1375,
         "tileheight":32,
         "tilewidth":32
        }, 
        {
         "columns":55,
         "firstgid":1376,
         "image":"..\/..\/sprites\/tilesImage.png",
         "imageheight":800,
         "imagewidth":1760,
         "margin":0,
         "name":"tilesImage",
         "spacing":0,
         "tilecount":1375,
         "tileheight":32,
         "tilewidth":32
        }],
 "tilewidth":32,
 "type":"map",
 "version":"1.10",
 "width":20
}