{ "data" : [{"date" : "11/22/2023","price" : 191.31},{"date" : "11/21/2023","price" : 190.64},{"date" : "11/20/2023","price" : 191.45},{"date" : "11/17/2023","price" : 189.69},{"date" : "11/16/2023","price" : 189.71},{"date" : "11/15/2023","price" : 188.01},{"date" : "11/14/2023","price" : 187.44},{"date" : "11/13/2023","price" : 184.8},{"date" : "11/10/2023","price" : 186.4},{"date" : "11/09/2023","price" : 182.41},{"date" : "11/08/2023","price" : 182.89},{"date" : "11/07/2023","price" : 181.82},{"date" : "11/06/2023","price" : 179.23},{"date" : "11/03/2023","price" : 176.65},{"date" : "11/02/2023","price" : 177.57},{"date" : "11/01/2023","price" : 173.97},{"date" : "10/31/2023","price" : 170.77},{"date" : "10/30/2023","price" : 170.29},{"date" : "10/27/2023","price" : 168.22},{"date" : "10/26/2023","price" : 166.89},{"date" : "10/25/2023","price" : 171.1},{"date" : "10/24/2023","price" : 173.44},{"date" : "10/23/2023","price" : 173.0},{"date" : "10/20/2023","price" : 172.88},{"date" : "10/19/2023","price" : 175.46},{"date" : "10/18/2023","price" : 175.84},{"date" : "10/17/2023","price" : 177.15},{"date" : "10/16/2023","price" : 178.72},{"date" : "10/13/2023","price" : 178.85},{"date" : "10/12/2023","price" : 180.71},{"date" : "10/11/2023","price" : 179.8},{"date" : "10/10/2023","price" : 178.39},{"date" : "10/09/2023","price" : 178.99},{"date" : "10/06/2023","price" : 177.49},{"date" : "10/05/2023","price" : 174.91},{"date" : "10/04/2023","price" : 173.66},{"date" : "10/03/2023","price" : 172.4},{"date" : "10/02/2023","price" : 173.75},{"date" : "09/29/2023","price" : 171.21},{"date" : "09/28/2023","price" : 170.69},{"date" : "09/27/2023","price" : 170.43},{"date" : "09/26/2023","price" : 171.96},{"date" : "09/25/2023","price" : 176.08},{"date" : "09/22/2023","price" : 174.79},{"date" : "09/21/2023","price" : 173.93},{"date" : "09/20/2023","price" : 175.49},{"date" : "09/19/2023","price" : 179.07},{"date" : "09/18/2023","price" : 177.97},{"date" : "09/15/2023","price" : 175.01},{"date" : "09/14/2023","price" : 175.74},{"date" : "09/13/2023","price" : 174.21},{"date" : "09/12/2023","price" : 176.3},{"date" : "09/11/2023","price" : 179.36},{"date" : "09/08/2023","price" : 178.18},{"date" : "09/07/2023","price" : 177.56},{"date" : "09/06/2023","price" : 182.91},{"date" : "09/05/2023","price" : 189.7},{"date" : "09/01/2023","price" : 189.46},{"date" : "08/31/2023","price" : 187.87},{"date" : "08/30/2023","price" : 187.65},{"date" : "08/29/2023","price" : 184.12},{"date" : "08/28/2023","price" : 180.19},{"date" : "08/25/2023","price" : 178.61},{"date" : "08/24/2023","price" : 176.38},{"date" : "08/23/2023","price" : 181.12},{"date" : "08/22/2023","price" : 177.23},{"date" : "08/21/2023","price" : 175.84},{"date" : "08/18/2023","price" : 174.49},{"date" : "08/17/2023","price" : 174.0},{"date" : "08/16/2023","price" : 176.57},{"date" : "08/15/2023","price" : 177.45},{"date" : "08/14/2023","price" : 179.46},{"date" : "08/11/2023","price" : 177.79},{"date" : "08/10/2023","price" : 177.97},{"date" : "08/09/2023","price" : 178.19},{"date" : "08/08/2023","price" : 179.8},{"date" : "08/07/2023","price" : 178.85},{"date" : "08/04/2023","price" : 181.99},{"date" : "08/03/2023","price" : 191.17},{"date" : "08/02/2023","price" : 192.58},{"date" : "08/01/2023","price" : 195.605},{"date" : "07/31/2023","price" : 196.45},{"date" : "07/28/2023","price" : 195.83},{"date" : "07/27/2023","price" : 193.22},{"date" : "07/26/2023","price" : 194.5},{"date" : "07/25/2023","price" : 193.62},{"date" : "07/24/2023","price" : 192.75},{"date" : "07/21/2023","price" : 191.94},{"date" : "07/20/2023","price" : 193.13},{"date" : "07/19/2023","price" : 195.1},{"date" : "07/18/2023","price" : 193.73},{"date" : "07/17/2023","price" : 193.99},{"date" : "07/14/2023","price" : 190.69},{"date" : "07/13/2023","price" : 190.54},{"date" : "07/12/2023","price" : 189.77},{"date" : "07/11/2023","price" : 188.08},{"date" : "07/10/2023","price" : 188.61},{"date" : "07/07/2023","price" : 190.68},{"date" : "07/06/2023","price" : 191.81},{"date" : "07/05/2023","price" : 191.33},{"date" : "07/03/2023","price" : 192.46},{"date" : "06/30/2023","price" : 193.97},{"date" : "06/29/2023","price" : 189.59},{"date" : "06/28/2023","price" : 189.25},{"date" : "06/27/2023","price" : 188.06},{"date" : "06/26/2023","price" : 185.27},{"date" : "06/23/2023","price" : 186.68},{"date" : "06/22/2023","price" : 187.0},{"date" : "06/21/2023","price" : 183.96},{"date" : "06/20/2023","price" : 185.01},{"date" : "06/16/2023","price" : 184.92},{"date" : "06/15/2023","price" : 186.01},{"date" : "06/14/2023","price" : 183.95},{"date" : "06/13/2023","price" : 183.31},{"date" : "06/12/2023","price" : 183.79},{"date" : "06/09/2023","price" : 180.96},{"date" : "06/08/2023","price" : 180.57},{"date" : "06/07/2023","price" : 177.82},{"date" : "06/06/2023","price" : 179.21},{"date" : "06/05/2023","price" : 179.58},{"date" : "06/02/2023","price" : 180.95},{"date" : "06/01/2023","price" : 180.09},{"date" : "05/31/2023","price" : 177.25},{"date" : "05/30/2023","price" : 177.3},{"date" : "05/26/2023","price" : 175.43},{"date" : "05/25/2023","price" : 172.99},{"date" : "05/24/2023","price" : 171.84},{"date" : "05/23/2023","price" : 171.56},{"date" : "05/22/2023","price" : 174.2},{"date" : "05/19/2023","price" : 175.16},{"date" : "05/18/2023","price" : 175.05},{"date" : "05/17/2023","price" : 172.69},{"date" : "05/16/2023","price" : 172.07},{"date" : "05/15/2023","price" : 172.07},{"date" : "05/12/2023","price" : 172.57},{"date" : "05/11/2023","price" : 173.75},{"date" : "05/10/2023","price" : 173.555},{"date" : "05/09/2023","price" : 171.77},{"date" : "05/08/2023","price" : 173.5},{"date" : "05/05/2023","price" : 173.57},{"date" : "05/04/2023","price" : 165.79},{"date" : "05/03/2023","price" : 167.45},{"date" : "05/02/2023","price" : 168.54},{"date" : "05/01/2023","price" : 169.59},{"date" : "04/28/2023","price" : 169.68},{"date" : "04/27/2023","price" : 168.41},{"date" : "04/26/2023","price" : 163.76},{"date" : "04/25/2023","price" : 163.77},{"date" : "04/24/2023","price" : 165.33},{"date" : "04/21/2023","price" : 165.02},{"date" : "04/20/2023","price" : 166.65},{"date" : "04/19/2023","price" : 167.63},{"date" : "04/18/2023","price" : 166.47},{"date" : "04/17/2023","price" : 165.23},{"date" : "04/14/2023","price" : 165.21},{"date" : "04/13/2023","price" : 165.56},{"date" : "04/12/2023","price" : 160.1},{"date" : "04/11/2023","price" : 160.8},{"date" : "04/10/2023","price" : 162.03},{"date" : "04/06/2023","price" : 164.66},{"date" : "04/05/2023","price" : 163.76},{"date" : "04/04/2023","price" : 165.63},{"date" : "04/03/2023","price" : 166.17},{"date" : "03/31/2023","price" : 164.9},{"date" : "03/30/2023","price" : 162.36},{"date" : "03/29/2023","price" : 160.77},{"date" : "03/28/2023","price" : 157.65},{"date" : "03/27/2023","price" : 158.28},{"date" : "03/24/2023","price" : 160.25},{"date" : "03/23/2023","price" : 158.93},{"date" : "03/22/2023","price" : 157.83},{"date" : "03/21/2023","price" : 159.28},{"date" : "03/20/2023","price" : 157.4},{"date" : "03/17/2023","price" : 155.0},{"date" : "03/16/2023","price" : 155.85},{"date" : "03/15/2023","price" : 152.99},{"date" : "03/14/2023","price" : 152.59},{"date" : "03/13/2023","price" : 150.47},{"date" : "03/10/2023","price" : 148.5},{"date" : "03/09/2023","price" : 150.59},{"date" : "03/08/2023","price" : 152.87},{"date" : "03/07/2023","price" : 151.6},{"date" : "03/06/2023","price" : 153.83},{"date" : "03/03/2023","price" : 151.03},{"date" : "03/02/2023","price" : 145.91},{"date" : "03/01/2023","price" : 145.31},{"date" : "02/28/2023","price" : 147.41},{"date" : "02/27/2023","price" : 147.92},{"date" : "02/24/2023","price" : 146.71},{"date" : "02/23/2023","price" : 149.4},{"date" : "02/22/2023","price" : 148.91},{"date" : "02/21/2023","price" : 148.48},{"date" : "02/17/2023","price" : 152.55},{"date" : "02/16/2023","price" : 153.71},{"date" : "02/15/2023","price" : 155.33},{"date" : "02/14/2023","price" : 153.2},{"date" : "02/13/2023","price" : 153.85},{"date" : "02/10/2023","price" : 151.01},{"date" : "02/09/2023","price" : 150.87},{"date" : "02/08/2023","price" : 151.92},{"date" : "02/07/2023","price" : 154.65},{"date" : "02/06/2023","price" : 151.73},{"date" : "02/03/2023","price" : 154.5},{"date" : "02/02/2023","price" : 150.82},{"date" : "02/01/2023","price" : 145.43},{"date" : "01/31/2023","price" : 144.29},{"date" : "01/30/2023","price" : 143.0},{"date" : "01/27/2023","price" : 145.93},{"date" : "01/26/2023","price" : 143.96},{"date" : "01/25/2023","price" : 141.86},{"date" : "01/24/2023","price" : 142.53},{"date" : "01/23/2023","price" : 141.11},{"date" : "01/20/2023","price" : 137.87},{"date" : "01/19/2023","price" : 135.27},{"date" : "01/18/2023","price" : 135.21},{"date" : "01/17/2023","price" : 135.94},{"date" : "01/13/2023","price" : 134.76},{"date" : "01/12/2023","price" : 133.41},{"date" : "01/11/2023","price" : 133.49},{"date" : "01/10/2023","price" : 130.73},{"date" : "01/09/2023","price" : 130.15},{"date" : "01/06/2023","price" : 129.62},{"date" : "01/05/2023","price" : 125.02},{"date" : "01/04/2023","price" : 126.36},{"date" : "01/03/2023","price" : 125.07},{"date" : "12/30/2022","price" : 129.93},{"date" : "12/29/2022","price" : 129.61},{"date" : "12/28/2022","price" : 126.04},{"date" : "12/27/2022","price" : 130.03},{"date" : "12/23/2022","price" : 131.86},{"date" : "12/22/2022","price" : 132.23},{"date" : "12/21/2022","price" : 135.45},{"date" : "12/20/2022","price" : 132.3},{"date" : "12/19/2022","price" : 132.37},{"date" : "12/16/2022","price" : 134.51},{"date" : "12/15/2022","price" : 136.5},{"date" : "12/14/2022","price" : 143.21},{"date" : "12/13/2022","price" : 145.47},{"date" : "12/12/2022","price" : 144.49},{"date" : "12/09/2022","price" : 142.16},{"date" : "12/08/2022","price" : 142.65},{"date" : "12/07/2022","price" : 140.94},{"date" : "12/06/2022","price" : 142.91},{"date" : "12/05/2022","price" : 146.63},{"date" : "12/02/2022","price" : 147.81},{"date" : "12/01/2022","price" : 148.31},{"date" : "11/30/2022","price" : 148.03},{"date" : "11/29/2022","price" : 141.17},{"date" : "11/28/2022","price" : 144.22},{"date" : "11/25/2022","price" : 148.11},{"date" : "11/23/2022","price" : 151.07},{"date" : "11/22/2022","price" : 150.18},{"date" : "11/21/2022","price" : 148.01},{"date" : "11/18/2022","price" : 151.29},{"date" : "11/17/2022","price" : 150.72},{"date" : "11/16/2022","price" : 148.79},{"date" : "11/15/2022","price" : 150.04},{"date" : "11/14/2022","price" : 148.28},{"date" : "11/11/2022","price" : 149.7},{"date" : "11/10/2022","price" : 146.87},{"date" : "11/09/2022","price" : 134.87},{"date" : "11/08/2022","price" : 139.5},{"date" : "11/07/2022","price" : 138.92},{"date" : "11/04/2022","price" : 138.38},{"date" : "11/03/2022","price" : 138.88},{"date" : "11/02/2022","price" : 145.03},{"date" : "11/01/2022","price" : 150.65},{"date" : "10/31/2022","price" : 153.34},{"date" : "10/28/2022","price" : 155.74},{"date" : "10/27/2022","price" : 144.8},{"date" : "10/26/2022","price" : 149.35},{"date" : "10/25/2022","price" : 152.34},{"date" : "10/24/2022","price" : 149.45},{"date" : "10/21/2022","price" : 147.27},{"date" : "10/20/2022","price" : 143.39},{"date" : "10/19/2022","price" : 143.86},{"date" : "10/18/2022","price" : 143.75},{"date" : "10/17/2022","price" : 142.41},{"date" : "10/14/2022","price" : 138.38},{"date" : "10/13/2022","price" : 142.99},{"date" : "10/12/2022","price" : 138.34},{"date" : "10/11/2022","price" : 138.98},{"date" : "10/10/2022","price" : 140.42},{"date" : "10/07/2022","price" : 140.09},{"date" : "10/06/2022","price" : 145.43},{"date" : "10/05/2022","price" : 146.4},{"date" : "10/04/2022","price" : 146.1},{"date" : "10/03/2022","price" : 142.45},{"date" : "09/30/2022","price" : 138.2},{"date" : "09/29/2022","price" : 142.48},{"date" : "09/28/2022","price" : 149.84},{"date" : "09/27/2022","price" : 151.76},{"date" : "09/26/2022","price" : 150.77},{"date" : "09/23/2022","price" : 150.43},{"date" : "09/22/2022","price" : 152.74},{"date" : "09/21/2022","price" : 153.72},{"date" : "09/20/2022","price" : 156.9},{"date" : "09/19/2022","price" : 154.48},{"date" : "09/16/2022","price" : 150.7},{"date" : "09/15/2022","price" : 152.37},{"date" : "09/14/2022","price" : 155.31},{"date" : "09/13/2022","price" : 153.84},{"date" : "09/12/2022","price" : 163.43},{"date" : "09/09/2022","price" : 157.37},{"date" : "09/08/2022","price" : 154.46},{"date" : "09/07/2022","price" : 155.96},{"date" : "09/06/2022","price" : 154.53},{"date" : "09/02/2022","price" : 155.81},{"date" : "09/01/2022","price" : 157.96},{"date" : "08/31/2022","price" : 157.22},{"date" : "08/30/2022","price" : 158.91},{"date" : "08/29/2022","price" : 161.38},{"date" : "08/26/2022","price" : 163.62},{"date" : "08/25/2022","price" : 170.03},{"date" : "08/24/2022","price" : 167.53},{"date" : "08/23/2022","price" : 167.23},{"date" : "08/22/2022","price" : 167.57},{"date" : "08/19/2022","price" : 171.52},{"date" : "08/18/2022","price" : 174.15},{"date" : "08/17/2022","price" : 174.55},{"date" : "08/16/2022","price" : 173.03},{"date" : "08/15/2022","price" : 173.19},{"date" : "08/12/2022","price" : 172.1},{"date" : "08/11/2022","price" : 168.49},{"date" : "08/10/2022","price" : 169.24},{"date" : "08/09/2022","price" : 164.92},{"date" : "08/08/2022","price" : 164.87},{"date" : "08/05/2022","price" : 165.35},{"date" : "08/04/2022","price" : 165.81},{"date" : "08/03/2022","price" : 166.13},{"date" : "08/02/2022","price" : 160.01},{"date" : "08/01/2022","price" : 161.51},{"date" : "07/29/2022","price" : 162.51},{"date" : "07/28/2022","price" : 157.35},{"date" : "07/27/2022","price" : 156.79},{"date" : "07/26/2022","price" : 151.6},{"date" : "07/25/2022","price" : 152.95},{"date" : "07/22/2022","price" : 154.09},{"date" : "07/21/2022","price" : 155.35},{"date" : "07/20/2022","price" : 153.04},{"date" : "07/19/2022","price" : 151.0},{"date" : "07/18/2022","price" : 147.07},{"date" : "07/15/2022","price" : 150.17},{"date" : "07/14/2022","price" : 148.47},{"date" : "07/13/2022","price" : 145.49},{"date" : "07/12/2022","price" : 145.86},{"date" : "07/11/2022","price" : 144.87},{"date" : "07/08/2022","price" : 147.04},{"date" : "07/07/2022","price" : 146.35},{"date" : "07/06/2022","price" : 142.92},{"date" : "07/05/2022","price" : 141.56},{"date" : "07/01/2022","price" : 138.93},{"date" : "06/30/2022","price" : 136.72},{"date" : "06/29/2022","price" : 139.23},{"date" : "06/28/2022","price" : 137.44},{"date" : "06/27/2022","price" : 141.66},{"date" : "06/24/2022","price" : 141.66},{"date" : "06/23/2022","price" : 138.27},{"date" : "06/22/2022","price" : 135.35},{"date" : "06/21/2022","price" : 135.87},{"date" : "06/17/2022","price" : 131.56},{"date" : "06/16/2022","price" : 130.06},{"date" : "06/15/2022","price" : 135.43},{"date" : "06/14/2022","price" : 132.76},{"date" : "06/13/2022","price" : 131.88},{"date" : "06/10/2022","price" : 137.13},{"date" : "06/09/2022","price" : 142.64},{"date" : "06/08/2022","price" : 147.96},{"date" : "06/07/2022","price" : 148.71},{"date" : "06/06/2022","price" : 146.14},{"date" : "06/03/2022","price" : 145.38},{"date" : "06/02/2022","price" : 151.21},{"date" : "06/01/2022","price" : 148.71},{"date" : "05/31/2022","price" : 148.84},{"date" : "05/27/2022","price" : 149.64},{"date" : "05/26/2022","price" : 143.78},{"date" : "05/25/2022","price" : 140.52},{"date" : "05/24/2022","price" : 140.36},{"date" : "05/23/2022","price" : 143.11},{"date" : "05/20/2022","price" : 137.59},{"date" : "05/19/2022","price" : 137.35},{"date" : "05/18/2022","price" : 140.82},{"date" : "05/17/2022","price" : 149.24},{"date" : "05/16/2022","price" : 145.54},{"date" : "05/13/2022","price" : 147.11},{"date" : "05/12/2022","price" : 142.56},{"date" : "05/11/2022","price" : 146.5},{"date" : "05/10/2022","price" : 154.51},{"date" : "05/09/2022","price" : 152.06},{"date" : "05/06/2022","price" : 157.28},{"date" : "05/05/2022","price" : 156.77},{"date" : "05/04/2022","price" : 166.02},{"date" : "05/03/2022","price" : 159.48},{"date" : "05/02/2022","price" : 157.96},{"date" : "04/29/2022","price" : 157.65},{"date" : "04/28/2022","price" : 163.64},{"date" : "04/27/2022","price" : 156.57},{"date" : "04/26/2022","price" : 156.8},{"date" : "04/25/2022","price" : 162.88},{"date" : "04/22/2022","price" : 161.79},{"date" : "04/21/2022","price" : 166.42},{"date" : "04/20/2022","price" : 167.23},{"date" : "04/19/2022","price" : 167.4},{"date" : "04/18/2022","price" : 165.07},{"date" : "04/14/2022","price" : 165.29},{"date" : "04/13/2022","price" : 170.4},{"date" : "04/12/2022","price" : 167.66},{"date" : "04/11/2022","price" : 165.75},{"date" : "04/08/2022","price" : 170.09},{"date" : "04/07/2022","price" : 172.14},{"date" : "04/06/2022","price" : 171.83},{"date" : "04/05/2022","price" : 175.06},{"date" : "04/04/2022","price" : 178.44},{"date" : "04/01/2022","price" : 174.31},{"date" : "03/31/2022","price" : 174.61},{"date" : "03/30/2022","price" : 177.77},{"date" : "03/29/2022","price" : 178.96},{"date" : "03/28/2022","price" : 175.6},{"date" : "03/25/2022","price" : 174.72},{"date" : "03/24/2022","price" : 174.07},{"date" : "03/23/2022","price" : 170.21},{"date" : "03/22/2022","price" : 168.82},{"date" : "03/21/2022","price" : 165.38},{"date" : "03/18/2022","price" : 163.98},{"date" : "03/17/2022","price" : 160.62},{"date" : "03/16/2022","price" : 159.59},{"date" : "03/15/2022","price" : 155.09},{"date" : "03/14/2022","price" : 150.62},{"date" : "03/11/2022","price" : 154.73},{"date" : "03/10/2022","price" : 158.52},{"date" : "03/09/2022","price" : 162.95},{"date" : "03/08/2022","price" : 157.44},{"date" : "03/07/2022","price" : 159.3},{"date" : "03/04/2022","price" : 163.17},{"date" : "03/03/2022","price" : 166.23},{"date" : "03/02/2022","price" : 166.56},{"date" : "03/01/2022","price" : 163.2},{"date" : "02/28/2022","price" : 165.12},{"date" : "02/25/2022","price" : 164.85},{"date" : "02/24/2022","price" : 162.74},{"date" : "02/23/2022","price" : 160.07},{"date" : "02/22/2022","price" : 164.32},{"date" : "02/18/2022","price" : 167.3},{"date" : "02/17/2022","price" : 168.88},{"date" : "02/16/2022","price" : 172.55},{"date" : "02/15/2022","price" : 172.79},{"date" : "02/14/2022","price" : 168.88},{"date" : "02/11/2022","price" : 168.64},{"date" : "02/10/2022","price" : 172.12},{"date" : "02/09/2022","price" : 176.28},{"date" : "02/08/2022","price" : 174.83},{"date" : "02/07/2022","price" : 171.66},{"date" : "02/04/2022","price" : 172.39},{"date" : "02/03/2022","price" : 172.9},{"date" : "02/02/2022","price" : 175.84},{"date" : "02/01/2022","price" : 174.61},{"date" : "01/31/2022","price" : 174.78},{"date" : "01/28/2022","price" : 170.33},{"date" : "01/27/2022","price" : 159.22},{"date" : "01/26/2022","price" : 159.69},{"date" : "01/25/2022","price" : 159.78},{"date" : "01/24/2022","price" : 161.62},{"date" : "01/21/2022","price" : 162.41},{"date" : "01/20/2022","price" : 164.51},{"date" : "01/19/2022","price" : 166.23},{"date" : "01/18/2022","price" : 169.8},{"date" : "01/14/2022","price" : 173.07},{"date" : "01/13/2022","price" : 172.19},{"date" : "01/12/2022","price" : 175.53},{"date" : "01/11/2022","price" : 175.08},{"date" : "01/10/2022","price" : 172.19},{"date" : "01/07/2022","price" : 172.17},{"date" : "01/06/2022","price" : 172.0},{"date" : "01/05/2022","price" : 174.92},{"date" : "01/04/2022","price" : 179.7},{"date" : "01/03/2022","price" : 182.01},{"date" : "12/31/2021","price" : 177.57},{"date" : "12/30/2021","price" : 178.2},{"date" : "12/29/2021","price" : 179.38},{"date" : "12/28/2021","price" : 179.29},{"date" : "12/27/2021","price" : 180.33},{"date" : "12/23/2021","price" : 176.28},{"date" : "12/22/2021","price" : 175.64},{"date" : "12/21/2021","price" : 172.99},{"date" : "12/20/2021","price" : 169.75},{"date" : "12/17/2021","price" : 171.14},{"date" : "12/16/2021","price" : 172.26},{"date" : "12/15/2021","price" : 179.3},{"date" : "12/14/2021","price" : 174.33},{"date" : "12/13/2021","price" : 175.74},{"date" : "12/10/2021","price" : 179.45},{"date" : "12/09/2021","price" : 174.56},{"date" : "12/08/2021","price" : 175.08},{"date" : "12/07/2021","price" : 171.18},{"date" : "12/06/2021","price" : 165.32},{"date" : "12/03/2021","price" : 161.84},{"date" : "12/02/2021","price" : 163.76},{"date" : "12/01/2021","price" : 164.77},{"date" : "11/30/2021","price" : 165.3},{"date" : "11/29/2021","price" : 160.24},{"date" : "11/26/2021","price" : 156.81},{"date" : "11/24/2021","price" : 161.94},{"date" : "11/23/2021","price" : 161.41},{"date" : "11/22/2021","price" : 161.02},{"date" : "11/19/2021","price" : 160.55},{"date" : "11/18/2021","price" : 157.87},{"date" : "11/17/2021","price" : 153.49},{"date" : "11/16/2021","price" : 151.0},{"date" : "11/15/2021","price" : 150.0},{"date" : "11/12/2021","price" : 149.99},{"date" : "11/11/2021","price" : 147.87},{"date" : "11/10/2021","price" : 147.92},{"date" : "11/09/2021","price" : 150.81},{"date" : "11/08/2021","price" : 150.44},{"date" : "11/05/2021","price" : 151.28},{"date" : "11/04/2021","price" : 150.96},{"date" : "11/03/2021","price" : 151.49},{"date" : "11/02/2021","price" : 150.02},{"date" : "11/01/2021","price" : 148.96},{"date" : "10/29/2021","price" : 149.8},{"date" : "10/28/2021","price" : 152.57},{"date" : "10/27/2021","price" : 148.85},{"date" : "10/26/2021","price" : 149.32},{"date" : "10/25/2021","price" : 148.64},{"date" : "10/22/2021","price" : 148.69},{"date" : "10/21/2021","price" : 149.48},{"date" : "10/20/2021","price" : 149.26},{"date" : "10/19/2021","price" : 148.76},{"date" : "10/18/2021","price" : 146.55},{"date" : "10/15/2021","price" : 144.84},{"date" : "10/14/2021","price" : 143.76},{"date" : "10/13/2021","price" : 140.91},{"date" : "10/12/2021","price" : 141.51},{"date" : "10/11/2021","price" : 142.81},{"date" : "10/08/2021","price" : 142.9},{"date" : "10/07/2021","price" : 143.29},{"date" : "10/06/2021","price" : 142.0},{"date" : "10/05/2021","price" : 141.11},{"date" : "10/04/2021","price" : 139.14},{"date" : "10/01/2021","price" : 142.65},{"date" : "09/30/2021","price" : 141.5},{"date" : "09/29/2021","price" : 142.83},{"date" : "09/28/2021","price" : 141.91},{"date" : "09/27/2021","price" : 145.37},{"date" : "09/24/2021","price" : 146.92},{"date" : "09/23/2021","price" : 146.83},{"date" : "09/22/2021","price" : 145.85},{"date" : "09/21/2021","price" : 143.43},{"date" : "09/20/2021","price" : 142.94},{"date" : "09/17/2021","price" : 146.06},{"date" : "09/16/2021","price" : 148.79},{"date" : "09/15/2021","price" : 149.03},{"date" : "09/14/2021","price" : 148.12},{"date" : "09/13/2021","price" : 149.55},{"date" : "09/10/2021","price" : 148.97},{"date" : "09/09/2021","price" : 154.07},{"date" : "09/08/2021","price" : 155.11},{"date" : "09/07/2021","price" : 156.69},{"date" : "09/03/2021","price" : 154.3},{"date" : "09/02/2021","price" : 153.65},{"date" : "09/01/2021","price" : 152.51},{"date" : "08/31/2021","price" : 151.83},{"date" : "08/30/2021","price" : 153.12},{"date" : "08/27/2021","price" : 148.6},{"date" : "08/26/2021","price" : 147.54},{"date" : "08/25/2021","price" : 148.36},{"date" : "08/24/2021","price" : 149.62},{"date" : "08/23/2021","price" : 149.71},{"date" : "08/20/2021","price" : 148.19},{"date" : "08/19/2021","price" : 146.7},{"date" : "08/18/2021","price" : 146.36},{"date" : "08/17/2021","price" : 150.19},{"date" : "08/16/2021","price" : 151.12},{"date" : "08/13/2021","price" : 149.1},{"date" : "08/12/2021","price" : 148.89},{"date" : "08/11/2021","price" : 145.86},{"date" : "08/10/2021","price" : 145.6},{"date" : "08/09/2021","price" : 146.09},{"date" : "08/06/2021","price" : 146.14},{"date" : "08/05/2021","price" : 147.06},{"date" : "08/04/2021","price" : 146.95},{"date" : "08/03/2021","price" : 147.36},{"date" : "08/02/2021","price" : 145.52},{"date" : "07/30/2021","price" : 145.86},{"date" : "07/29/2021","price" : 145.64},{"date" : "07/28/2021","price" : 144.98},{"date" : "07/27/2021","price" : 146.77},{"date" : "07/26/2021","price" : 148.99},{"date" : "07/23/2021","price" : 148.56},{"date" : "07/22/2021","price" : 146.8},{"date" : "07/21/2021","price" : 145.4},{"date" : "07/20/2021","price" : 146.15},{"date" : "07/19/2021","price" : 142.45},{"date" : "07/16/2021","price" : 146.39},{"date" : "07/15/2021","price" : 148.48},{"date" : "07/14/2021","price" : 149.15},{"date" : "07/13/2021","price" : 145.64},{"date" : "07/12/2021","price" : 144.5},{"date" : "07/09/2021","price" : 145.11},{"date" : "07/08/2021","price" : 143.24},{"date" : "07/07/2021","price" : 144.57},{"date" : "07/06/2021","price" : 142.02},{"date" : "07/02/2021","price" : 139.96},{"date" : "07/01/2021","price" : 137.27},{"date" : "06/30/2021","price" : 136.96},{"date" : "06/29/2021","price" : 136.33},{"date" : "06/28/2021","price" : 134.78},{"date" : "06/25/2021","price" : 133.11},{"date" : "06/24/2021","price" : 133.41},{"date" : "06/23/2021","price" : 133.7},{"date" : "06/22/2021","price" : 133.98},{"date" : "06/21/2021","price" : 132.3},{"date" : "06/18/2021","price" : 130.46},{"date" : "06/17/2021","price" : 131.79},{"date" : "06/16/2021","price" : 130.15},{"date" : "06/15/2021","price" : 129.64},{"date" : "06/14/2021","price" : 130.48},{"date" : "06/11/2021","price" : 127.35},{"date" : "06/10/2021","price" : 126.11},{"date" : "06/09/2021","price" : 127.13},{"date" : "06/08/2021","price" : 126.74},{"date" : "06/07/2021","price" : 125.9},{"date" : "06/04/2021","price" : 125.89},{"date" : "06/03/2021","price" : 123.54},{"date" : "06/02/2021","price" : 125.06},{"date" : "06/01/2021","price" : 124.28},{"date" : "05/28/2021","price" : 124.61},{"date" : "05/27/2021","price" : 125.28},{"date" : "05/26/2021","price" : 126.85},{"date" : "05/25/2021","price" : 126.9},{"date" : "05/24/2021","price" : 127.1},{"date" : "05/21/2021","price" : 125.43},{"date" : "05/20/2021","price" : 127.31},{"date" : "05/19/2021","price" : 124.69},{"date" : "05/18/2021","price" : 124.85},{"date" : "05/17/2021","price" : 126.27},{"date" : "05/14/2021","price" : 127.45},{"date" : "05/13/2021","price" : 124.97},{"date" : "05/12/2021","price" : 122.77},{"date" : "05/11/2021","price" : 125.91},{"date" : "05/10/2021","price" : 126.85},{"date" : "05/07/2021","price" : 130.21},{"date" : "05/06/2021","price" : 129.74},{"date" : "05/05/2021","price" : 128.1},{"date" : "05/04/2021","price" : 127.85},{"date" : "05/03/2021","price" : 132.54},{"date" : "04/30/2021","price" : 131.46},{"date" : "04/29/2021","price" : 133.48},{"date" : "04/28/2021","price" : 133.58},{"date" : "04/27/2021","price" : 134.39},{"date" : "04/26/2021","price" : 134.72},{"date" : "04/23/2021","price" : 134.32},{"date" : "04/22/2021","price" : 131.94},{"date" : "04/21/2021","price" : 133.5},{"date" : "04/20/2021","price" : 133.11},{"date" : "04/19/2021","price" : 134.84},{"date" : "04/16/2021","price" : 134.16},{"date" : "04/15/2021","price" : 134.5},{"date" : "04/14/2021","price" : 132.03},{"date" : "04/13/2021","price" : 134.43},{"date" : "04/12/2021","price" : 131.24},{"date" : "04/09/2021","price" : 132.995},{"date" : "04/08/2021","price" : 130.36},{"date" : "04/07/2021","price" : 127.9},{"date" : "04/06/2021","price" : 126.21},{"date" : "04/05/2021","price" : 125.9},{"date" : "04/01/2021","price" : 123.0},{"date" : "03/31/2021","price" : 122.15},{"date" : "03/30/2021","price" : 119.9},{"date" : "03/29/2021","price" : 121.39},{"date" : "03/26/2021","price" : 121.21},{"date" : "03/25/2021","price" : 120.59},{"date" : "03/24/2021","price" : 120.09},{"date" : "03/23/2021","price" : 122.54},{"date" : "03/22/2021","price" : 123.39},{"date" : "03/19/2021","price" : 119.99},{"date" : "03/18/2021","price" : 120.53},{"date" : "03/17/2021","price" : 124.76},{"date" : "03/16/2021","price" : 125.57},{"date" : "03/15/2021","price" : 123.99},{"date" : "03/12/2021","price" : 121.03},{"date" : "03/11/2021","price" : 121.96},{"date" : "03/10/2021","price" : 119.98},{"date" : "03/09/2021","price" : 121.085},{"date" : "03/08/2021","price" : 116.36},{"date" : "03/05/2021","price" : 121.42},{"date" : "03/04/2021","price" : 120.13},{"date" : "03/03/2021","price" : 122.06},{"date" : "03/02/2021","price" : 125.12},{"date" : "03/01/2021","price" : 127.79},{"date" : "02/26/2021","price" : 121.26},{"date" : "02/25/2021","price" : 120.99},{"date" : "02/24/2021","price" : 125.35},{"date" : "02/23/2021","price" : 125.86},{"date" : "02/22/2021","price" : 126.0},{"date" : "02/19/2021","price" : 129.87},{"date" : "02/18/2021","price" : 129.71},{"date" : "02/17/2021","price" : 130.84},{"date" : "02/16/2021","price" : 133.19},{"date" : "02/12/2021","price" : 135.37},{"date" : "02/11/2021","price" : 135.13},{"date" : "02/10/2021","price" : 135.39},{"date" : "02/09/2021","price" : 136.01},{"date" : "02/08/2021","price" : 136.91},{"date" : "02/05/2021","price" : 136.76},{"date" : "02/04/2021","price" : 137.39},{"date" : "02/03/2021","price" : 133.94},{"date" : "02/02/2021","price" : 134.99},{"date" : "02/01/2021","price" : 134.14},{"date" : "01/29/2021","price" : 131.96},{"date" : "01/28/2021","price" : 137.09},{"date" : "01/27/2021","price" : 142.06},{"date" : "01/26/2021","price" : 143.16},{"date" : "01/25/2021","price" : 142.92},{"date" : "01/22/2021","price" : 139.07},{"date" : "01/21/2021","price" : 136.87},{"date" : "01/20/2021","price" : 132.03},{"date" : "01/19/2021","price" : 127.83},{"date" : "01/15/2021","price" : 127.14},{"date" : "01/14/2021","price" : 128.91},{"date" : "01/13/2021","price" : 130.89},{"date" : "01/12/2021","price" : 128.8},{"date" : "01/11/2021","price" : 128.98},{"date" : "01/08/2021","price" : 132.05},{"date" : "01/07/2021","price" : 130.92},{"date" : "01/06/2021","price" : 126.6},{"date" : "01/05/2021","price" : 131.01},{"date" : "01/04/2021","price" : 129.41},{"date" : "12/31/2020","price" : 132.69},{"date" : "12/30/2020","price" : 133.72},{"date" : "12/29/2020","price" : 134.87},{"date" : "12/28/2020","price" : 136.69},{"date" : "12/24/2020","price" : 131.97},{"date" : "12/23/2020","price" : 130.96},{"date" : "12/22/2020","price" : 131.88},{"date" : "12/21/2020","price" : 128.23},{"date" : "12/18/2020","price" : 126.655},{"date" : "12/17/2020","price" : 128.7},{"date" : "12/16/2020","price" : 127.81},{"date" : "12/15/2020","price" : 127.88},{"date" : "12/14/2020","price" : 121.78},{"date" : "12/11/2020","price" : 122.41},{"date" : "12/10/2020","price" : 123.24},{"date" : "12/09/2020","price" : 121.78},{"date" : "12/08/2020","price" : 124.38},{"date" : "12/07/2020","price" : 123.75},{"date" : "12/04/2020","price" : 122.25},{"date" : "12/03/2020","price" : 122.94},{"date" : "12/02/2020","price" : 123.08},{"date" : "12/01/2020","price" : 122.72},{"date" : "11/30/2020","price" : 119.05},{"date" : "11/27/2020","price" : 116.59},{"date" : "11/25/2020","price" : 116.03},{"date" : "11/24/2020","price" : 115.17},{"date" : "11/23/2020","price" : 113.85},{"date" : "11/20/2020","price" : 117.34},{"date" : "11/19/2020","price" : 118.64},{"date" : "11/18/2020","price" : 118.03},{"date" : "11/17/2020","price" : 119.39},{"date" : "11/16/2020","price" : 120.3},{"date" : "11/13/2020","price" : 119.26},{"date" : "11/12/2020","price" : 119.21},{"date" : "11/11/2020","price" : 119.49},{"date" : "11/10/2020","price" : 115.97},{"date" : "11/09/2020","price" : 116.32},{"date" : "11/06/2020","price" : 118.69},{"date" : "11/05/2020","price" : 119.03},{"date" : "11/04/2020","price" : 114.95},{"date" : "11/03/2020","price" : 110.44},{"date" : "11/02/2020","price" : 108.77},{"date" : "10/30/2020","price" : 108.86},{"date" : "10/29/2020","price" : 115.32},{"date" : "10/28/2020","price" : 111.2},{"date" : "10/27/2020","price" : 116.6},{"date" : "10/26/2020","price" : 115.05},{"date" : "10/23/2020","price" : 115.04},{"date" : "10/22/2020","price" : 115.75},{"date" : "10/21/2020","price" : 116.87},{"date" : "10/20/2020","price" : 117.51},{"date" : "10/19/2020","price" : 115.98},{"date" : "10/16/2020","price" : 119.02},{"date" : "10/15/2020","price" : 120.71},{"date" : "10/14/2020","price" : 121.19},{"date" : "10/13/2020","price" : 121.1},{"date" : "10/12/2020","price" : 124.4},{"date" : "10/09/2020","price" : 116.97},{"date" : "10/08/2020","price" : 114.97},{"date" : "10/07/2020","price" : 115.08},{"date" : "10/06/2020","price" : 113.16},{"date" : "10/05/2020","price" : 116.5},{"date" : "10/02/2020","price" : 113.02},{"date" : "10/01/2020","price" : 116.79},{"date" : "09/30/2020","price" : 115.81},{"date" : "09/29/2020","price" : 114.09},{"date" : "09/28/2020","price" : 114.96},{"date" : "09/25/2020","price" : 112.28},{"date" : "09/24/2020","price" : 108.22},{"date" : "09/23/2020","price" : 107.12},{"date" : "09/22/2020","price" : 111.81},{"date" : "09/21/2020","price" : 110.08},{"date" : "09/18/2020","price" : 106.84},{"date" : "09/17/2020","price" : 110.34},{"date" : "09/16/2020","price" : 112.13},{"date" : "09/15/2020","price" : 115.54},{"date" : "09/14/2020","price" : 115.355},{"date" : "09/11/2020","price" : 112.0},{"date" : "09/10/2020","price" : 113.49},{"date" : "09/09/2020","price" : 117.32},{"date" : "09/08/2020","price" : 112.82},{"date" : "09/04/2020","price" : 120.96},{"date" : "09/03/2020","price" : 120.88},{"date" : "09/02/2020","price" : 131.4},{"date" : "09/01/2020","price" : 134.18},{"date" : "08/31/2020","price" : 129.04},{"date" : "08/28/2020","price" : 124.8075},{"date" : "08/27/2020","price" : 125.01},{"date" : "08/26/2020","price" : 126.5225},{"date" : "08/25/2020","price" : 124.825},{"date" : "08/24/2020","price" : 125.8575},{"date" : "08/21/2020","price" : 124.37},{"date" : "08/20/2020","price" : 118.275},{"date" : "08/19/2020","price" : 115.7075},{"date" : "08/18/2020","price" : 115.5625},{"date" : "08/17/2020","price" : 114.6075},{"date" : "08/14/2020","price" : 114.9075},{"date" : "08/13/2020","price" : 115.01},{"date" : "08/12/2020","price" : 113.01},{"date" : "08/11/2020","price" : 109.375},{"date" : "08/10/2020","price" : 112.7275},{"date" : "08/07/2020","price" : 111.1125},{"date" : "08/06/2020","price" : 113.9025},{"date" : "08/05/2020","price" : 110.0625},{"date" : "08/04/2020","price" : 109.665},{"date" : "08/03/2020","price" : 108.9375},{"date" : "07/31/2020","price" : 106.26},{"date" : "07/30/2020","price" : 96.19},{"date" : "07/29/2020","price" : 95.04},{"date" : "07/28/2020","price" : 93.2525},{"date" : "07/27/2020","price" : 94.81},{"date" : "07/24/2020","price" : 92.615},{"date" : "07/23/2020","price" : 92.845},{"date" : "07/22/2020","price" : 97.2725},{"date" : "07/21/2020","price" : 97.0},{"date" : "07/20/2020","price" : 98.3575},{"date" : "07/17/2020","price" : 96.3275},{"date" : "07/16/2020","price" : 96.5225},{"date" : "07/15/2020","price" : 97.725},{"date" : "07/14/2020","price" : 97.0575},{"date" : "07/13/2020","price" : 95.4775},{"date" : "07/10/2020","price" : 95.92},{"date" : "07/09/2020","price" : 95.6825},{"date" : "07/08/2020","price" : 95.3425},{"date" : "07/07/2020","price" : 93.1725},{"date" : "07/06/2020","price" : 93.4625},{"date" : "07/02/2020","price" : 91.0275},{"date" : "07/01/2020","price" : 91.0275},{"date" : "06/30/2020","price" : 91.2},{"date" : "06/29/2020","price" : 90.445},{"date" : "06/26/2020","price" : 88.4075},{"date" : "06/25/2020","price" : 91.21},{"date" : "06/24/2020","price" : 90.015},{"date" : "06/23/2020","price" : 91.6325},{"date" : "06/22/2020","price" : 89.7175},{"date" : "06/19/2020","price" : 87.43},{"date" : "06/18/2020","price" : 87.9325},{"date" : "06/17/2020","price" : 87.8975},{"date" : "06/16/2020","price" : 88.02},{"date" : "06/15/2020","price" : 85.7475},{"date" : "06/12/2020","price" : 84.7},{"date" : "06/11/2020","price" : 83.975},{"date" : "06/10/2020","price" : 88.21},{"date" : "06/09/2020","price" : 85.9975},{"date" : "06/08/2020","price" : 83.365},{"date" : "06/05/2020","price" : 82.875},{"date" : "06/04/2020","price" : 80.58},{"date" : "06/03/2020","price" : 81.28},{"date" : "06/02/2020","price" : 80.835},{"date" : "06/01/2020","price" : 80.4625},{"date" : "05/29/2020","price" : 79.485},{"date" : "05/28/2020","price" : 79.5625},{"date" : "05/27/2020","price" : 79.5275},{"date" : "05/26/2020","price" : 79.1825},{"date" : "05/22/2020","price" : 79.7225},{"date" : "05/21/2020","price" : 79.2125},{"date" : "05/20/2020","price" : 79.8075},{"date" : "05/19/2020","price" : 78.285},{"date" : "05/18/2020","price" : 78.74},{"date" : "05/15/2020","price" : 76.9275},{"date" : "05/14/2020","price" : 77.385},{"date" : "05/13/2020","price" : 76.9125},{"date" : "05/12/2020","price" : 77.8525},{"date" : "05/11/2020","price" : 78.7525},{"date" : "05/08/2020","price" : 77.5325},{"date" : "05/07/2020","price" : 75.935},{"date" : "05/06/2020","price" : 75.1575},{"date" : "05/05/2020","price" : 74.39},{"date" : "05/04/2020","price" : 73.29},{"date" : "05/01/2020","price" : 72.2675},{"date" : "04/30/2020","price" : 73.45},{"date" : "04/29/2020","price" : 71.9325},{"date" : "04/28/2020","price" : 69.645},{"date" : "04/27/2020","price" : 70.7925},{"date" : "04/24/2020","price" : 70.7425},{"date" : "04/23/2020","price" : 68.7575},{"date" : "04/22/2020","price" : 69.025},{"date" : "04/21/2020","price" : 67.0925},{"date" : "04/20/2020","price" : 69.2325},{"date" : "04/17/2020","price" : 70.7},{"date" : "04/16/2020","price" : 71.6725},{"date" : "04/15/2020","price" : 71.1075},{"date" : "04/14/2020","price" : 71.7625},{"date" : "04/13/2020","price" : 68.3125},{"date" : "04/09/2020","price" : 66.9975},{"date" : "04/08/2020","price" : 66.5175},{"date" : "04/07/2020","price" : 64.8575},{"date" : "04/06/2020","price" : 65.6175},{"date" : "04/03/2020","price" : 60.3525},{"date" : "04/02/2020","price" : 61.2325},{"date" : "04/01/2020","price" : 60.2275},{"date" : "03/31/2020","price" : 63.5725},{"date" : "03/30/2020","price" : 63.7025},{"date" : "03/27/2020","price" : 61.935},{"date" : "03/26/2020","price" : 64.61},{"date" : "03/25/2020","price" : 61.38},{"date" : "03/24/2020","price" : 61.72},{"date" : "03/23/2020","price" : 56.0925},{"date" : "03/20/2020","price" : 57.31},{"date" : "03/19/2020","price" : 61.195},{"date" : "03/18/2020","price" : 61.6675},{"date" : "03/17/2020","price" : 63.215},{"date" : "03/16/2020","price" : 60.5525},{"date" : "03/13/2020","price" : 69.4925},{"date" : "03/12/2020","price" : 62.0575},{"date" : "03/11/2020","price" : 68.8575},{"date" : "03/10/2020","price" : 71.335},{"date" : "03/09/2020","price" : 66.5425},{"date" : "03/06/2020","price" : 72.2575},{"date" : "03/05/2020","price" : 73.23},{"date" : "03/04/2020","price" : 75.685},{"date" : "03/03/2020","price" : 72.33},{"date" : "03/02/2020","price" : 74.7025},{"date" : "02/28/2020","price" : 68.34},{"date" : "02/27/2020","price" : 68.38},{"date" : "02/26/2020","price" : 73.1625},{"date" : "02/25/2020","price" : 72.02},{"date" : "02/24/2020","price" : 74.545},{"date" : "02/21/2020","price" : 78.2625},{"date" : "02/20/2020","price" : 80.075},{"date" : "02/19/2020","price" : 80.905},{"date" : "02/18/2020","price" : 79.75},{"date" : "02/14/2020","price" : 81.2375},{"date" : "02/13/2020","price" : 81.2175},{"date" : "02/12/2020","price" : 81.8},{"date" : "02/11/2020","price" : 79.9025},{"date" : "02/10/2020","price" : 80.3875},{"date" : "02/07/2020","price" : 80.0075},{"date" : "02/06/2020","price" : 81.3025},{"date" : "02/05/2020","price" : 80.3625},{"date" : "02/04/2020","price" : 79.7125},{"date" : "02/03/2020","price" : 77.165},{"date" : "01/31/2020","price" : 77.3775},{"date" : "01/30/2020","price" : 80.9675},{"date" : "01/29/2020","price" : 81.085},{"date" : "01/28/2020","price" : 79.4225},{"date" : "01/27/2020","price" : 77.2375},{"date" : "01/24/2020","price" : 79.5775},{"date" : "01/23/2020","price" : 79.8075},{"date" : "01/22/2020","price" : 79.425},{"date" : "01/21/2020","price" : 79.1425},{"date" : "01/17/2020","price" : 79.6825},{"date" : "01/16/2020","price" : 78.81},{"date" : "01/15/2020","price" : 77.835},{"date" : "01/14/2020","price" : 78.17},{"date" : "01/13/2020","price" : 79.24},{"date" : "01/10/2020","price" : 77.5825},{"date" : "01/09/2020","price" : 77.4075},{"date" : "01/08/2020","price" : 75.7975},{"date" : "01/07/2020","price" : 74.5975},{"date" : "01/06/2020","price" : 74.95},{"date" : "01/03/2020","price" : 74.3575},{"date" : "01/02/2020","price" : 75.0875},{"date" : "12/31/2019","price" : 73.4125},{"date" : "12/30/2019","price" : 72.88},{"date" : "12/27/2019","price" : 72.45},{"date" : "12/26/2019","price" : 72.4775},{"date" : "12/24/2019","price" : 71.0675},{"date" : "12/23/2019","price" : 71.0},{"date" : "12/20/2019","price" : 69.86},{"date" : "12/19/2019","price" : 70.005},{"date" : "12/18/2019","price" : 69.935},{"date" : "12/17/2019","price" : 70.1025},{"date" : "12/16/2019","price" : 69.965},{"date" : "12/13/2019","price" : 68.7875},{"date" : "12/12/2019","price" : 67.865},{"date" : "12/11/2019","price" : 67.6925},{"date" : "12/10/2019","price" : 67.12},{"date" : "12/09/2019","price" : 66.73},{"date" : "12/06/2019","price" : 67.6775},{"date" : "12/05/2019","price" : 66.395},{"date" : "12/04/2019","price" : 65.435},{"date" : "12/03/2019","price" : 64.8625},{"date" : "12/02/2019","price" : 66.04},{"date" : "11/29/2019","price" : 66.8125},{"date" : "11/27/2019","price" : 66.96},{"date" : "11/26/2019","price" : 66.0725},{"date" : "11/25/2019","price" : 66.5925},{"date" : "11/22/2019","price" : 65.445},{"date" : "11/21/2019","price" : 65.5025},{"date" : "11/20/2019","price" : 65.7975},{"date" : "11/19/2019","price" : 66.5725},{"date" : "11/18/2019","price" : 66.775},{"date" : "11/15/2019","price" : 66.44},{"date" : "11/14/2019","price" : 65.66},{"date" : "11/13/2019","price" : 66.1175},{"date" : "11/12/2019","price" : 65.49},{"date" : "11/11/2019","price" : 65.55},{"date" : "11/08/2019","price" : 65.035},{"date" : "11/07/2019","price" : 64.8575},{"date" : "11/06/2019","price" : 64.31},{"date" : "11/05/2019","price" : 64.2825},{"date" : "11/04/2019","price" : 64.375},{"date" : "11/01/2019","price" : 63.955},{"date" : "10/31/2019","price" : 62.19},{"date" : "10/30/2019","price" : 60.815},{"date" : "10/29/2019","price" : 60.8225},{"date" : "10/28/2019","price" : 62.2625},{"date" : "10/25/2019","price" : 61.645},{"date" : "10/24/2019","price" : 60.895},{"date" : "10/23/2019","price" : 60.795},{"date" : "10/22/2019","price" : 59.99},{"date" : "10/21/2019","price" : 60.1275},{"date" : "10/18/2019","price" : 59.1025},{"date" : "10/17/2019","price" : 58.82},{"date" : "10/16/2019","price" : 58.5925},{"date" : "10/15/2019","price" : 58.83},{"date" : "10/14/2019","price" : 58.9675},{"date" : "10/11/2019","price" : 59.0525},{"date" : "10/10/2019","price" : 57.5225},{"date" : "10/09/2019","price" : 56.7575},{"date" : "10/08/2019","price" : 56.1},{"date" : "10/07/2019","price" : 56.765},{"date" : "10/04/2019","price" : 56.7525},{"date" : "10/03/2019","price" : 55.205},{"date" : "10/02/2019","price" : 54.74},{"date" : "10/01/2019","price" : 56.1475},{"date" : "09/30/2019","price" : 55.9925},{"date" : "09/27/2019","price" : 54.705},{"date" : "09/26/2019","price" : 54.9725},{"date" : "09/25/2019","price" : 55.2575},{"date" : "09/24/2019","price" : 54.42},{"date" : "09/23/2019","price" : 54.68},{"date" : "09/20/2019","price" : 54.4325},{"date" : "09/19/2019","price" : 55.24},{"date" : "09/18/2019","price" : 55.6925},{"date" : "09/17/2019","price" : 55.175},{"date" : "09/16/2019","price" : 54.975},{"date" : "09/13/2019","price" : 54.6875},{"date" : "09/12/2019","price" : 55.7713},{"date" : "09/11/2019","price" : 55.8975},{"date" : "09/10/2019","price" : 54.175},{"date" : "09/09/2019","price" : 53.5425},{"date" : "09/06/2019","price" : 53.315},{"date" : "09/05/2019","price" : 53.32},{"date" : "09/04/2019","price" : 52.2975},{"date" : "09/03/2019","price" : 51.425},{"date" : "08/30/2019","price" : 52.185},{"date" : "08/29/2019","price" : 52.2525},{"date" : "08/28/2019","price" : 51.3825},{"date" : "08/27/2019","price" : 51.04},{"date" : "08/26/2019","price" : 51.6225},{"date" : "08/23/2019","price" : 50.66},{"date" : "08/22/2019","price" : 53.115},{"date" : "08/21/2019","price" : 53.16},{"date" : "08/20/2019","price" : 52.59},{"date" : "08/19/2019","price" : 52.5875},{"date" : "08/16/2019","price" : 51.625},{"date" : "08/15/2019","price" : 50.435},{"date" : "08/14/2019","price" : 50.6875},{"date" : "08/13/2019","price" : 52.2425},{"date" : "08/12/2019","price" : 50.12},{"date" : "08/09/2019","price" : 50.2475},{"date" : "08/08/2019","price" : 50.8575},{"date" : "08/07/2019","price" : 49.76},{"date" : "08/06/2019","price" : 49.25},{"date" : "08/05/2019","price" : 48.335},{"date" : "08/02/2019","price" : 51.005},{"date" : "08/01/2019","price" : 52.1075},{"date" : "07/31/2019","price" : 53.26},{"date" : "07/30/2019","price" : 52.195},{"date" : "07/29/2019","price" : 52.42},{"date" : "07/26/2019","price" : 51.935},{"date" : "07/25/2019","price" : 51.755},{"date" : "07/24/2019","price" : 52.1675},{"date" : "07/23/2019","price" : 52.21},{"date" : "07/22/2019","price" : 51.805},{"date" : "07/19/2019","price" : 50.6475},{"date" : "07/18/2019","price" : 51.415},{"date" : "07/17/2019","price" : 50.8375},{"date" : "07/16/2019","price" : 51.125},{"date" : "07/15/2019","price" : 51.3025},{"date" : "07/12/2019","price" : 50.825},{"date" : "07/11/2019","price" : 50.4375},{"date" : "07/10/2019","price" : 50.8075},{"date" : "07/09/2019","price" : 50.31},{"date" : "07/08/2019","price" : 50.005},{"date" : "07/05/2019","price" : 51.0575},{"date" : "07/03/2019","price" : 51.1025},{"date" : "07/02/2019","price" : 50.6825},{"date" : "07/01/2019","price" : 50.3875},{"date" : "06/28/2019","price" : 49.48},{"date" : "06/27/2019","price" : 49.935},{"date" : "06/26/2019","price" : 49.95},{"date" : "06/25/2019","price" : 48.8925},{"date" : "06/24/2019","price" : 49.645},{"date" : "06/21/2019","price" : 49.695},{"date" : "06/20/2019","price" : 49.865},{"date" : "06/19/2019","price" : 49.4675},{"date" : "06/18/2019","price" : 49.6125},{"date" : "06/17/2019","price" : 48.4725},{"date" : "06/14/2019","price" : 48.185},{"date" : "06/13/2019","price" : 48.5375},{"date" : "06/12/2019","price" : 48.5475},{"date" : "06/11/2019","price" : 48.7025},{"date" : "06/10/2019","price" : 48.145},{"date" : "06/07/2019","price" : 47.5375},{"date" : "06/06/2019","price" : 46.305},{"date" : "06/05/2019","price" : 45.635},{"date" : "06/04/2019","price" : 44.91},{"date" : "06/03/2019","price" : 43.325},{"date" : "05/31/2019","price" : 43.7675},{"date" : "05/30/2019","price" : 44.575},{"date" : "05/29/2019","price" : 44.345},{"date" : "05/28/2019","price" : 44.5575},{"date" : "05/24/2019","price" : 44.7425},{"date" : "05/23/2019","price" : 44.915},{"date" : "05/22/2019","price" : 45.695},{"date" : "05/21/2019","price" : 46.65},{"date" : "05/20/2019","price" : 45.7725},{"date" : "05/17/2019","price" : 47.25},{"date" : "05/16/2019","price" : 47.52},{"date" : "05/15/2019","price" : 47.73},{"date" : "05/14/2019","price" : 47.165},{"date" : "05/13/2019","price" : 46.43},{"date" : "05/10/2019","price" : 49.295},{"date" : "05/09/2019","price" : 50.18},{"date" : "05/08/2019","price" : 50.725},{"date" : "05/07/2019","price" : 50.715},{"date" : "05/06/2019","price" : 52.12},{"date" : "05/03/2019","price" : 52.9375},{"date" : "05/02/2019","price" : 52.2875},{"date" : "05/01/2019","price" : 52.63},{"date" : "04/30/2019","price" : 50.1675},{"date" : "04/29/2019","price" : 51.1525},{"date" : "04/26/2019","price" : 51.075},{"date" : "04/25/2019","price" : 51.32},{"date" : "04/24/2019","price" : 51.79},{"date" : "04/23/2019","price" : 51.87},{"date" : "04/22/2019","price" : 51.1325},{"date" : "04/18/2019","price" : 50.965},{"date" : "04/17/2019","price" : 50.7825},{"date" : "04/16/2019","price" : 49.8125},{"date" : "04/15/2019","price" : 49.8075},{"date" : "04/12/2019","price" : 49.7175},{"date" : "04/11/2019","price" : 49.7375},{"date" : "04/10/2019","price" : 50.155},{"date" : "04/09/2019","price" : 49.875},{"date" : "04/08/2019","price" : 50.025},{"date" : "04/05/2019","price" : 49.25},{"date" : "04/04/2019","price" : 48.9225},{"date" : "04/03/2019","price" : 48.8375},{"date" : "04/02/2019","price" : 48.505},{"date" : "04/01/2019","price" : 47.81},{"date" : "03/29/2019","price" : 47.4875},{"date" : "03/28/2019","price" : 47.18},{"date" : "03/27/2019","price" : 47.1175},{"date" : "03/26/2019","price" : 46.6975},{"date" : "03/25/2019","price" : 47.185},{"date" : "03/22/2019","price" : 47.7625},{"date" : "03/21/2019","price" : 48.7725},{"date" : "03/20/2019","price" : 47.04},{"date" : "03/19/2019","price" : 46.6325},{"date" : "03/18/2019","price" : 47.005},{"date" : "03/15/2019","price" : 46.53},{"date" : "03/14/2019","price" : 45.9325},{"date" : "03/13/2019","price" : 45.4275},{"date" : "03/12/2019","price" : 45.2275},{"date" : "03/11/2019","price" : 44.725},{"date" : "03/08/2019","price" : 43.2275},{"date" : "03/07/2019","price" : 43.125},{"date" : "03/06/2019","price" : 43.63},{"date" : "03/05/2019","price" : 43.8825},{"date" : "03/04/2019","price" : 43.9625},{"date" : "03/01/2019","price" : 43.7425},{"date" : "02/28/2019","price" : 43.2875},{"date" : "02/27/2019","price" : 43.7175},{"date" : "02/26/2019","price" : 43.5825},{"date" : "02/25/2019","price" : 43.5575},{"date" : "02/22/2019","price" : 43.2425},{"date" : "02/21/2019","price" : 42.765},{"date" : "02/20/2019","price" : 43.0075},{"date" : "02/19/2019","price" : 42.7325},{"date" : "02/15/2019","price" : 42.605},{"date" : "02/14/2019","price" : 42.7},{"date" : "02/13/2019","price" : 42.545},{"date" : "02/12/2019","price" : 42.7225},{"date" : "02/11/2019","price" : 42.3575},{"date" : "02/08/2019","price" : 42.6025},{"date" : "02/07/2019","price" : 42.735},{"date" : "02/06/2019","price" : 43.56},{"date" : "02/05/2019","price" : 43.545},{"date" : "02/04/2019","price" : 42.8125},{"date" : "02/01/2019","price" : 41.63},{"date" : "01/31/2019","price" : 41.61},{"date" : "01/30/2019","price" : 41.3125},{"date" : "01/29/2019","price" : 38.67},{"date" : "01/28/2019","price" : 39.075},{"date" : "01/25/2019","price" : 39.44},{"date" : "01/24/2019","price" : 38.175},{"date" : "01/23/2019","price" : 38.48},{"date" : "01/22/2019","price" : 38.325},{"date" : "01/18/2019","price" : 39.205},{"date" : "01/17/2019","price" : 38.965},{"date" : "01/16/2019","price" : 38.735},{"date" : "01/15/2019","price" : 38.2675},{"date" : "01/14/2019","price" : 37.5},{"date" : "01/11/2019","price" : 38.0725},{"date" : "01/10/2019","price" : 38.45},{"date" : "01/09/2019","price" : 38.3275},{"date" : "01/08/2019","price" : 37.6875},{"date" : "01/07/2019","price" : 36.9825},{"date" : "01/04/2019","price" : 37.065},{"date" : "01/03/2019","price" : 35.5475},{"date" : "01/02/2019","price" : 39.48},{"date" : "12/31/2018","price" : 39.435},{"date" : "12/28/2018","price" : 39.0575},{"date" : "12/27/2018","price" : 39.0375},{"date" : "12/26/2018","price" : 39.2925},{"date" : "12/24/2018","price" : 36.7075},{"date" : "12/21/2018","price" : 37.6825},{"date" : "12/20/2018","price" : 39.2075},{"date" : "12/19/2018","price" : 40.2225},{"date" : "12/18/2018","price" : 41.5175},{"date" : "12/17/2018","price" : 40.985},{"date" : "12/14/2018","price" : 41.37},{"date" : "12/13/2018","price" : 42.7375},{"date" : "12/12/2018","price" : 42.275},{"date" : "12/11/2018","price" : 42.1575},{"date" : "12/10/2018","price" : 42.4},{"date" : "12/07/2018","price" : 42.1225},{"date" : "12/06/2018","price" : 43.68},{"date" : "12/04/2018","price" : 44.1725},{"date" : "12/03/2018","price" : 46.205},{"date" : "11/30/2018","price" : 44.645},{"date" : "11/29/2018","price" : 44.8875},{"date" : "11/28/2018","price" : 45.235},{"date" : "11/27/2018","price" : 43.56},{"date" : "11/26/2018","price" : 43.655}]}