{ "data" : [{"date" : "11/22/2023","price" : 122.51},{"date" : "11/21/2023","price" : 119.16},{"date" : "11/20/2023","price" : 121.53},{"date" : "11/17/2023","price" : 120.62},{"date" : "11/16/2023","price" : 119.83},{"date" : "11/15/2023","price" : 118.0},{"date" : "11/14/2023","price" : 119.88},{"date" : "11/13/2023","price" : 116.79},{"date" : "11/10/2023","price" : 118.59},{"date" : "11/09/2023","price" : 113.49},{"date" : "11/08/2023","price" : 113.59},{"date" : "11/07/2023","price" : 113.45},{"date" : "11/06/2023","price" : 111.75},{"date" : "11/03/2023","price" : 112.25},{"date" : "11/02/2023","price" : 107.83},{"date" : "11/01/2023","price" : 108.04},{"date" : "10/31/2023","price" : 98.5},{"date" : "10/30/2023","price" : 96.18},{"date" : "10/27/2023","price" : 96.43},{"date" : "10/26/2023","price" : 93.67},{"date" : "10/25/2023","price" : 96.055},{"date" : "10/24/2023","price" : 101.67},{"date" : "10/23/2023","price" : 100.01},{"date" : "10/20/2023","price" : 101.81},{"date" : "10/19/2023","price" : 102.4},{"date" : "10/18/2023","price" : 102.17},{"date" : "10/17/2023","price" : 105.14},{"date" : "10/16/2023","price" : 106.46},{"date" : "10/13/2023","price" : 105.09},{"date" : "10/12/2023","price" : 108.79},{"date" : "10/11/2023","price" : 108.31},{"date" : "10/10/2023","price" : 109.01},{"date" : "10/09/2023","price" : 106.97},{"date" : "10/06/2023","price" : 107.24},{"date" : "10/05/2023","price" : 102.91},{"date" : "10/04/2023","price" : 104.07},{"date" : "10/03/2023","price" : 100.08},{"date" : "10/02/2023","price" : 103.27},{"date" : "09/29/2023","price" : 102.82},{"date" : "09/28/2023","price" : 102.76},{"date" : "09/27/2023","price" : 98.07},{"date" : "09/26/2023","price" : 95.96},{"date" : "09/25/2023","price" : 97.38},{"date" : "09/22/2023","price" : 96.2},{"date" : "09/21/2023","price" : 96.11},{"date" : "09/20/2023","price" : 100.34},{"date" : "09/19/2023","price" : 101.61},{"date" : "09/18/2023","price" : 102.37},{"date" : "09/15/2023","price" : 101.49},{"date" : "09/14/2023","price" : 106.63},{"date" : "09/13/2023","price" : 107.71},{"date" : "09/12/2023","price" : 105.31},{"date" : "09/11/2023","price" : 105.32},{"date" : "09/08/2023","price" : 106.09},{"date" : "09/07/2023","price" : 106.59},{"date" : "09/06/2023","price" : 109.28},{"date" : "09/05/2023","price" : 110.78},{"date" : "09/01/2023","price" : 109.45},{"date" : "08/31/2023","price" : 105.72},{"date" : "08/30/2023","price" : 106.59},{"date" : "08/29/2023","price" : 105.92},{"date" : "08/28/2023","price" : 102.61},{"date" : "08/25/2023","price" : 102.25},{"date" : "08/24/2023","price" : 101.8},{"date" : "08/23/2023","price" : 109.43},{"date" : "08/22/2023","price" : 105.66},{"date" : "08/21/2023","price" : 108.22},{"date" : "08/18/2023","price" : 105.45},{"date" : "08/17/2023","price" : 104.44},{"date" : "08/16/2023","price" : 107.19},{"date" : "08/15/2023","price" : 111.35},{"date" : "08/14/2023","price" : 111.98},{"date" : "08/11/2023","price" : 107.57},{"date" : "08/10/2023","price" : 110.23},{"date" : "08/09/2023","price" : 110.47},{"date" : "08/08/2023","price" : 113.23},{"date" : "08/07/2023","price" : 116.81},{"date" : "08/04/2023","price" : 115.82},{"date" : "08/03/2023","price" : 113.15},{"date" : "08/02/2023","price" : 109.35},{"date" : "08/01/2023","price" : 117.6},{"date" : "07/31/2023","price" : 114.4},{"date" : "07/28/2023","price" : 112.96},{"date" : "07/27/2023","price" : 111.1},{"date" : "07/26/2023","price" : 110.09},{"date" : "07/25/2023","price" : 113.0},{"date" : "07/24/2023","price" : 110.61},{"date" : "07/21/2023","price" : 110.95},{"date" : "07/20/2023","price" : 110.25},{"date" : "07/19/2023","price" : 116.43},{"date" : "07/18/2023","price" : 117.93},{"date" : "07/17/2023","price" : 118.32},{"date" : "07/14/2023","price" : 115.94},{"date" : "07/13/2023","price" : 115.92},{"date" : "07/12/2023","price" : 114.58},{"date" : "07/11/2023","price" : 111.32},{"date" : "07/10/2023","price" : 113.58},{"date" : "07/07/2023","price" : 113.17},{"date" : "07/06/2023","price" : 113.48},{"date" : "07/05/2023","price" : 113.95},{"date" : "07/03/2023","price" : 115.82},{"date" : "06/30/2023","price" : 113.91},{"date" : "06/29/2023","price" : 111.24},{"date" : "06/28/2023","price" : 110.17},{"date" : "06/27/2023","price" : 110.39},{"date" : "06/26/2023","price" : 107.51},{"date" : "06/23/2023","price" : 110.01},{"date" : "06/22/2023","price" : 110.7},{"date" : "06/21/2023","price" : 112.11},{"date" : "06/20/2023","price" : 118.93},{"date" : "06/16/2023","price" : 120.08},{"date" : "06/15/2023","price" : 124.24},{"date" : "06/14/2023","price" : 127.33},{"date" : "06/13/2023","price" : 124.53},{"date" : "06/12/2023","price" : 129.19},{"date" : "06/09/2023","price" : 124.92},{"date" : "06/08/2023","price" : 121.05},{"date" : "06/07/2023","price" : 117.83},{"date" : "06/06/2023","price" : 124.23},{"date" : "06/05/2023","price" : 117.93},{"date" : "06/02/2023","price" : 117.86},{"date" : "06/01/2023","price" : 119.47},{"date" : "05/31/2023","price" : 118.21},{"date" : "05/30/2023","price" : 125.27},{"date" : "05/26/2023","price" : 127.03},{"date" : "05/25/2023","price" : 120.35},{"date" : "05/24/2023","price" : 108.27},{"date" : "05/23/2023","price" : 108.12},{"date" : "05/22/2023","price" : 108.0},{"date" : "05/19/2023","price" : 105.82},{"date" : "05/18/2023","price" : 107.93},{"date" : "05/17/2023","price" : 103.75},{"date" : "05/16/2023","price" : 101.48},{"date" : "05/15/2023","price" : 97.4},{"date" : "05/12/2023","price" : 95.26},{"date" : "05/11/2023","price" : 97.1},{"date" : "05/10/2023","price" : 97.02},{"date" : "05/09/2023","price" : 95.06},{"date" : "05/08/2023","price" : 95.04},{"date" : "05/05/2023","price" : 89.84},{"date" : "05/04/2023","price" : 86.61},{"date" : "05/03/2023","price" : 81.62},{"date" : "05/02/2023","price" : 89.91},{"date" : "05/01/2023","price" : 89.69},{"date" : "04/28/2023","price" : 89.37},{"date" : "04/27/2023","price" : 87.44},{"date" : "04/26/2023","price" : 85.94},{"date" : "04/25/2023","price" : 83.8},{"date" : "04/24/2023","price" : 87.57},{"date" : "04/21/2023","price" : 88.43},{"date" : "04/20/2023","price" : 90.11},{"date" : "04/19/2023","price" : 89.94},{"date" : "04/18/2023","price" : 89.78},{"date" : "04/17/2023","price" : 89.87},{"date" : "04/14/2023","price" : 91.75},{"date" : "04/13/2023","price" : 92.09},{"date" : "04/12/2023","price" : 92.33},{"date" : "04/11/2023","price" : 94.03},{"date" : "04/10/2023","price" : 95.48},{"date" : "04/06/2023","price" : 92.47},{"date" : "04/05/2023","price" : 92.56},{"date" : "04/04/2023","price" : 95.87},{"date" : "04/03/2023","price" : 96.56},{"date" : "03/31/2023","price" : 98.01},{"date" : "03/30/2023","price" : 97.88},{"date" : "03/29/2023","price" : 96.09},{"date" : "03/28/2023","price" : 94.56},{"date" : "03/27/2023","price" : 96.61},{"date" : "03/24/2023","price" : 97.95},{"date" : "03/23/2023","price" : 100.28},{"date" : "03/22/2023","price" : 97.58},{"date" : "03/21/2023","price" : 95.93},{"date" : "03/20/2023","price" : 96.81},{"date" : "03/17/2023","price" : 97.84},{"date" : "03/16/2023","price" : 96.6},{"date" : "03/15/2023","price" : 89.68},{"date" : "03/14/2023","price" : 87.45},{"date" : "03/13/2023","price" : 82.01},{"date" : "03/10/2023","price" : 82.67},{"date" : "03/09/2023","price" : 84.03},{"date" : "03/08/2023","price" : 85.37},{"date" : "03/07/2023","price" : 82.11},{"date" : "03/06/2023","price" : 81.16},{"date" : "03/03/2023","price" : 81.52},{"date" : "03/02/2023","price" : 80.44},{"date" : "03/01/2023","price" : 78.29},{"date" : "02/28/2023","price" : 78.58},{"date" : "02/27/2023","price" : 78.77},{"date" : "02/24/2023","price" : 78.09},{"date" : "02/23/2023","price" : 79.75},{"date" : "02/22/2023","price" : 76.61},{"date" : "02/21/2023","price" : 76.77},{"date" : "02/17/2023","price" : 78.5},{"date" : "02/16/2023","price" : 80.08},{"date" : "02/15/2023","price" : 85.18},{"date" : "02/14/2023","price" : 85.95},{"date" : "02/13/2023","price" : 83.13},{"date" : "02/10/2023","price" : 81.48},{"date" : "02/09/2023","price" : 83.21},{"date" : "02/08/2023","price" : 84.69},{"date" : "02/07/2023","price" : 85.91},{"date" : "02/06/2023","price" : 83.68},{"date" : "02/03/2023","price" : 86.09},{"date" : "02/02/2023","price" : 88.31},{"date" : "02/01/2023","price" : 84.64},{"date" : "01/31/2023","price" : 75.15},{"date" : "01/30/2023","price" : 72.45},{"date" : "01/27/2023","price" : 75.4},{"date" : "01/26/2023","price" : 75.16},{"date" : "01/25/2023","price" : 74.91},{"date" : "01/24/2023","price" : 74.7},{"date" : "01/23/2023","price" : 76.53},{"date" : "01/20/2023","price" : 70.07},{"date" : "01/19/2023","price" : 67.71},{"date" : "01/18/2023","price" : 70.53},{"date" : "01/17/2023","price" : 71.59},{"date" : "01/13/2023","price" : 71.0},{"date" : "01/12/2023","price" : 70.8},{"date" : "01/11/2023","price" : 69.06},{"date" : "01/10/2023","price" : 68.05},{"date" : "01/09/2023","price" : 67.24},{"date" : "01/06/2023","price" : 63.96},{"date" : "01/05/2023","price" : 62.33},{"date" : "01/04/2023","price" : 64.66},{"date" : "01/03/2023","price" : 64.02},{"date" : "12/30/2022","price" : 64.77},{"date" : "12/29/2022","price" : 64.82},{"date" : "12/28/2022","price" : 62.57},{"date" : "12/27/2022","price" : 63.27},{"date" : "12/23/2022","price" : 64.52},{"date" : "12/22/2022","price" : 63.86},{"date" : "12/21/2022","price" : 67.68},{"date" : "12/20/2022","price" : 65.05},{"date" : "12/19/2022","price" : 64.59},{"date" : "12/16/2022","price" : 65.41},{"date" : "12/15/2022","price" : 66.53},{"date" : "12/14/2022","price" : 68.93},{"date" : "12/13/2022","price" : 71.65},{"date" : "12/12/2022","price" : 70.67},{"date" : "12/09/2022","price" : 68.59},{"date" : "12/08/2022","price" : 70.47},{"date" : "12/07/2022","price" : 70.14},{"date" : "12/06/2022","price" : 70.27},{"date" : "12/05/2022","price" : 73.62},{"date" : "12/02/2022","price" : 74.98},{"date" : "12/01/2022","price" : 77.48},{"date" : "11/30/2022","price" : 77.63},{"date" : "11/29/2022","price" : 73.39},{"date" : "11/28/2022","price" : 73.19},{"date" : "11/25/2022","price" : 75.14},{"date" : "11/23/2022","price" : 76.4},{"date" : "11/22/2022","price" : 75.25},{"date" : "11/21/2022","price" : 72.46},{"date" : "11/18/2022","price" : 73.57},{"date" : "11/17/2022","price" : 73.9},{"date" : "11/16/2022","price" : 72.7},{"date" : "11/15/2022","price" : 76.37},{"date" : "11/14/2022","price" : 73.53},{"date" : "11/11/2022","price" : 72.37},{"date" : "11/10/2022","price" : 68.47},{"date" : "11/09/2022","price" : 59.92},{"date" : "11/08/2022","price" : 63.85},{"date" : "11/07/2022","price" : 63.08},{"date" : "11/04/2022","price" : 62.19},{"date" : "11/03/2022","price" : 60.11},{"date" : "11/02/2022","price" : 58.63},{"date" : "11/01/2022","price" : 59.66},{"date" : "10/31/2022","price" : 60.06},{"date" : "10/28/2022","price" : 62.01},{"date" : "10/27/2022","price" : 58.6},{"date" : "10/26/2022","price" : 59.73},{"date" : "10/25/2022","price" : 61.47},{"date" : "10/24/2022","price" : 58.7},{"date" : "10/21/2022","price" : 58.82},{"date" : "10/20/2022","price" : 57.77},{"date" : "10/19/2022","price" : 57.23},{"date" : "10/18/2022","price" : 57.92},{"date" : "10/17/2022","price" : 57.96},{"date" : "10/14/2022","price" : 55.94},{"date" : "10/13/2022","price" : 58.94},{"date" : "10/12/2022","price" : 57.85},{"date" : "10/11/2022","price" : 57.63},{"date" : "10/10/2022","price" : 57.81},{"date" : "10/07/2022","price" : 58.44},{"date" : "10/06/2022","price" : 67.85},{"date" : "10/05/2022","price" : 67.94},{"date" : "10/04/2022","price" : 67.9},{"date" : "10/03/2022","price" : 66.11},{"date" : "09/30/2022","price" : 63.36},{"date" : "09/29/2022","price" : 64.14},{"date" : "09/28/2022","price" : 68.36},{"date" : "09/27/2022","price" : 67.17},{"date" : "09/26/2022","price" : 66.3},{"date" : "09/23/2022","price" : 67.96},{"date" : "09/22/2022","price" : 69.5},{"date" : "09/21/2022","price" : 74.48},{"date" : "09/20/2022","price" : 75.25},{"date" : "09/19/2022","price" : 76.77},{"date" : "09/16/2022","price" : 76.51},{"date" : "09/15/2022","price" : 76.66},{"date" : "09/14/2022","price" : 77.45},{"date" : "09/13/2022","price" : 77.03},{"date" : "09/12/2022","price" : 84.64},{"date" : "09/09/2022","price" : 85.45},{"date" : "09/08/2022","price" : 82.78},{"date" : "09/07/2022","price" : 79.61},{"date" : "09/06/2022","price" : 78.72},{"date" : "09/02/2022","price" : 80.24},{"date" : "09/01/2022","price" : 82.33},{"date" : "08/31/2022","price" : 84.87},{"date" : "08/30/2022","price" : 86.94},{"date" : "08/29/2022","price" : 88.49},{"date" : "08/26/2022","price" : 91.18},{"date" : "08/25/2022","price" : 97.18},{"date" : "08/24/2022","price" : 92.73},{"date" : "08/23/2022","price" : 92.49},{"date" : "08/22/2022","price" : 92.84},{"date" : "08/19/2022","price" : 95.95},{"date" : "08/18/2022","price" : 100.44},{"date" : "08/17/2022","price" : 98.27},{"date" : "08/16/2022","price" : 100.2},{"date" : "08/15/2022","price" : 101.01},{"date" : "08/12/2022","price" : 100.83},{"date" : "08/11/2022","price" : 98.12},{"date" : "08/10/2022","price" : 99.05},{"date" : "08/09/2022","price" : 95.54},{"date" : "08/08/2022","price" : 100.07},{"date" : "08/05/2022","price" : 102.31},{"date" : "08/04/2022","price" : 103.91},{"date" : "08/03/2022","price" : 98.09},{"date" : "08/02/2022","price" : 99.29},{"date" : "08/01/2022","price" : 96.78},{"date" : "07/29/2022","price" : 94.47},{"date" : "07/28/2022","price" : 91.67},{"date" : "07/27/2022","price" : 89.82},{"date" : "07/26/2022","price" : 85.25},{"date" : "07/25/2022","price" : 87.54},{"date" : "07/22/2022","price" : 88.1},{"date" : "07/21/2022","price" : 91.09},{"date" : "07/20/2022","price" : 89.43},{"date" : "07/19/2022","price" : 85.88},{"date" : "07/18/2022","price" : 81.43},{"date" : "07/15/2022","price" : 81.11},{"date" : "07/14/2022","price" : 78.6},{"date" : "07/13/2022","price" : 77.52},{"date" : "07/12/2022","price" : 76.36},{"date" : "07/11/2022","price" : 76.95},{"date" : "07/08/2022","price" : 79.35},{"date" : "07/07/2022","price" : 79.3},{"date" : "07/06/2022","price" : 75.35},{"date" : "07/05/2022","price" : 75.2},{"date" : "07/01/2022","price" : 73.67},{"date" : "06/30/2022","price" : 76.47},{"date" : "06/29/2022","price" : 77.99},{"date" : "06/28/2022","price" : 80.78},{"date" : "06/27/2022","price" : 86.16},{"date" : "06/24/2022","price" : 87.08},{"date" : "06/23/2022","price" : 82.43},{"date" : "06/22/2022","price" : 83.75},{"date" : "06/21/2022","price" : 83.79},{"date" : "06/17/2022","price" : 81.57},{"date" : "06/16/2022","price" : 82.05},{"date" : "06/15/2022","price" : 89.3},{"date" : "06/14/2022","price" : 86.99},{"date" : "06/13/2022","price" : 86.99},{"date" : "06/10/2022","price" : 94.82},{"date" : "06/09/2022","price" : 98.8},{"date" : "06/08/2022","price" : 101.9},{"date" : "06/07/2022","price" : 105.28},{"date" : "06/06/2022","price" : 105.65},{"date" : "06/03/2022","price" : 106.3},{"date" : "06/02/2022","price" : 108.59},{"date" : "06/01/2022","price" : 101.22},{"date" : "05/31/2022","price" : 101.86},{"date" : "05/27/2022","price" : 102.26},{"date" : "05/26/2022","price" : 98.75},{"date" : "05/25/2022","price" : 92.65},{"date" : "05/24/2022","price" : 91.16},{"date" : "05/23/2022","price" : 95.07},{"date" : "05/20/2022","price" : 93.5},{"date" : "05/19/2022","price" : 96.67},{"date" : "05/18/2022","price" : 96.28},{"date" : "05/17/2022","price" : 102.47},{"date" : "05/16/2022","price" : 94.24},{"date" : "05/13/2022","price" : 95.12},{"date" : "05/12/2022","price" : 87.06},{"date" : "05/11/2022","price" : 87.92},{"date" : "05/10/2022","price" : 88.73},{"date" : "05/09/2022","price" : 86.36},{"date" : "05/06/2022","price" : 95.34},{"date" : "05/05/2022","price" : 93.87},{"date" : "05/04/2022","price" : 99.42},{"date" : "05/03/2022","price" : 91.13},{"date" : "05/02/2022","price" : 89.84},{"date" : "04/29/2022","price" : 85.52},{"date" : "04/28/2022","price" : 89.64},{"date" : "04/27/2022","price" : 84.91},{"date" : "04/26/2022","price" : 85.16},{"date" : "04/25/2022","price" : 90.69},{"date" : "04/22/2022","price" : 88.14},{"date" : "04/21/2022","price" : 89.85},{"date" : "04/20/2022","price" : 94.02},{"date" : "04/19/2022","price" : 96.93},{"date" : "04/18/2022","price" : 93.89},{"date" : "04/14/2022","price" : 93.06},{"date" : "04/13/2022","price" : 97.74},{"date" : "04/12/2022","price" : 95.1},{"date" : "04/11/2022","price" : 97.37},{"date" : "04/08/2022","price" : 101.0},{"date" : "04/07/2022","price" : 103.72},{"date" : "04/06/2022","price" : 103.67},{"date" : "04/05/2022","price" : 106.82},{"date" : "04/04/2022","price" : 110.53},{"date" : "04/01/2022","price" : 108.19},{"date" : "03/31/2022","price" : 109.34},{"date" : "03/30/2022","price" : 119.22},{"date" : "03/29/2022","price" : 123.23},{"date" : "03/28/2022","price" : 120.24},{"date" : "03/25/2022","price" : 119.67},{"date" : "03/24/2022","price" : 120.53},{"date" : "03/23/2022","price" : 113.92},{"date" : "03/22/2022","price" : 114.78},{"date" : "03/21/2022","price" : 115.92},{"date" : "03/18/2022","price" : 113.46},{"date" : "03/17/2022","price" : 111.69},{"date" : "03/16/2022","price" : 115.37},{"date" : "03/15/2022","price" : 109.33},{"date" : "03/14/2022","price" : 102.25},{"date" : "03/11/2022","price" : 104.29},{"date" : "03/10/2022","price" : 106.46},{"date" : "03/09/2022","price" : 111.05},{"date" : "03/08/2022","price" : 105.53},{"date" : "03/07/2022","price" : 102.95},{"date" : "03/04/2022","price" : 108.41},{"date" : "03/03/2022","price" : 111.98},{"date" : "03/02/2022","price" : 118.28},{"date" : "03/01/2022","price" : 113.83},{"date" : "02/28/2022","price" : 123.34},{"date" : "02/25/2022","price" : 121.06},{"date" : "02/24/2022","price" : 116.61},{"date" : "02/23/2022","price" : 109.76},{"date" : "02/22/2022","price" : 115.65},{"date" : "02/18/2022","price" : 113.83},{"date" : "02/17/2022","price" : 112.37},{"date" : "02/16/2022","price" : 117.69},{"date" : "02/15/2022","price" : 121.47},{"date" : "02/14/2022","price" : 114.27},{"date" : "02/11/2022","price" : 113.18},{"date" : "02/10/2022","price" : 125.77},{"date" : "02/09/2022","price" : 132.85},{"date" : "02/08/2022","price" : 128.23},{"date" : "02/07/2022","price" : 123.67},{"date" : "02/04/2022","price" : 123.6},{"date" : "02/03/2022","price" : 120.08},{"date" : "02/02/2022","price" : 122.76},{"date" : "02/01/2022","price" : 116.78},{"date" : "01/31/2022","price" : 114.25},{"date" : "01/28/2022","price" : 105.24},{"date" : "01/27/2022","price" : 102.6},{"date" : "01/26/2022","price" : 110.71},{"date" : "01/25/2022","price" : 111.13},{"date" : "01/24/2022","price" : 116.53},{"date" : "01/21/2022","price" : 118.81},{"date" : "01/20/2022","price" : 121.89},{"date" : "01/19/2022","price" : 128.27},{"date" : "01/18/2022","price" : 131.93},{"date" : "01/14/2022","price" : 136.88},{"date" : "01/13/2022","price" : 132.74},{"date" : "01/12/2022","price" : 137.47},{"date" : "01/11/2022","price" : 137.31},{"date" : "01/10/2022","price" : 132.0},{"date" : "01/07/2022","price" : 132.0},{"date" : "01/06/2022","price" : 136.23},{"date" : "01/05/2022","price" : 136.15},{"date" : "01/04/2022","price" : 144.42},{"date" : "01/03/2022","price" : 150.24},{"date" : "12/31/2021","price" : 143.9},{"date" : "12/30/2021","price" : 145.15},{"date" : "12/29/2021","price" : 148.26},{"date" : "12/28/2021","price" : 153.15},{"date" : "12/27/2021","price" : 154.36},{"date" : "12/23/2021","price" : 146.14},{"date" : "12/22/2021","price" : 143.88},{"date" : "12/21/2021","price" : 144.25},{"date" : "12/20/2021","price" : 135.8},{"date" : "12/17/2021","price" : 137.75},{"date" : "12/16/2021","price" : 138.64},{"date" : "12/15/2021","price" : 146.5},{"date" : "12/14/2021","price" : 135.6},{"date" : "12/13/2021","price" : 133.8},{"date" : "12/10/2021","price" : 138.55},{"date" : "12/09/2021","price" : 138.1},{"date" : "12/08/2021","price" : 145.24},{"date" : "12/07/2021","price" : 144.85},{"date" : "12/06/2021","price" : 139.06},{"date" : "12/03/2021","price" : 144.01},{"date" : "12/02/2021","price" : 150.68},{"date" : "12/01/2021","price" : 149.11},{"date" : "11/30/2021","price" : 158.37},{"date" : "11/29/2021","price" : 161.91},{"date" : "11/26/2021","price" : 154.81},{"date" : "11/24/2021","price" : 157.8},{"date" : "11/23/2021","price" : 149.92},{"date" : "11/22/2021","price" : 152.52},{"date" : "11/19/2021","price" : 155.41},{"date" : "11/18/2021","price" : 155.02},{"date" : "11/17/2021","price" : 151.34},{"date" : "11/16/2021","price" : 152.45},{"date" : "11/15/2021","price" : 146.49},{"date" : "11/12/2021","price" : 147.89},{"date" : "11/11/2021","price" : 146.01},{"date" : "11/10/2021","price" : 139.87},{"date" : "11/09/2021","price" : 148.92},{"date" : "11/08/2021","price" : 150.16},{"date" : "11/05/2021","price" : 136.34},{"date" : "11/04/2021","price" : 137.5},{"date" : "11/03/2021","price" : 130.53},{"date" : "11/02/2021","price" : 127.63},{"date" : "11/01/2021","price" : 125.23},{"date" : "10/29/2021","price" : 120.23},{"date" : "10/28/2021","price" : 121.16},{"date" : "10/27/2021","price" : 122.28},{"date" : "10/26/2021","price" : 122.93},{"date" : "10/25/2021","price" : 122.36},{"date" : "10/22/2021","price" : 119.82},{"date" : "10/21/2021","price" : 119.33},{"date" : "10/20/2021","price" : 116.39},{"date" : "10/19/2021","price" : 116.33},{"date" : "10/18/2021","price" : 116.43},{"date" : "10/15/2021","price" : 112.12},{"date" : "10/14/2021","price" : 111.99},{"date" : "10/13/2021","price" : 109.16},{"date" : "10/12/2021","price" : 105.04},{"date" : "10/11/2021","price" : 104.68},{"date" : "10/08/2021","price" : 105.06},{"date" : "10/07/2021","price" : 106.45},{"date" : "10/06/2021","price" : 103.64},{"date" : "10/05/2021","price" : 101.81},{"date" : "10/04/2021","price" : 100.34},{"date" : "10/01/2021","price" : 102.45},{"date" : "09/30/2021","price" : 102.9},{"date" : "09/29/2021","price" : 100.35},{"date" : "09/28/2021","price" : 101.52},{"date" : "09/27/2021","price" : 108.16},{"date" : "09/24/2021","price" : 105.8},{"date" : "09/23/2021","price" : 106.15},{"date" : "09/22/2021","price" : 104.38},{"date" : "09/21/2021","price" : 102.82},{"date" : "09/20/2021","price" : 101.55},{"date" : "09/17/2021","price" : 103.88},{"date" : "09/16/2021","price" : 106.22},{"date" : "09/15/2021","price" : 105.6},{"date" : "09/14/2021","price" : 105.73},{"date" : "09/13/2021","price" : 104.8},{"date" : "09/10/2021","price" : 105.2},{"date" : "09/09/2021","price" : 106.15},{"date" : "09/08/2021","price" : 106.17},{"date" : "09/07/2021","price" : 109.15},{"date" : "09/03/2021","price" : 109.92},{"date" : "09/02/2021","price" : 109.2},{"date" : "09/01/2021","price" : 109.99},{"date" : "08/31/2021","price" : 110.72},{"date" : "08/30/2021","price" : 111.32},{"date" : "08/27/2021","price" : 111.4},{"date" : "08/26/2021","price" : 107.27},{"date" : "08/25/2021","price" : 108.3},{"date" : "08/24/2021","price" : 107.65},{"date" : "08/23/2021","price" : 108.77},{"date" : "08/20/2021","price" : 104.65},{"date" : "08/19/2021","price" : 103.7},{"date" : "08/18/2021","price" : 103.44},{"date" : "08/17/2021","price" : 107.56},{"date" : "08/16/2021","price" : 107.48},{"date" : "08/13/2021","price" : 110.55},{"date" : "08/12/2021","price" : 106.5},{"date" : "08/11/2021","price" : 107.68},{"date" : "08/10/2021","price" : 106.48},{"date" : "08/09/2021","price" : 107.58},{"date" : "08/06/2021","price" : 110.11},{"date" : "08/05/2021","price" : 112.35},{"date" : "08/04/2021","price" : 118.77},{"date" : "08/03/2021","price" : 112.56},{"date" : "08/02/2021","price" : 108.63},{"date" : "07/30/2021","price" : 106.19},{"date" : "07/29/2021","price" : 102.95},{"date" : "07/28/2021","price" : 97.93},{"date" : "07/27/2021","price" : 91.03},{"date" : "07/26/2021","price" : 91.82},{"date" : "07/23/2021","price" : 92.15},{"date" : "07/22/2021","price" : 91.21},{"date" : "07/21/2021","price" : 89.41},{"date" : "07/20/2021","price" : 87.11},{"date" : "07/19/2021","price" : 86.58},{"date" : "07/16/2021","price" : 85.89},{"date" : "07/15/2021","price" : 86.93},{"date" : "07/14/2021","price" : 89.05},{"date" : "07/13/2021","price" : 90.26},{"date" : "07/12/2021","price" : 90.81},{"date" : "07/09/2021","price" : 90.9},{"date" : "07/08/2021","price" : 89.74},{"date" : "07/07/2021","price" : 90.54},{"date" : "07/06/2021","price" : 94.47},{"date" : "07/02/2021","price" : 94.7},{"date" : "07/01/2021","price" : 93.31},{"date" : "06/30/2021","price" : 93.93},{"date" : "06/29/2021","price" : 89.52},{"date" : "06/28/2021","price" : 87.08},{"date" : "06/25/2021","price" : 85.62},{"date" : "06/24/2021","price" : 86.1},{"date" : "06/23/2021","price" : 83.82},{"date" : "06/22/2021","price" : 83.58},{"date" : "06/21/2021","price" : 82.59},{"date" : "06/18/2021","price" : 84.65},{"date" : "06/17/2021","price" : 84.56},{"date" : "06/16/2021","price" : 80.11},{"date" : "06/15/2021","price" : 80.47},{"date" : "06/14/2021","price" : 81.55},{"date" : "06/11/2021","price" : 81.31},{"date" : "06/10/2021","price" : 81.56},{"date" : "06/09/2021","price" : 79.96},{"date" : "06/08/2021","price" : 80.89},{"date" : "06/07/2021","price" : 81.35},{"date" : "06/04/2021","price" : 81.58},{"date" : "06/03/2021","price" : 80.28},{"date" : "06/02/2021","price" : 81.97},{"date" : "06/01/2021","price" : 80.81},{"date" : "05/28/2021","price" : 80.08},{"date" : "05/27/2021","price" : 78.42},{"date" : "05/26/2021","price" : 78.34},{"date" : "05/25/2021","price" : 77.86},{"date" : "05/24/2021","price" : 77.44},{"date" : "05/21/2021","price" : 77.17},{"date" : "05/20/2021","price" : 78.06},{"date" : "05/19/2021","price" : 76.23},{"date" : "05/18/2021","price" : 74.44},{"date" : "05/17/2021","price" : 74.65},{"date" : "05/14/2021","price" : 74.59},{"date" : "05/13/2021","price" : 73.09},{"date" : "05/12/2021","price" : 74.64},{"date" : "05/11/2021","price" : 76.83},{"date" : "05/10/2021","price" : 75.99},{"date" : "05/07/2021","price" : 78.81},{"date" : "05/06/2021","price" : 77.89},{"date" : "05/05/2021","price" : 77.83},{"date" : "05/04/2021","price" : 78.61},{"date" : "05/03/2021","price" : 78.55},{"date" : "04/30/2021","price" : 81.62},{"date" : "04/29/2021","price" : 83.91},{"date" : "04/28/2021","price" : 84.02},{"date" : "04/27/2021","price" : 85.21},{"date" : "04/26/2021","price" : 85.41},{"date" : "04/23/2021","price" : 82.76},{"date" : "04/22/2021","price" : 79.06},{"date" : "04/21/2021","price" : 81.61},{"date" : "04/20/2021","price" : 79.27},{"date" : "04/19/2021","price" : 81.11},{"date" : "04/16/2021","price" : 82.15},{"date" : "04/15/2021","price" : 83.01},{"date" : "04/14/2021","price" : 78.55},{"date" : "04/13/2021","price" : 80.19},{"date" : "04/12/2021","price" : 78.58},{"date" : "04/09/2021","price" : 82.76},{"date" : "04/08/2021","price" : 83.35},{"date" : "04/07/2021","price" : 82.2},{"date" : "04/06/2021","price" : 81.44},{"date" : "04/05/2021","price" : 81.43},{"date" : "04/01/2021","price" : 81.09},{"date" : "03/31/2021","price" : 78.5},{"date" : "03/30/2021","price" : 76.0},{"date" : "03/29/2021","price" : 77.14},{"date" : "03/26/2021","price" : 77.41},{"date" : "03/25/2021","price" : 76.22},{"date" : "03/24/2021","price" : 76.48},{"date" : "03/23/2021","price" : 78.38},{"date" : "03/22/2021","price" : 80.3},{"date" : "03/19/2021","price" : 79.06},{"date" : "03/18/2021","price" : 78.12},{"date" : "03/17/2021","price" : 82.63},{"date" : "03/16/2021","price" : 82.75},{"date" : "03/15/2021","price" : 82.5},{"date" : "03/12/2021","price" : 81.05},{"date" : "03/11/2021","price" : 81.23},{"date" : "03/10/2021","price" : 77.52},{"date" : "03/09/2021","price" : 78.53},{"date" : "03/08/2021","price" : 73.96},{"date" : "03/05/2021","price" : 78.52},{"date" : "03/04/2021","price" : 77.75},{"date" : "03/03/2021","price" : 80.86},{"date" : "03/02/2021","price" : 84.13},{"date" : "03/01/2021","price" : 86.39},{"date" : "02/26/2021","price" : 84.51},{"date" : "02/25/2021","price" : 82.42},{"date" : "02/24/2021","price" : 86.94},{"date" : "02/23/2021","price" : 84.74},{"date" : "02/22/2021","price" : 85.37},{"date" : "02/19/2021","price" : 89.58},{"date" : "02/18/2021","price" : 88.64},{"date" : "02/17/2021","price" : 89.94},{"date" : "02/16/2021","price" : 91.46},{"date" : "02/12/2021","price" : 93.77},{"date" : "02/11/2021","price" : 92.66},{"date" : "02/10/2021","price" : 92.35},{"date" : "02/09/2021","price" : 90.91},{"date" : "02/08/2021","price" : 91.47},{"date" : "02/05/2021","price" : 87.9},{"date" : "02/04/2021","price" : 87.84},{"date" : "02/03/2021","price" : 87.89},{"date" : "02/02/2021","price" : 88.86},{"date" : "02/01/2021","price" : 87.66},{"date" : "01/29/2021","price" : 85.64},{"date" : "01/28/2021","price" : 87.52},{"date" : "01/27/2021","price" : 88.84},{"date" : "01/26/2021","price" : 94.71},{"date" : "01/25/2021","price" : 94.13},{"date" : "01/22/2021","price" : 92.79},{"date" : "01/21/2021","price" : 91.53},{"date" : "01/20/2021","price" : 88.75},{"date" : "01/19/2021","price" : 89.45},{"date" : "01/15/2021","price" : 88.21},{"date" : "01/14/2021","price" : 90.79},{"date" : "01/13/2021","price" : 91.78},{"date" : "01/12/2021","price" : 95.355},{"date" : "01/11/2021","price" : 97.25},{"date" : "01/08/2021","price" : 94.58},{"date" : "01/07/2021","price" : 95.16},{"date" : "01/06/2021","price" : 90.33},{"date" : "01/05/2021","price" : 92.77},{"date" : "01/04/2021","price" : 92.3},{"date" : "12/31/2020","price" : 91.71},{"date" : "12/30/2020","price" : 92.29},{"date" : "12/29/2020","price" : 90.62},{"date" : "12/28/2020","price" : 91.6},{"date" : "12/24/2020","price" : 91.81},{"date" : "12/23/2020","price" : 91.55},{"date" : "12/22/2020","price" : 93.16},{"date" : "12/21/2020","price" : 93.23},{"date" : "12/18/2020","price" : 95.92},{"date" : "12/17/2020","price" : 96.84},{"date" : "12/16/2020","price" : 96.85},{"date" : "12/15/2020","price" : 97.12},{"date" : "12/14/2020","price" : 94.78},{"date" : "12/11/2020","price" : 91.65},{"date" : "12/10/2020","price" : 91.66},{"date" : "12/09/2020","price" : 89.83},{"date" : "12/08/2020","price" : 92.92},{"date" : "12/07/2020","price" : 94.07},{"date" : "12/04/2020","price" : 94.04},{"date" : "12/03/2020","price" : 92.31},{"date" : "12/02/2020","price" : 93.74},{"date" : "12/01/2020","price" : 92.63},{"date" : "11/30/2020","price" : 92.66},{"date" : "11/27/2020","price" : 87.19},{"date" : "11/25/2020","price" : 86.71},{"date" : "11/24/2020","price" : 85.07},{"date" : "11/23/2020","price" : 85.31},{"date" : "11/20/2020","price" : 84.64},{"date" : "11/19/2020","price" : 85.54},{"date" : "11/18/2020","price" : 82.54},{"date" : "11/17/2020","price" : 83.36},{"date" : "11/16/2020","price" : 83.73},{"date" : "11/13/2020","price" : 81.43},{"date" : "11/12/2020","price" : 81.84},{"date" : "11/11/2020","price" : 81.28},{"date" : "11/10/2020","price" : 77.99},{"date" : "11/09/2020","price" : 83.12},{"date" : "11/06/2020","price" : 85.88},{"date" : "11/05/2020","price" : 83.0},{"date" : "11/04/2020","price" : 81.35},{"date" : "11/03/2020","price" : 76.58},{"date" : "11/02/2020","price" : 74.7},{"date" : "10/30/2020","price" : 75.29},{"date" : "10/29/2020","price" : 78.02},{"date" : "10/28/2020","price" : 76.4},{"date" : "10/27/2020","price" : 78.88},{"date" : "10/26/2020","price" : 82.23},{"date" : "10/23/2020","price" : 81.96},{"date" : "10/22/2020","price" : 79.42},{"date" : "10/21/2020","price" : 79.2},{"date" : "10/20/2020","price" : 81.56},{"date" : "10/19/2020","price" : 82.0},{"date" : "10/16/2020","price" : 83.17},{"date" : "10/15/2020","price" : 83.13},{"date" : "10/14/2020","price" : 84.21},{"date" : "10/13/2020","price" : 85.28},{"date" : "10/12/2020","price" : 84.29},{"date" : "10/09/2020","price" : 83.1},{"date" : "10/08/2020","price" : 86.51},{"date" : "10/07/2020","price" : 86.69},{"date" : "10/06/2020","price" : 84.48},{"date" : "10/05/2020","price" : 86.15},{"date" : "10/02/2020","price" : 81.8},{"date" : "10/01/2020","price" : 84.86},{"date" : "09/30/2020","price" : 81.99},{"date" : "09/29/2020","price" : 81.77},{"date" : "09/28/2020","price" : 79.48},{"date" : "09/25/2020","price" : 78.055},{"date" : "09/24/2020","price" : 75.82},{"date" : "09/23/2020","price" : 74.73},{"date" : "09/22/2020","price" : 77.7},{"date" : "09/21/2020","price" : 77.94},{"date" : "09/18/2020","price" : 74.93},{"date" : "09/17/2020","price" : 76.55},{"date" : "09/16/2020","price" : 76.66},{"date" : "09/15/2020","price" : 78.93},{"date" : "09/14/2020","price" : 77.9},{"date" : "09/11/2020","price" : 76.34},{"date" : "09/10/2020","price" : 78.98},{"date" : "09/09/2020","price" : 81.91},{"date" : "09/08/2020","price" : 78.69},{"date" : "09/04/2020","price" : 82.01},{"date" : "09/03/2020","price" : 82.54},{"date" : "09/02/2020","price" : 90.22},{"date" : "09/01/2020","price" : 92.18},{"date" : "08/31/2020","price" : 90.82},{"date" : "08/28/2020","price" : 85.55},{"date" : "08/27/2020","price" : 83.8},{"date" : "08/26/2020","price" : 86.02},{"date" : "08/25/2020","price" : 86.35},{"date" : "08/24/2020","price" : 83.08},{"date" : "08/21/2020","price" : 83.81},{"date" : "08/20/2020","price" : 82.77},{"date" : "08/19/2020","price" : 81.09},{"date" : "08/18/2020","price" : 81.66},{"date" : "08/17/2020","price" : 82.42},{"date" : "08/14/2020","price" : 81.3},{"date" : "08/13/2020","price" : 81.84},{"date" : "08/12/2020","price" : 82.61},{"date" : "08/11/2020","price" : 76.88},{"date" : "08/10/2020","price" : 82.24},{"date" : "08/07/2020","price" : 84.85},{"date" : "08/06/2020","price" : 86.71},{"date" : "08/05/2020","price" : 85.31},{"date" : "08/04/2020","price" : 85.04},{"date" : "08/03/2020","price" : 77.67},{"date" : "07/31/2020","price" : 77.43},{"date" : "07/30/2020","price" : 78.2},{"date" : "07/29/2020","price" : 76.09},{"date" : "07/28/2020","price" : 67.61},{"date" : "07/27/2020","price" : 68.97},{"date" : "07/24/2020","price" : 69.4},{"date" : "07/23/2020","price" : 59.57},{"date" : "07/22/2020","price" : 61.79},{"date" : "07/21/2020","price" : 57.0},{"date" : "07/20/2020","price" : 57.46},{"date" : "07/17/2020","price" : 55.04},{"date" : "07/16/2020","price" : 54.92},{"date" : "07/15/2020","price" : 55.34},{"date" : "07/14/2020","price" : 54.72},{"date" : "07/13/2020","price" : 53.59},{"date" : "07/10/2020","price" : 55.88},{"date" : "07/09/2020","price" : 57.255},{"date" : "07/08/2020","price" : 53.43},{"date" : "07/07/2020","price" : 52.93},{"date" : "07/06/2020","price" : 53.4},{"date" : "07/02/2020","price" : 52.34},{"date" : "07/01/2020","price" : 52.58},{"date" : "06/30/2020","price" : 52.61},{"date" : "06/29/2020","price" : 50.28},{"date" : "06/26/2020","price" : 50.1},{"date" : "06/25/2020","price" : 51.93},{"date" : "06/24/2020","price" : 52.39},{"date" : "06/23/2020","price" : 53.99},{"date" : "06/22/2020","price" : 54.76},{"date" : "06/19/2020","price" : 54.23},{"date" : "06/18/2020","price" : 54.04},{"date" : "06/17/2020","price" : 54.55},{"date" : "06/16/2020","price" : 54.46},{"date" : "06/15/2020","price" : 54.68},{"date" : "06/12/2020","price" : 53.5},{"date" : "06/11/2020","price" : 52.83},{"date" : "06/10/2020","price" : 57.44},{"date" : "06/09/2020","price" : 56.39},{"date" : "06/08/2020","price" : 52.97},{"date" : "06/05/2020","price" : 53.1},{"date" : "06/04/2020","price" : 52.63},{"date" : "06/03/2020","price" : 52.73},{"date" : "06/02/2020","price" : 53.54},{"date" : "06/01/2020","price" : 53.63},{"date" : "05/29/2020","price" : 53.8},{"date" : "05/28/2020","price" : 51.74},{"date" : "05/27/2020","price" : 52.74},{"date" : "05/26/2020","price" : 53.19},{"date" : "05/22/2020","price" : 55.17},{"date" : "05/21/2020","price" : 54.65},{"date" : "05/20/2020","price" : 56.39},{"date" : "05/19/2020","price" : 55.47},{"date" : "05/18/2020","price" : 54.59},{"date" : "05/15/2020","price" : 54.2},{"date" : "05/14/2020","price" : 54.51},{"date" : "05/13/2020","price" : 52.18},{"date" : "05/12/2020","price" : 53.76},{"date" : "05/11/2020","price" : 55.74},{"date" : "05/08/2020","price" : 53.19},{"date" : "05/07/2020","price" : 51.95},{"date" : "05/06/2020","price" : 52.16},{"date" : "05/05/2020","price" : 52.19},{"date" : "05/04/2020","price" : 52.56},{"date" : "05/01/2020","price" : 49.88},{"date" : "04/30/2020","price" : 52.39},{"date" : "04/29/2020","price" : 53.66},{"date" : "04/28/2020","price" : 55.51},{"date" : "04/27/2020","price" : 56.49},{"date" : "04/24/2020","price" : 56.18},{"date" : "04/23/2020","price" : 55.9},{"date" : "04/22/2020","price" : 55.92},{"date" : "04/21/2020","price" : 52.92},{"date" : "04/20/2020","price" : 56.97},{"date" : "04/17/2020","price" : 56.6},{"date" : "04/16/2020","price" : 56.95},{"date" : "04/15/2020","price" : 54.99},{"date" : "04/14/2020","price" : 54.93},{"date" : "04/13/2020","price" : 50.94},{"date" : "04/09/2020","price" : 48.38},{"date" : "04/08/2020","price" : 48.79},{"date" : "04/07/2020","price" : 47.56},{"date" : "04/06/2020","price" : 47.52},{"date" : "04/03/2020","price" : 42.59},{"date" : "04/02/2020","price" : 44.49},{"date" : "04/01/2020","price" : 43.66},{"date" : "03/31/2020","price" : 45.48},{"date" : "03/30/2020","price" : 47.86},{"date" : "03/27/2020","price" : 46.58},{"date" : "03/26/2020","price" : 47.5},{"date" : "03/25/2020","price" : 44.63},{"date" : "03/24/2020","price" : 46.22},{"date" : "03/23/2020","price" : 41.64},{"date" : "03/20/2020","price" : 39.61},{"date" : "03/19/2020","price" : 39.82},{"date" : "03/18/2020","price" : 39.12},{"date" : "03/17/2020","price" : 41.88},{"date" : "03/16/2020","price" : 38.71},{"date" : "03/13/2020","price" : 43.9},{"date" : "03/12/2020","price" : 39.01},{"date" : "03/11/2020","price" : 45.7},{"date" : "03/10/2020","price" : 45.38},{"date" : "03/09/2020","price" : 43.27},{"date" : "03/06/2020","price" : 48.59},{"date" : "03/05/2020","price" : 48.11},{"date" : "03/04/2020","price" : 50.11},{"date" : "03/03/2020","price" : 46.75},{"date" : "03/02/2020","price" : 47.46},{"date" : "02/28/2020","price" : 45.48},{"date" : "02/27/2020","price" : 44.01},{"date" : "02/26/2020","price" : 47.49},{"date" : "02/25/2020","price" : 47.57},{"date" : "02/24/2020","price" : 49.12},{"date" : "02/21/2020","price" : 53.28},{"date" : "02/20/2020","price" : 57.27},{"date" : "02/19/2020","price" : 58.9},{"date" : "02/18/2020","price" : 56.89},{"date" : "02/14/2020","price" : 55.31},{"date" : "02/13/2020","price" : 54.53},{"date" : "02/12/2020","price" : 53.89},{"date" : "02/11/2020","price" : 53.8},{"date" : "02/10/2020","price" : 52.26},{"date" : "02/07/2020","price" : 49.73},{"date" : "02/06/2020","price" : 49.32},{"date" : "02/05/2020","price" : 49.84},{"date" : "02/04/2020","price" : 49.45},{"date" : "02/03/2020","price" : 48.02},{"date" : "01/31/2020","price" : 47.0},{"date" : "01/30/2020","price" : 48.78},{"date" : "01/29/2020","price" : 47.51},{"date" : "01/28/2020","price" : 50.53},{"date" : "01/27/2020","price" : 49.26},{"date" : "01/24/2020","price" : 50.35},{"date" : "01/23/2020","price" : 51.71},{"date" : "01/22/2020","price" : 51.43},{"date" : "01/21/2020","price" : 51.05},{"date" : "01/17/2020","price" : 50.93},{"date" : "01/16/2020","price" : 49.77},{"date" : "01/15/2020","price" : 48.545},{"date" : "01/14/2020","price" : 48.21},{"date" : "01/13/2020","price" : 48.745},{"date" : "01/10/2020","price" : 48.165},{"date" : "01/09/2020","price" : 48.97},{"date" : "01/08/2020","price" : 47.83},{"date" : "01/07/2020","price" : 48.25},{"date" : "01/06/2020","price" : 48.39},{"date" : "01/03/2020","price" : 48.6},{"date" : "01/02/2020","price" : 49.1},{"date" : "12/31/2019","price" : 45.86},{"date" : "12/30/2019","price" : 45.52},{"date" : "12/27/2019","price" : 46.18},{"date" : "12/26/2019","price" : 46.63},{"date" : "12/24/2019","price" : 46.54},{"date" : "12/23/2019","price" : 45.46},{"date" : "12/20/2019","price" : 44.15},{"date" : "12/19/2019","price" : 42.83},{"date" : "12/18/2019","price" : 42.3},{"date" : "12/17/2019","price" : 42.77},{"date" : "12/16/2019","price" : 42.35},{"date" : "12/13/2019","price" : 41.15},{"date" : "12/12/2019","price" : 42.59},{"date" : "12/11/2019","price" : 39.47},{"date" : "12/10/2019","price" : 39.44},{"date" : "12/09/2019","price" : 38.93},{"date" : "12/06/2019","price" : 39.63},{"date" : "12/05/2019","price" : 39.62},{"date" : "12/04/2019","price" : 39.69},{"date" : "12/03/2019","price" : 38.9},{"date" : "12/02/2019","price" : 38.73},{"date" : "11/29/2019","price" : 39.15},{"date" : "11/27/2019","price" : 39.41},{"date" : "11/26/2019","price" : 38.99},{"date" : "11/25/2019","price" : 39.79},{"date" : "11/22/2019","price" : 39.15},{"date" : "11/21/2019","price" : 39.52},{"date" : "11/20/2019","price" : 40.98},{"date" : "11/19/2019","price" : 41.29},{"date" : "11/18/2019","price" : 39.88},{"date" : "11/15/2019","price" : 38.56},{"date" : "11/14/2019","price" : 38.35},{"date" : "11/13/2019","price" : 37.52},{"date" : "11/12/2019","price" : 36.71},{"date" : "11/11/2019","price" : 36.31},{"date" : "11/08/2019","price" : 36.29},{"date" : "11/07/2019","price" : 36.28},{"date" : "11/06/2019","price" : 35.93},{"date" : "11/05/2019","price" : 36.15},{"date" : "11/04/2019","price" : 36.29},{"date" : "11/01/2019","price" : 34.89},{"date" : "10/31/2019","price" : 33.93},{"date" : "10/30/2019","price" : 33.13},{"date" : "10/29/2019","price" : 33.03},{"date" : "10/28/2019","price" : 33.69},{"date" : "10/25/2019","price" : 32.71},{"date" : "10/24/2019","price" : 31.72},{"date" : "10/23/2019","price" : 31.36},{"date" : "10/22/2019","price" : 31.51},{"date" : "10/21/2019","price" : 32.03},{"date" : "10/18/2019","price" : 30.97},{"date" : "10/17/2019","price" : 31.14},{"date" : "10/16/2019","price" : 30.81},{"date" : "10/15/2019","price" : 30.72},{"date" : "10/14/2019","price" : 30.53},{"date" : "10/11/2019","price" : 29.75},{"date" : "10/10/2019","price" : 28.38},{"date" : "10/09/2019","price" : 28.46},{"date" : "10/08/2019","price" : 28.23},{"date" : "10/07/2019","price" : 28.93},{"date" : "10/04/2019","price" : 29.01},{"date" : "10/03/2019","price" : 28.68},{"date" : "10/02/2019","price" : 28.31},{"date" : "10/01/2019","price" : 28.76},{"date" : "09/30/2019","price" : 28.99},{"date" : "09/27/2019","price" : 28.72},{"date" : "09/26/2019","price" : 29.47},{"date" : "09/25/2019","price" : 29.54},{"date" : "09/24/2019","price" : 29.52},{"date" : "09/23/2019","price" : 30.64},{"date" : "09/20/2019","price" : 30.05},{"date" : "09/19/2019","price" : 30.29},{"date" : "09/18/2019","price" : 30.42},{"date" : "09/17/2019","price" : 30.99},{"date" : "09/16/2019","price" : 30.83},{"date" : "09/13/2019","price" : 30.69},{"date" : "09/12/2019","price" : 30.21},{"date" : "09/11/2019","price" : 29.76},{"date" : "09/10/2019","price" : 30.23},{"date" : "09/09/2019","price" : 30.5},{"date" : "09/06/2019","price" : 30.56},{"date" : "09/05/2019","price" : 31.5},{"date" : "09/04/2019","price" : 30.95},{"date" : "09/03/2019","price" : 30.9},{"date" : "08/30/2019","price" : 31.45},{"date" : "08/29/2019","price" : 31.45},{"date" : "08/28/2019","price" : 30.78},{"date" : "08/27/2019","price" : 30.2},{"date" : "08/26/2019","price" : 30.28},{"date" : "08/23/2019","price" : 29.54},{"date" : "08/22/2019","price" : 31.9},{"date" : "08/21/2019","price" : 31.7},{"date" : "08/20/2019","price" : 30.72},{"date" : "08/19/2019","price" : 31.48},{"date" : "08/16/2019","price" : 31.18},{"date" : "08/15/2019","price" : 29.67},{"date" : "08/14/2019","price" : 30.24},{"date" : "08/13/2019","price" : 32.11},{"date" : "08/12/2019","price" : 32.43},{"date" : "08/09/2019","price" : 34.19},{"date" : "08/08/2019","price" : 33.92},{"date" : "08/07/2019","price" : 29.19},{"date" : "08/06/2019","price" : 28.86},{"date" : "08/05/2019","price" : 27.99},{"date" : "08/02/2019","price" : 29.44},{"date" : "08/01/2019","price" : 29.86},{"date" : "07/31/2019","price" : 30.45},{"date" : "07/30/2019","price" : 33.87},{"date" : "07/29/2019","price" : 33.48},{"date" : "07/26/2019","price" : 34.02},{"date" : "07/25/2019","price" : 33.67},{"date" : "07/24/2019","price" : 34.11},{"date" : "07/23/2019","price" : 33.49},{"date" : "07/22/2019","price" : 32.85},{"date" : "07/19/2019","price" : 32.51},{"date" : "07/18/2019","price" : 33.0},{"date" : "07/17/2019","price" : 33.6},{"date" : "07/16/2019","price" : 33.85},{"date" : "07/15/2019","price" : 34.39},{"date" : "07/12/2019","price" : 33.21},{"date" : "07/11/2019","price" : 33.06},{"date" : "07/10/2019","price" : 33.79},{"date" : "07/09/2019","price" : 33.15},{"date" : "07/08/2019","price" : 32.04},{"date" : "07/05/2019","price" : 31.5},{"date" : "07/03/2019","price" : 31.19},{"date" : "07/02/2019","price" : 31.24},{"date" : "07/01/2019","price" : 31.2},{"date" : "06/28/2019","price" : 30.37},{"date" : "06/27/2019","price" : 30.74},{"date" : "06/26/2019","price" : 29.92},{"date" : "06/25/2019","price" : 28.86},{"date" : "06/24/2019","price" : 29.26},{"date" : "06/21/2019","price" : 29.1},{"date" : "06/20/2019","price" : 30.01},{"date" : "06/19/2019","price" : 30.5},{"date" : "06/18/2019","price" : 30.45},{"date" : "06/17/2019","price" : 29.2},{"date" : "06/14/2019","price" : 30.36},{"date" : "06/13/2019","price" : 31.39},{"date" : "06/12/2019","price" : 32.18},{"date" : "06/11/2019","price" : 32.41},{"date" : "06/10/2019","price" : 33.23},{"date" : "06/07/2019","price" : 32.41},{"date" : "06/06/2019","price" : 31.82},{"date" : "06/05/2019","price" : 29.5},{"date" : "06/04/2019","price" : 29.57},{"date" : "06/03/2019","price" : 27.58},{"date" : "05/31/2019","price" : 27.41},{"date" : "05/30/2019","price" : 28.03},{"date" : "05/29/2019","price" : 28.09},{"date" : "05/28/2019","price" : 29.03},{"date" : "05/24/2019","price" : 26.44},{"date" : "05/23/2019","price" : 26.36},{"date" : "05/22/2019","price" : 27.41},{"date" : "05/21/2019","price" : 27.35},{"date" : "05/20/2019","price" : 26.68},{"date" : "05/17/2019","price" : 27.5},{"date" : "05/16/2019","price" : 28.01},{"date" : "05/15/2019","price" : 27.58},{"date" : "05/14/2019","price" : 27.32},{"date" : "05/13/2019","price" : 26.24},{"date" : "05/10/2019","price" : 27.96},{"date" : "05/09/2019","price" : 27.21},{"date" : "05/08/2019","price" : 27.09},{"date" : "05/07/2019","price" : 26.66},{"date" : "05/06/2019","price" : 27.42},{"date" : "05/03/2019","price" : 28.22},{"date" : "05/02/2019","price" : 28.29},{"date" : "05/01/2019","price" : 26.81},{"date" : "04/30/2019","price" : 27.63},{"date" : "04/29/2019","price" : 27.69},{"date" : "04/26/2019","price" : 27.88},{"date" : "04/25/2019","price" : 27.66},{"date" : "04/24/2019","price" : 28.46},{"date" : "04/23/2019","price" : 27.97},{"date" : "04/22/2019","price" : 28.18},{"date" : "04/18/2019","price" : 27.68},{"date" : "04/17/2019","price" : 27.49},{"date" : "04/16/2019","price" : 27.93},{"date" : "04/15/2019","price" : 27.33},{"date" : "04/12/2019","price" : 27.85},{"date" : "04/11/2019","price" : 27.79},{"date" : "04/10/2019","price" : 27.83},{"date" : "04/09/2019","price" : 27.24},{"date" : "04/08/2019","price" : 28.53},{"date" : "04/05/2019","price" : 28.98},{"date" : "04/04/2019","price" : 29.09},{"date" : "04/03/2019","price" : 29.02},{"date" : "04/02/2019","price" : 26.75},{"date" : "04/01/2019","price" : 26.36},{"date" : "03/29/2019","price" : 25.52},{"date" : "03/28/2019","price" : 25.06},{"date" : "03/27/2019","price" : 24.89},{"date" : "03/26/2019","price" : 25.69},{"date" : "03/25/2019","price" : 25.97},{"date" : "03/22/2019","price" : 26.37},{"date" : "03/21/2019","price" : 27.89},{"date" : "03/20/2019","price" : 25.7},{"date" : "03/19/2019","price" : 26.0},{"date" : "03/18/2019","price" : 23.25},{"date" : "03/15/2019","price" : 23.29},{"date" : "03/14/2019","price" : 22.82},{"date" : "03/13/2019","price" : 23.38},{"date" : "03/12/2019","price" : 23.49},{"date" : "03/11/2019","price" : 22.96},{"date" : "03/08/2019","price" : 22.01},{"date" : "03/07/2019","price" : 22.08},{"date" : "03/06/2019","price" : 22.41},{"date" : "03/05/2019","price" : 23.5},{"date" : "03/04/2019","price" : 23.37},{"date" : "03/01/2019","price" : 23.68},{"date" : "02/28/2019","price" : 23.53},{"date" : "02/27/2019","price" : 23.48},{"date" : "02/26/2019","price" : 24.21},{"date" : "02/25/2019","price" : 24.71},{"date" : "02/22/2019","price" : 24.36},{"date" : "02/21/2019","price" : 23.92},{"date" : "02/20/2019","price" : 23.95},{"date" : "02/19/2019","price" : 23.95},{"date" : "02/15/2019","price" : 23.68},{"date" : "02/14/2019","price" : 23.13},{"date" : "02/13/2019","price" : 22.85},{"date" : "02/12/2019","price" : 22.82},{"date" : "02/11/2019","price" : 22.96},{"date" : "02/08/2019","price" : 23.05},{"date" : "02/07/2019","price" : 22.67},{"date" : "02/06/2019","price" : 23.26},{"date" : "02/05/2019","price" : 23.31},{"date" : "02/04/2019","price" : 24.13},{"date" : "02/01/2019","price" : 24.51},{"date" : "01/31/2019","price" : 24.41},{"date" : "01/30/2019","price" : 23.09},{"date" : "01/29/2019","price" : 19.25},{"date" : "01/28/2019","price" : 20.18},{"date" : "01/25/2019","price" : 21.93},{"date" : "01/24/2019","price" : 20.85},{"date" : "01/23/2019","price" : 19.8},{"date" : "01/22/2019","price" : 19.76},{"date" : "01/18/2019","price" : 20.77},{"date" : "01/17/2019","price" : 20.25},{"date" : "01/16/2019","price" : 19.73},{"date" : "01/15/2019","price" : 20.38},{"date" : "01/14/2019","price" : 20.23},{"date" : "01/11/2019","price" : 20.27},{"date" : "01/10/2019","price" : 19.74},{"date" : "01/09/2019","price" : 20.19},{"date" : "01/08/2019","price" : 20.75},{"date" : "01/07/2019","price" : 20.57},{"date" : "01/04/2019","price" : 19.0},{"date" : "01/03/2019","price" : 17.05},{"date" : "01/02/2019","price" : 18.83},{"date" : "12/31/2018","price" : 18.46},{"date" : "12/28/2018","price" : 17.82},{"date" : "12/27/2018","price" : 17.49},{"date" : "12/26/2018","price" : 17.9},{"date" : "12/24/2018","price" : 16.65},{"date" : "12/21/2018","price" : 16.93},{"date" : "12/20/2018","price" : 17.94},{"date" : "12/19/2018","price" : 18.16},{"date" : "12/18/2018","price" : 19.5},{"date" : "12/17/2018","price" : 18.83},{"date" : "12/14/2018","price" : 19.9},{"date" : "12/13/2018","price" : 19.86},{"date" : "12/12/2018","price" : 20.48},{"date" : "12/11/2018","price" : 19.98},{"date" : "12/10/2018","price" : 19.99},{"date" : "12/07/2018","price" : 19.46},{"date" : "12/06/2018","price" : 21.3},{"date" : "12/04/2018","price" : 21.12},{"date" : "12/03/2018","price" : 23.71},{"date" : "11/30/2018","price" : 21.3},{"date" : "11/29/2018","price" : 21.43},{"date" : "11/28/2018","price" : 21.34},{"date" : "11/27/2018","price" : 21.05},{"date" : "11/26/2018","price" : 20.08}]}