{ "data" : [{"date" : "11/22/2023","price" : 146.71},{"date" : "11/21/2023","price" : 143.9},{"date" : "11/20/2023","price" : 146.13},{"date" : "11/17/2023","price" : 145.18},{"date" : "11/16/2023","price" : 142.83},{"date" : "11/15/2023","price" : 143.2},{"date" : "11/14/2023","price" : 145.8},{"date" : "11/13/2023","price" : 142.59},{"date" : "11/10/2023","price" : 143.56},{"date" : "11/09/2023","price" : 140.6},{"date" : "11/08/2023","price" : 142.08},{"date" : "11/07/2023","price" : 142.71},{"date" : "11/06/2023","price" : 139.74},{"date" : "11/03/2023","price" : 138.6},{"date" : "11/02/2023","price" : 138.07},{"date" : "11/01/2023","price" : 137.0},{"date" : "10/31/2023","price" : 133.09},{"date" : "10/30/2023","price" : 132.71},{"date" : "10/27/2023","price" : 127.74},{"date" : "10/26/2023","price" : 119.57},{"date" : "10/25/2023","price" : 121.39},{"date" : "10/24/2023","price" : 128.56},{"date" : "10/23/2023","price" : 126.56},{"date" : "10/20/2023","price" : 125.17},{"date" : "10/19/2023","price" : 128.4},{"date" : "10/18/2023","price" : 128.13},{"date" : "10/17/2023","price" : 131.47},{"date" : "10/16/2023","price" : 132.55},{"date" : "10/13/2023","price" : 129.79},{"date" : "10/12/2023","price" : 132.33},{"date" : "10/11/2023","price" : 131.83},{"date" : "10/10/2023","price" : 129.48},{"date" : "10/09/2023","price" : 128.26},{"date" : "10/06/2023","price" : 127.96},{"date" : "10/05/2023","price" : 125.96},{"date" : "10/04/2023","price" : 127.0},{"date" : "10/03/2023","price" : 124.72},{"date" : "10/02/2023","price" : 129.46},{"date" : "09/29/2023","price" : 127.12},{"date" : "09/28/2023","price" : 125.98},{"date" : "09/27/2023","price" : 125.98},{"date" : "09/26/2023","price" : 125.98},{"date" : "09/25/2023","price" : 131.27},{"date" : "09/22/2023","price" : 129.12},{"date" : "09/21/2023","price" : 129.33},{"date" : "09/20/2023","price" : 135.29},{"date" : "09/19/2023","price" : 137.63},{"date" : "09/18/2023","price" : 139.98},{"date" : "09/15/2023","price" : 140.39},{"date" : "09/14/2023","price" : 144.72},{"date" : "09/13/2023","price" : 144.85},{"date" : "09/12/2023","price" : 141.23},{"date" : "09/11/2023","price" : 143.1},{"date" : "09/08/2023","price" : 138.23},{"date" : "09/07/2023","price" : 137.85},{"date" : "09/06/2023","price" : 135.36},{"date" : "09/05/2023","price" : 137.27},{"date" : "09/01/2023","price" : 138.12},{"date" : "08/31/2023","price" : 138.01},{"date" : "08/30/2023","price" : 135.07},{"date" : "08/29/2023","price" : 134.91},{"date" : "08/28/2023","price" : 133.14},{"date" : "08/25/2023","price" : 133.26},{"date" : "08/24/2023","price" : 131.84},{"date" : "08/23/2023","price" : 135.52},{"date" : "08/22/2023","price" : 134.25},{"date" : "08/21/2023","price" : 134.68},{"date" : "08/18/2023","price" : 133.22},{"date" : "08/17/2023","price" : 133.98},{"date" : "08/16/2023","price" : 135.07},{"date" : "08/15/2023","price" : 137.67},{"date" : "08/14/2023","price" : 140.57},{"date" : "08/11/2023","price" : 138.41},{"date" : "08/10/2023","price" : 138.56},{"date" : "08/09/2023","price" : 137.85},{"date" : "08/08/2023","price" : 139.94},{"date" : "08/07/2023","price" : 142.22},{"date" : "08/04/2023","price" : 139.57},{"date" : "08/03/2023","price" : 128.91},{"date" : "08/02/2023","price" : 128.21},{"date" : "08/01/2023","price" : 131.69},{"date" : "07/31/2023","price" : 133.68},{"date" : "07/28/2023","price" : 132.21},{"date" : "07/27/2023","price" : 128.25},{"date" : "07/26/2023","price" : 128.15},{"date" : "07/25/2023","price" : 129.13},{"date" : "07/24/2023","price" : 128.8},{"date" : "07/21/2023","price" : 130.0},{"date" : "07/20/2023","price" : 129.96},{"date" : "07/19/2023","price" : 135.36},{"date" : "07/18/2023","price" : 132.83},{"date" : "07/17/2023","price" : 133.56},{"date" : "07/14/2023","price" : 134.68},{"date" : "07/13/2023","price" : 134.3},{"date" : "07/12/2023","price" : 130.8},{"date" : "07/11/2023","price" : 128.78},{"date" : "07/10/2023","price" : 127.13},{"date" : "07/07/2023","price" : 129.78},{"date" : "07/06/2023","price" : 128.36},{"date" : "07/05/2023","price" : 130.38},{"date" : "07/03/2023","price" : 130.22},{"date" : "06/30/2023","price" : 130.36},{"date" : "06/29/2023","price" : 127.9},{"date" : "06/28/2023","price" : 129.04},{"date" : "06/27/2023","price" : 129.18},{"date" : "06/26/2023","price" : 127.33},{"date" : "06/23/2023","price" : 129.33},{"date" : "06/22/2023","price" : 130.15},{"date" : "06/21/2023","price" : 124.83},{"date" : "06/20/2023","price" : 125.78},{"date" : "06/16/2023","price" : 125.49},{"date" : "06/15/2023","price" : 127.11},{"date" : "06/14/2023","price" : 126.42},{"date" : "06/13/2023","price" : 126.66},{"date" : "06/12/2023","price" : 126.57},{"date" : "06/09/2023","price" : 123.43},{"date" : "06/08/2023","price" : 124.25},{"date" : "06/07/2023","price" : 121.23},{"date" : "06/06/2023","price" : 126.61},{"date" : "06/05/2023","price" : 125.3},{"date" : "06/02/2023","price" : 124.25},{"date" : "06/01/2023","price" : 122.77},{"date" : "05/31/2023","price" : 120.58},{"date" : "05/30/2023","price" : 121.66},{"date" : "05/26/2023","price" : 120.11},{"date" : "05/25/2023","price" : 115.0},{"date" : "05/24/2023","price" : 116.75},{"date" : "05/23/2023","price" : 114.99},{"date" : "05/22/2023","price" : 115.01},{"date" : "05/19/2023","price" : 116.25},{"date" : "05/18/2023","price" : 118.15},{"date" : "05/17/2023","price" : 115.5},{"date" : "05/16/2023","price" : 113.4},{"date" : "05/15/2023","price" : 111.2},{"date" : "05/12/2023","price" : 110.26},{"date" : "05/11/2023","price" : 112.18},{"date" : "05/10/2023","price" : 110.19},{"date" : "05/09/2023","price" : 106.62},{"date" : "05/08/2023","price" : 105.83},{"date" : "05/05/2023","price" : 105.655},{"date" : "05/04/2023","price" : 104.0},{"date" : "05/03/2023","price" : 103.65},{"date" : "05/02/2023","price" : 103.63},{"date" : "05/01/2023","price" : 102.05},{"date" : "04/28/2023","price" : 105.45},{"date" : "04/27/2023","price" : 109.82},{"date" : "04/26/2023","price" : 104.98},{"date" : "04/25/2023","price" : 102.57},{"date" : "04/24/2023","price" : 106.21},{"date" : "04/21/2023","price" : 106.96},{"date" : "04/20/2023","price" : 103.81},{"date" : "04/19/2023","price" : 104.3},{"date" : "04/18/2023","price" : 102.3},{"date" : "04/17/2023","price" : 102.74},{"date" : "04/14/2023","price" : 102.51},{"date" : "04/13/2023","price" : 102.4},{"date" : "04/12/2023","price" : 97.83},{"date" : "04/11/2023","price" : 99.92},{"date" : "04/10/2023","price" : 102.17},{"date" : "04/06/2023","price" : 102.06},{"date" : "04/05/2023","price" : 101.1},{"date" : "04/04/2023","price" : 103.95},{"date" : "04/03/2023","price" : 102.41},{"date" : "03/31/2023","price" : 103.29},{"date" : "03/30/2023","price" : 102.0},{"date" : "03/29/2023","price" : 100.25},{"date" : "03/28/2023","price" : 97.24},{"date" : "03/27/2023","price" : 98.04},{"date" : "03/24/2023","price" : 98.13},{"date" : "03/23/2023","price" : 98.71},{"date" : "03/22/2023","price" : 98.7},{"date" : "03/21/2023","price" : 100.61},{"date" : "03/20/2023","price" : 97.71},{"date" : "03/17/2023","price" : 98.95},{"date" : "03/16/2023","price" : 100.04},{"date" : "03/15/2023","price" : 96.2},{"date" : "03/14/2023","price" : 94.88},{"date" : "03/13/2023","price" : 92.43},{"date" : "03/10/2023","price" : 90.73},{"date" : "03/09/2023","price" : 92.25},{"date" : "03/08/2023","price" : 93.92},{"date" : "03/07/2023","price" : 93.55},{"date" : "03/06/2023","price" : 93.75},{"date" : "03/03/2023","price" : 94.9},{"date" : "03/02/2023","price" : 92.13},{"date" : "03/01/2023","price" : 92.17},{"date" : "02/28/2023","price" : 94.23},{"date" : "02/27/2023","price" : 93.76},{"date" : "02/24/2023","price" : 93.5},{"date" : "02/23/2023","price" : 95.82},{"date" : "02/22/2023","price" : 95.79},{"date" : "02/21/2023","price" : 94.58},{"date" : "02/17/2023","price" : 97.2},{"date" : "02/16/2023","price" : 98.15},{"date" : "02/15/2023","price" : 101.16},{"date" : "02/14/2023","price" : 99.7},{"date" : "02/13/2023","price" : 99.54},{"date" : "02/10/2023","price" : 97.61},{"date" : "02/09/2023","price" : 98.24},{"date" : "02/08/2023","price" : 100.05},{"date" : "02/07/2023","price" : 102.11},{"date" : "02/06/2023","price" : 102.18},{"date" : "02/03/2023","price" : 103.39},{"date" : "02/02/2023","price" : 112.91},{"date" : "02/01/2023","price" : 105.15},{"date" : "01/31/2023","price" : 103.13},{"date" : "01/30/2023","price" : 100.55},{"date" : "01/27/2023","price" : 102.24},{"date" : "01/26/2023","price" : 99.22},{"date" : "01/25/2023","price" : 97.18},{"date" : "01/24/2023","price" : 96.32},{"date" : "01/23/2023","price" : 97.52},{"date" : "01/20/2023","price" : 97.25},{"date" : "01/19/2023","price" : 93.68},{"date" : "01/18/2023","price" : 95.46},{"date" : "01/17/2023","price" : 96.05},{"date" : "01/13/2023","price" : 98.12},{"date" : "01/12/2023","price" : 95.27},{"date" : "01/11/2023","price" : 95.09},{"date" : "01/10/2023","price" : 89.87},{"date" : "01/09/2023","price" : 87.36},{"date" : "01/06/2023","price" : 86.08},{"date" : "01/05/2023","price" : 83.12},{"date" : "01/04/2023","price" : 85.14},{"date" : "01/03/2023","price" : 85.82},{"date" : "12/30/2022","price" : 84.0},{"date" : "12/29/2022","price" : 84.18},{"date" : "12/28/2022","price" : 81.82},{"date" : "12/27/2022","price" : 83.04},{"date" : "12/23/2022","price" : 85.25},{"date" : "12/22/2022","price" : 83.79},{"date" : "12/21/2022","price" : 86.77},{"date" : "12/20/2022","price" : 85.19},{"date" : "12/19/2022","price" : 84.92},{"date" : "12/16/2022","price" : 87.86},{"date" : "12/15/2022","price" : 88.45},{"date" : "12/14/2022","price" : 91.58},{"date" : "12/13/2022","price" : 92.49},{"date" : "12/12/2022","price" : 90.55},{"date" : "12/09/2022","price" : 89.09},{"date" : "12/08/2022","price" : 90.35},{"date" : "12/07/2022","price" : 88.46},{"date" : "12/06/2022","price" : 88.25},{"date" : "12/05/2022","price" : 91.01},{"date" : "12/02/2022","price" : 94.13},{"date" : "12/01/2022","price" : 95.5},{"date" : "11/30/2022","price" : 96.54},{"date" : "11/29/2022","price" : 92.42},{"date" : "11/28/2022","price" : 93.95},{"date" : "11/25/2022","price" : 93.41},{"date" : "11/23/2022","price" : 94.13},{"date" : "11/22/2022","price" : 93.2},{"date" : "11/21/2022","price" : 92.46},{"date" : "11/18/2022","price" : 94.14},{"date" : "11/17/2022","price" : 94.85},{"date" : "11/16/2022","price" : 97.12},{"date" : "11/15/2022","price" : 98.94},{"date" : "11/14/2022","price" : 98.49},{"date" : "11/11/2022","price" : 100.79},{"date" : "11/10/2022","price" : 96.63},{"date" : "11/09/2022","price" : 86.14},{"date" : "11/08/2022","price" : 89.98},{"date" : "11/07/2022","price" : 90.53},{"date" : "11/04/2022","price" : 90.98},{"date" : "11/03/2022","price" : 89.3},{"date" : "11/02/2022","price" : 92.12},{"date" : "11/01/2022","price" : 96.79},{"date" : "10/31/2022","price" : 102.44},{"date" : "10/28/2022","price" : 103.41},{"date" : "10/27/2022","price" : 110.96},{"date" : "10/26/2022","price" : 115.66},{"date" : "10/25/2022","price" : 120.6},{"date" : "10/24/2022","price" : 119.82},{"date" : "10/21/2022","price" : 119.32},{"date" : "10/20/2022","price" : 115.25},{"date" : "10/19/2022","price" : 115.07},{"date" : "10/18/2022","price" : 116.36},{"date" : "10/17/2022","price" : 113.79},{"date" : "10/14/2022","price" : 106.9},{"date" : "10/13/2022","price" : 112.53},{"date" : "10/12/2022","price" : 112.9},{"date" : "10/11/2022","price" : 112.21},{"date" : "10/10/2022","price" : 113.67},{"date" : "10/07/2022","price" : 114.56},{"date" : "10/06/2022","price" : 120.3},{"date" : "10/05/2022","price" : 120.95},{"date" : "10/04/2022","price" : 121.09},{"date" : "10/03/2022","price" : 115.88},{"date" : "09/30/2022","price" : 113.0},{"date" : "09/29/2022","price" : 114.8},{"date" : "09/28/2022","price" : 118.01},{"date" : "09/27/2022","price" : 114.41},{"date" : "09/26/2022","price" : 115.15},{"date" : "09/23/2022","price" : 113.78},{"date" : "09/22/2022","price" : 117.31},{"date" : "09/21/2022","price" : 118.54},{"date" : "09/20/2022","price" : 122.19},{"date" : "09/19/2022","price" : 124.66},{"date" : "09/16/2022","price" : 123.53},{"date" : "09/15/2022","price" : 126.28},{"date" : "09/14/2022","price" : 128.55},{"date" : "09/13/2022","price" : 126.82},{"date" : "09/12/2022","price" : 136.45},{"date" : "09/09/2022","price" : 133.27},{"date" : "09/08/2022","price" : 129.82},{"date" : "09/07/2022","price" : 129.48},{"date" : "09/06/2022","price" : 126.11},{"date" : "09/02/2022","price" : 127.51},{"date" : "09/01/2022","price" : 127.82},{"date" : "08/31/2022","price" : 126.77},{"date" : "08/30/2022","price" : 128.73},{"date" : "08/29/2022","price" : 129.79},{"date" : "08/26/2022","price" : 130.75},{"date" : "08/25/2022","price" : 137.28},{"date" : "08/24/2022","price" : 133.8},{"date" : "08/23/2022","price" : 133.62},{"date" : "08/22/2022","price" : 133.22},{"date" : "08/19/2022","price" : 138.23},{"date" : "08/18/2022","price" : 142.3},{"date" : "08/17/2022","price" : 142.1},{"date" : "08/16/2022","price" : 144.78},{"date" : "08/15/2022","price" : 143.18},{"date" : "08/12/2022","price" : 143.55},{"date" : "08/11/2022","price" : 140.64},{"date" : "08/10/2022","price" : 142.69},{"date" : "08/09/2022","price" : 137.83},{"date" : "08/08/2022","price" : 139.41},{"date" : "08/05/2022","price" : 140.8},{"date" : "08/04/2022","price" : 142.57},{"date" : "08/03/2022","price" : 139.52},{"date" : "08/02/2022","price" : 134.16},{"date" : "08/01/2022","price" : 135.39},{"date" : "07/29/2022","price" : 134.95},{"date" : "07/28/2022","price" : 122.28},{"date" : "07/27/2022","price" : 120.97},{"date" : "07/26/2022","price" : 114.81},{"date" : "07/25/2022","price" : 121.14},{"date" : "07/22/2022","price" : 122.42},{"date" : "07/21/2022","price" : 124.63},{"date" : "07/20/2022","price" : 122.77},{"date" : "07/19/2022","price" : 118.21},{"date" : "07/18/2022","price" : 113.76},{"date" : "07/15/2022","price" : 113.55},{"date" : "07/14/2022","price" : 110.63},{"date" : "07/13/2022","price" : 110.4},{"date" : "07/12/2022","price" : 109.22},{"date" : "07/11/2022","price" : 111.75},{"date" : "07/08/2022","price" : 115.54},{"date" : "07/07/2022","price" : 116.33},{"date" : "07/06/2022","price" : 114.33},{"date" : "07/05/2022","price" : 113.5},{"date" : "07/01/2022","price" : 109.56},{"date" : "06/30/2022","price" : 106.21},{"date" : "06/29/2022","price" : 108.92},{"date" : "06/28/2022","price" : 107.4},{"date" : "06/27/2022","price" : 113.22},{"date" : "06/24/2022","price" : 116.46},{"date" : "06/23/2022","price" : 112.44},{"date" : "06/22/2022","price" : 108.95},{"date" : "06/21/2022","price" : 108.68},{"date" : "06/17/2022","price" : 106.22},{"date" : "06/16/2022","price" : 103.66},{"date" : "06/15/2022","price" : 107.67},{"date" : "06/14/2022","price" : 102.31},{"date" : "06/13/2022","price" : 103.67},{"date" : "06/10/2022","price" : 109.65},{"date" : "06/09/2022","price" : 116.15},{"date" : "06/08/2022","price" : 121.18},{"date" : "06/07/2022","price" : 123.0},{"date" : "06/06/2022","price" : 124.79},{"date" : "06/03/2022","price" : 122.35},{"date" : "06/02/2022","price" : 125.511},{"date" : "06/01/2022","price" : 121.684},{"date" : "05/31/2022","price" : 120.2095},{"date" : "05/27/2022","price" : 115.1465},{"date" : "05/26/2022","price" : 111.0775},{"date" : "05/25/2022","price" : 106.775},{"date" : "05/24/2022","price" : 104.1},{"date" : "05/23/2022","price" : 107.557},{"date" : "05/20/2022","price" : 107.591},{"date" : "05/19/2022","price" : 107.319},{"date" : "05/18/2022","price" : 107.1125},{"date" : "05/17/2022","price" : 115.3685},{"date" : "05/16/2022","price" : 110.8105},{"date" : "05/13/2022","price" : 113.055},{"date" : "05/12/2022","price" : 106.9305},{"date" : "05/11/2022","price" : 105.372},{"date" : "05/10/2022","price" : 108.859},{"date" : "05/09/2022","price" : 108.789},{"date" : "05/06/2022","price" : 114.7725},{"date" : "05/05/2022","price" : 116.407},{"date" : "05/04/2022","price" : 125.9285},{"date" : "05/03/2022","price" : 124.2535},{"date" : "05/02/2022","price" : 124.5},{"date" : "04/29/2022","price" : 124.2815},{"date" : "04/28/2022","price" : 144.5965},{"date" : "04/27/2022","price" : 138.167},{"date" : "04/26/2022","price" : 139.391},{"date" : "04/25/2022","price" : 146.074},{"date" : "04/22/2022","price" : 144.35},{"date" : "04/21/2022","price" : 148.296},{"date" : "04/20/2022","price" : 153.998},{"date" : "04/19/2022","price" : 158.1155},{"date" : "04/18/2022","price" : 152.785},{"date" : "04/14/2022","price" : 151.7065},{"date" : "04/13/2022","price" : 155.541},{"date" : "04/12/2022","price" : 150.7875},{"date" : "04/11/2022","price" : 151.122},{"date" : "04/08/2022","price" : 154.4605},{"date" : "04/07/2022","price" : 157.7845},{"date" : "04/06/2022","price" : 158.756},{"date" : "04/05/2022","price" : 164.055},{"date" : "04/04/2022","price" : 168.3465},{"date" : "04/01/2022","price" : 163.56},{"date" : "03/31/2022","price" : 162.9975},{"date" : "03/30/2022","price" : 166.301},{"date" : "03/29/2022","price" : 169.315},{"date" : "03/28/2022","price" : 168.9905},{"date" : "03/25/2022","price" : 164.7735},{"date" : "03/24/2022","price" : 163.6495},{"date" : "03/23/2022","price" : 163.408},{"date" : "03/22/2022","price" : 164.889},{"date" : "03/21/2022","price" : 161.4915},{"date" : "03/18/2022","price" : 161.2505},{"date" : "03/17/2022","price" : 157.239},{"date" : "03/16/2022","price" : 153.104},{"date" : "03/15/2022","price" : 147.3665},{"date" : "03/14/2022","price" : 141.853},{"date" : "03/11/2022","price" : 145.5245},{"date" : "03/10/2022","price" : 146.8175},{"date" : "03/09/2022","price" : 139.279},{"date" : "03/08/2022","price" : 136.0145},{"date" : "03/07/2022","price" : 137.453},{"date" : "03/04/2022","price" : 145.641},{"date" : "03/03/2022","price" : 147.8985},{"date" : "03/02/2022","price" : 152.0525},{"date" : "03/01/2022","price" : 151.142},{"date" : "02/28/2022","price" : 153.563},{"date" : "02/25/2022","price" : 153.7885},{"date" : "02/24/2022","price" : 151.358},{"date" : "02/23/2022","price" : 144.827},{"date" : "02/22/2022","price" : 150.1975},{"date" : "02/18/2022","price" : 152.6015},{"date" : "02/17/2022","price" : 154.6525},{"date" : "02/16/2022","price" : 158.1005},{"date" : "02/15/2022","price" : 156.5105},{"date" : "02/14/2022","price" : 155.167},{"date" : "02/11/2022","price" : 153.2935},{"date" : "02/10/2022","price" : 159.0035},{"date" : "02/09/2022","price" : 161.1895},{"date" : "02/08/2022","price" : 161.4135},{"date" : "02/07/2022","price" : 157.9355},{"date" : "02/04/2022","price" : 157.6395},{"date" : "02/03/2022","price" : 138.8455},{"date" : "02/02/2022","price" : 150.6125},{"date" : "02/01/2022","price" : 151.1935},{"date" : "01/31/2022","price" : 149.5735},{"date" : "01/28/2022","price" : 143.978},{"date" : "01/27/2022","price" : 139.6375},{"date" : "01/26/2022","price" : 138.8725},{"date" : "01/25/2022","price" : 139.986},{"date" : "01/24/2022","price" : 144.544},{"date" : "01/21/2022","price" : 142.643},{"date" : "01/20/2022","price" : 151.6675},{"date" : "01/19/2022","price" : 156.299},{"date" : "01/18/2022","price" : 158.9175},{"date" : "01/14/2022","price" : 162.138},{"date" : "01/13/2022","price" : 161.214},{"date" : "01/12/2022","price" : 165.207},{"date" : "01/11/2022","price" : 165.362},{"date" : "01/10/2022","price" : 161.486},{"date" : "01/07/2022","price" : 162.554},{"date" : "01/06/2022","price" : 163.254},{"date" : "01/05/2022","price" : 164.357},{"date" : "01/04/2022","price" : 167.522},{"date" : "01/03/2022","price" : 170.4045},{"date" : "12/31/2021","price" : 166.717},{"date" : "12/30/2021","price" : 168.6445},{"date" : "12/29/2021","price" : 169.201},{"date" : "12/28/2021","price" : 170.661},{"date" : "12/27/2021","price" : 169.6695},{"date" : "12/23/2021","price" : 171.0685},{"date" : "12/22/2021","price" : 171.037},{"date" : "12/21/2021","price" : 170.417},{"date" : "12/20/2021","price" : 167.079},{"date" : "12/17/2021","price" : 170.0175},{"date" : "12/16/2021","price" : 168.871},{"date" : "12/15/2021","price" : 173.315},{"date" : "12/14/2021","price" : 169.0915},{"date" : "12/13/2021","price" : 169.5675},{"date" : "12/10/2021","price" : 172.212},{"date" : "12/09/2021","price" : 174.171},{"date" : "12/08/2021","price" : 176.158},{"date" : "12/07/2021","price" : 176.1645},{"date" : "12/06/2021","price" : 171.3685},{"date" : "12/03/2021","price" : 169.4895},{"date" : "12/02/2021","price" : 171.868},{"date" : "12/01/2021","price" : 172.186},{"date" : "11/30/2021","price" : 175.3535},{"date" : "11/29/2021","price" : 178.0785},{"date" : "11/26/2021","price" : 175.228},{"date" : "11/24/2021","price" : 179.0205},{"date" : "11/23/2021","price" : 179.002},{"date" : "11/22/2021","price" : 178.6285},{"date" : "11/19/2021","price" : 183.8285},{"date" : "11/18/2021","price" : 184.803},{"date" : "11/17/2021","price" : 177.45},{"date" : "11/16/2021","price" : 177.035},{"date" : "11/15/2021","price" : 177.284},{"date" : "11/12/2021","price" : 176.2575},{"date" : "11/11/2021","price" : 173.625},{"date" : "11/10/2021","price" : 174.1025},{"date" : "11/09/2021","price" : 178.8115},{"date" : "11/08/2021","price" : 174.449},{"date" : "11/05/2021","price" : 175.9495},{"date" : "11/04/2021","price" : 173.85},{"date" : "11/03/2021","price" : 169.2},{"date" : "11/02/2021","price" : 165.6375},{"date" : "11/01/2021","price" : 165.9055},{"date" : "10/29/2021","price" : 168.6215},{"date" : "10/28/2021","price" : 172.3285},{"date" : "10/27/2021","price" : 169.6245},{"date" : "10/26/2021","price" : 168.8035},{"date" : "10/25/2021","price" : 166.0185},{"date" : "10/22/2021","price" : 166.7775},{"date" : "10/21/2021","price" : 171.7505},{"date" : "10/20/2021","price" : 170.753},{"date" : "10/19/2021","price" : 172.2075},{"date" : "10/18/2021","price" : 172.337},{"date" : "10/15/2021","price" : 170.451},{"date" : "10/14/2021","price" : 164.993},{"date" : "10/13/2021","price" : 164.214},{"date" : "10/12/2021","price" : 162.3665},{"date" : "10/11/2021","price" : 162.315},{"date" : "10/08/2021","price" : 164.431},{"date" : "10/07/2021","price" : 165.1215},{"date" : "10/06/2021","price" : 163.1005},{"date" : "10/05/2021","price" : 161.05},{"date" : "10/04/2021","price" : 159.489},{"date" : "10/01/2021","price" : 164.163},{"date" : "09/30/2021","price" : 164.252},{"date" : "09/29/2021","price" : 165.056},{"date" : "09/28/2021","price" : 165.798},{"date" : "09/27/2021","price" : 170.29},{"date" : "09/24/2021","price" : 171.276},{"date" : "09/23/2021","price" : 170.8},{"date" : "09/22/2021","price" : 169.0025},{"date" : "09/21/2021","price" : 167.1815},{"date" : "09/20/2021","price" : 167.7865},{"date" : "09/17/2021","price" : 173.126},{"date" : "09/16/2021","price" : 174.412},{"date" : "09/15/2021","price" : 173.7895},{"date" : "09/14/2021","price" : 172.5},{"date" : "09/13/2021","price" : 172.8585},{"date" : "09/10/2021","price" : 173.4575},{"date" : "09/09/2021","price" : 174.208},{"date" : "09/08/2021","price" : 176.275},{"date" : "09/07/2021","price" : 175.4645},{"date" : "09/03/2021","price" : 173.9025},{"date" : "09/02/2021","price" : 173.156},{"date" : "09/01/2021","price" : 173.95},{"date" : "08/31/2021","price" : 173.5395},{"date" : "08/30/2021","price" : 171.0785},{"date" : "08/27/2021","price" : 167.4815},{"date" : "08/26/2021","price" : 165.8},{"date" : "08/25/2021","price" : 164.959},{"date" : "08/24/2021","price" : 165.289},{"date" : "08/23/2021","price" : 163.2935},{"date" : "08/20/2021","price" : 159.9975},{"date" : "08/19/2021","price" : 159.3875},{"date" : "08/18/2021","price" : 160.061},{"date" : "08/17/2021","price" : 162.098},{"date" : "08/16/2021","price" : 164.9495},{"date" : "08/13/2021","price" : 164.6985},{"date" : "08/12/2021","price" : 165.175},{"date" : "08/11/2021","price" : 164.6055},{"date" : "08/10/2021","price" : 166.034},{"date" : "08/09/2021","price" : 167.0935},{"date" : "08/06/2021","price" : 167.247},{"date" : "08/05/2021","price" : 168.7995},{"date" : "08/04/2021","price" : 167.736},{"date" : "08/03/2021","price" : 168.312},{"date" : "08/02/2021","price" : 166.574},{"date" : "07/30/2021","price" : 166.3795},{"date" : "07/29/2021","price" : 179.996},{"date" : "07/28/2021","price" : 181.516},{"date" : "07/27/2021","price" : 181.3195},{"date" : "07/26/2021","price" : 184.991},{"date" : "07/23/2021","price" : 182.832},{"date" : "07/22/2021","price" : 181.9015},{"date" : "07/21/2021","price" : 179.26},{"date" : "07/20/2021","price" : 178.6595},{"date" : "07/19/2021","price" : 177.4795},{"date" : "07/16/2021","price" : 178.6815},{"date" : "07/15/2021","price" : 181.56},{"date" : "07/14/2021","price" : 184.084},{"date" : "07/13/2021","price" : 183.868},{"date" : "07/12/2021","price" : 185.9275},{"date" : "07/09/2021","price" : 185.967},{"date" : "07/08/2021","price" : 186.5705},{"date" : "07/07/2021","price" : 184.829},{"date" : "07/06/2021","price" : 183.787},{"date" : "07/02/2021","price" : 175.549},{"date" : "07/01/2021","price" : 171.6485},{"date" : "06/30/2021","price" : 172.008},{"date" : "06/29/2021","price" : 172.407},{"date" : "06/28/2021","price" : 172.1945},{"date" : "06/25/2021","price" : 170.073},{"date" : "06/24/2021","price" : 172.454},{"date" : "06/23/2021","price" : 175.191},{"date" : "06/22/2021","price" : 175.272},{"date" : "06/21/2021","price" : 172.698},{"date" : "06/18/2021","price" : 174.345},{"date" : "06/17/2021","price" : 174.462},{"date" : "06/16/2021","price" : 170.7625},{"date" : "06/15/2021","price" : 169.1565},{"date" : "06/14/2021","price" : 169.1935},{"date" : "06/11/2021","price" : 167.3415},{"date" : "06/10/2021","price" : 167.4825},{"date" : "06/09/2021","price" : 164.0575},{"date" : "06/08/2021","price" : 163.2055},{"date" : "06/07/2021","price" : 159.9005},{"date" : "06/04/2021","price" : 160.311},{"date" : "06/03/2021","price" : 159.3505},{"date" : "06/02/2021","price" : 161.6995},{"date" : "06/01/2021","price" : 160.9325},{"date" : "05/28/2021","price" : 161.1535},{"date" : "05/27/2021","price" : 161.5055},{"date" : "05/26/2021","price" : 163.258},{"date" : "05/25/2021","price" : 162.9525},{"date" : "05/24/2021","price" : 162.2495},{"date" : "05/21/2021","price" : 160.154},{"date" : "05/20/2021","price" : 162.384},{"date" : "05/19/2021","price" : 161.59},{"date" : "05/18/2021","price" : 161.614},{"date" : "05/17/2021","price" : 163.5195},{"date" : "05/14/2021","price" : 161.145},{"date" : "05/13/2021","price" : 158.0735},{"date" : "05/12/2021","price" : 157.597},{"date" : "05/11/2021","price" : 161.1955},{"date" : "05/10/2021","price" : 159.5245},{"date" : "05/07/2021","price" : 164.5805},{"date" : "05/06/2021","price" : 165.3185},{"date" : "05/05/2021","price" : 163.527},{"date" : "05/04/2021","price" : 165.5935},{"date" : "05/03/2021","price" : 169.3245},{"date" : "04/30/2021","price" : 173.371},{"date" : "04/29/2021","price" : 173.5655},{"date" : "04/28/2021","price" : 172.925},{"date" : "04/27/2021","price" : 170.8715},{"date" : "04/26/2021","price" : 170.45},{"date" : "04/23/2021","price" : 167.044},{"date" : "04/22/2021","price" : 165.452},{"date" : "04/21/2021","price" : 168.101},{"date" : "04/20/2021","price" : 166.7345},{"date" : "04/19/2021","price" : 168.6005},{"date" : "04/16/2021","price" : 169.972},{"date" : "04/15/2021","price" : 168.9545},{"date" : "04/14/2021","price" : 166.65},{"date" : "04/13/2021","price" : 170.0},{"date" : "04/12/2021","price" : 168.9695},{"date" : "04/09/2021","price" : 168.61},{"date" : "04/08/2021","price" : 164.965},{"date" : "04/07/2021","price" : 163.9695},{"date" : "04/06/2021","price" : 161.191},{"date" : "04/05/2021","price" : 161.3365},{"date" : "04/01/2021","price" : 158.05},{"date" : "03/31/2021","price" : 154.704},{"date" : "03/30/2021","price" : 152.7645},{"date" : "03/29/2021","price" : 153.7865},{"date" : "03/26/2021","price" : 152.6015},{"date" : "03/25/2021","price" : 152.313},{"date" : "03/24/2021","price" : 154.3535},{"date" : "03/23/2021","price" : 156.875},{"date" : "03/22/2021","price" : 155.5435},{"date" : "03/19/2021","price" : 153.748},{"date" : "03/18/2021","price" : 151.3995},{"date" : "03/17/2021","price" : 156.7865},{"date" : "03/16/2021","price" : 154.593},{"date" : "03/15/2021","price" : 154.084},{"date" : "03/12/2021","price" : 154.4745},{"date" : "03/11/2021","price" : 155.6795},{"date" : "03/10/2021","price" : 152.882},{"date" : "03/09/2021","price" : 153.1425},{"date" : "03/08/2021","price" : 147.5975},{"date" : "03/05/2021","price" : 150.023},{"date" : "03/04/2021","price" : 148.8785},{"date" : "03/03/2021","price" : 150.25},{"date" : "03/02/2021","price" : 154.7265},{"date" : "03/01/2021","price" : 157.307},{"date" : "02/26/2021","price" : 154.6465},{"date" : "02/25/2021","price" : 152.858},{"date" : "02/24/2021","price" : 157.9765},{"date" : "02/23/2021","price" : 159.725},{"date" : "02/22/2021","price" : 159.037},{"date" : "02/19/2021","price" : 162.495},{"date" : "02/18/2021","price" : 166.4115},{"date" : "02/17/2021","price" : 165.432},{"date" : "02/16/2021","price" : 163.4475},{"date" : "02/12/2021","price" : 163.8855},{"date" : "02/11/2021","price" : 163.1065},{"date" : "02/10/2021","price" : 164.329},{"date" : "02/09/2021","price" : 165.25},{"date" : "02/08/2021","price" : 166.147},{"date" : "02/05/2021","price" : 167.6075},{"date" : "02/04/2021","price" : 166.55},{"date" : "02/03/2021","price" : 165.6265},{"date" : "02/02/2021","price" : 169.0},{"date" : "02/01/2021","price" : 167.144},{"date" : "01/29/2021","price" : 160.31},{"date" : "01/28/2021","price" : 161.881},{"date" : "01/27/2021","price" : 161.629},{"date" : "01/26/2021","price" : 166.3065},{"date" : "01/25/2021","price" : 164.7},{"date" : "01/22/2021","price" : 164.6115},{"date" : "01/21/2021","price" : 165.3495},{"date" : "01/20/2021","price" : 163.169},{"date" : "01/19/2021","price" : 156.038},{"date" : "01/15/2021","price" : 155.2125},{"date" : "01/14/2021","price" : 156.3735},{"date" : "01/13/2021","price" : 158.2945},{"date" : "01/12/2021","price" : 156.0415},{"date" : "01/11/2021","price" : 155.7105},{"date" : "01/08/2021","price" : 159.135},{"date" : "01/07/2021","price" : 158.108},{"date" : "01/06/2021","price" : 156.919},{"date" : "01/05/2021","price" : 160.9255},{"date" : "01/04/2021","price" : 159.3315},{"date" : "12/31/2020","price" : 162.8465},{"date" : "12/30/2020","price" : 164.2925},{"date" : "12/29/2020","price" : 166.1},{"date" : "12/28/2020","price" : 164.198},{"date" : "12/24/2020","price" : 158.6345},{"date" : "12/23/2020","price" : 159.2635},{"date" : "12/22/2020","price" : 160.326},{"date" : "12/21/2020","price" : 160.309},{"date" : "12/18/2020","price" : 160.0825},{"date" : "12/17/2020","price" : 161.804},{"date" : "12/16/2020","price" : 162.048},{"date" : "12/15/2020","price" : 158.256},{"date" : "12/14/2020","price" : 157.8485},{"date" : "12/11/2020","price" : 155.821},{"date" : "12/10/2020","price" : 155.0745},{"date" : "12/09/2020","price" : 155.21},{"date" : "12/08/2020","price" : 158.8645},{"date" : "12/07/2020","price" : 157.9},{"date" : "12/04/2020","price" : 158.129},{"date" : "12/03/2020","price" : 159.3365},{"date" : "12/02/2020","price" : 160.1765},{"date" : "12/01/2020","price" : 161.004},{"date" : "11/30/2020","price" : 158.402},{"date" : "11/27/2020","price" : 159.767},{"date" : "11/25/2020","price" : 159.2535},{"date" : "11/24/2020","price" : 155.903},{"date" : "11/23/2020","price" : 154.9195},{"date" : "11/20/2020","price" : 154.97},{"date" : "11/19/2020","price" : 155.851},{"date" : "11/18/2020","price" : 155.273},{"date" : "11/17/2020","price" : 156.783},{"date" : "11/16/2020","price" : 156.553},{"date" : "11/13/2020","price" : 156.4405},{"date" : "11/12/2020","price" : 155.514},{"date" : "11/11/2020","price" : 156.8695},{"date" : "11/10/2020","price" : 151.751},{"date" : "11/09/2020","price" : 157.187},{"date" : "11/06/2020","price" : 165.5685},{"date" : "11/05/2020","price" : 166.1},{"date" : "11/04/2020","price" : 162.058},{"date" : "11/03/2020","price" : 152.4205},{"date" : "11/02/2020","price" : 150.224},{"date" : "10/30/2020","price" : 151.8075},{"date" : "10/29/2020","price" : 160.5505},{"date" : "10/28/2020","price" : 158.139},{"date" : "10/27/2020","price" : 164.3165},{"date" : "10/26/2020","price" : 160.352},{"date" : "10/23/2020","price" : 160.22},{"date" : "10/22/2020","price" : 158.82},{"date" : "10/21/2020","price" : 159.247},{"date" : "10/20/2020","price" : 160.8505},{"date" : "10/19/2020","price" : 160.3605},{"date" : "10/16/2020","price" : 163.6355},{"date" : "10/15/2020","price" : 166.9325},{"date" : "10/14/2020","price" : 168.1855},{"date" : "10/13/2020","price" : 172.1815},{"date" : "10/12/2020","price" : 172.1465},{"date" : "10/09/2020","price" : 164.3325},{"date" : "10/08/2020","price" : 159.5275},{"date" : "10/07/2020","price" : 159.7845},{"date" : "10/06/2020","price" : 154.998},{"date" : "10/05/2020","price" : 159.96},{"date" : "10/02/2020","price" : 156.25},{"date" : "10/01/2020","price" : 161.063},{"date" : "09/30/2020","price" : 157.4365},{"date" : "09/29/2020","price" : 157.244},{"date" : "09/28/2020","price" : 158.7025},{"date" : "09/25/2020","price" : 154.7565},{"date" : "09/24/2020","price" : 150.9895},{"date" : "09/23/2020","price" : 149.993},{"date" : "09/22/2020","price" : 156.4495},{"date" : "09/21/2020","price" : 148.0235},{"date" : "09/18/2020","price" : 147.7455},{"date" : "09/17/2020","price" : 150.4365},{"date" : "09/16/2020","price" : 153.905},{"date" : "09/15/2020","price" : 157.8065},{"date" : "09/14/2020","price" : 155.1485},{"date" : "09/11/2020","price" : 155.811},{"date" : "09/10/2020","price" : 158.7555},{"date" : "09/09/2020","price" : 163.4305},{"date" : "09/08/2020","price" : 157.492},{"date" : "09/04/2020","price" : 164.731},{"date" : "09/03/2020","price" : 168.4},{"date" : "09/02/2020","price" : 176.5725},{"date" : "09/01/2020","price" : 174.956},{"date" : "08/31/2020","price" : 172.548},{"date" : "08/28/2020","price" : 170.09},{"date" : "08/27/2020","price" : 170.0},{"date" : "08/26/2020","price" : 172.0925},{"date" : "08/25/2020","price" : 167.3245},{"date" : "08/24/2020","price" : 165.373},{"date" : "08/21/2020","price" : 164.236},{"date" : "08/20/2020","price" : 164.8685},{"date" : "08/19/2020","price" : 163.024},{"date" : "08/18/2020","price" : 165.6245},{"date" : "08/17/2020","price" : 159.1205},{"date" : "08/14/2020","price" : 157.401},{"date" : "08/13/2020","price" : 158.051},{"date" : "08/12/2020","price" : 158.112},{"date" : "08/11/2020","price" : 154.0335},{"date" : "08/10/2020","price" : 157.408},{"date" : "08/07/2020","price" : 158.373},{"date" : "08/06/2020","price" : 161.25},{"date" : "08/05/2020","price" : 160.2515},{"date" : "08/04/2020","price" : 156.9415},{"date" : "08/03/2020","price" : 155.5945},{"date" : "07/31/2020","price" : 158.234},{"date" : "07/30/2020","price" : 152.594},{"date" : "07/29/2020","price" : 151.6765},{"date" : "07/28/2020","price" : 150.0165},{"date" : "07/27/2020","price" : 152.7605},{"date" : "07/24/2020","price" : 150.4455},{"date" : "07/23/2020","price" : 149.3275},{"date" : "07/22/2020","price" : 154.9955},{"date" : "07/21/2020","price" : 156.9145},{"date" : "07/20/2020","price" : 159.842},{"date" : "07/17/2020","price" : 148.0985},{"date" : "07/16/2020","price" : 149.995},{"date" : "07/15/2020","price" : 150.4435},{"date" : "07/14/2020","price" : 154.2},{"date" : "07/13/2020","price" : 155.2},{"date" : "07/10/2020","price" : 160.0},{"date" : "07/09/2020","price" : 159.1315},{"date" : "07/08/2020","price" : 154.0555},{"date" : "07/07/2020","price" : 150.006},{"date" : "07/06/2020","price" : 152.852},{"date" : "07/02/2020","price" : 144.515},{"date" : "07/01/2020","price" : 143.935},{"date" : "06/30/2020","price" : 137.941},{"date" : "06/29/2020","price" : 134.019},{"date" : "06/26/2020","price" : 134.6435},{"date" : "06/25/2020","price" : 137.729},{"date" : "06/24/2020","price" : 136.72},{"date" : "06/23/2020","price" : 138.2205},{"date" : "06/22/2020","price" : 135.691},{"date" : "06/19/2020","price" : 133.7505},{"date" : "06/18/2020","price" : 132.699},{"date" : "06/17/2020","price" : 132.049},{"date" : "06/16/2020","price" : 130.7635},{"date" : "06/15/2020","price" : 128.634},{"date" : "06/12/2020","price" : 127.251},{"date" : "06/11/2020","price" : 127.898},{"date" : "06/10/2020","price" : 132.3725},{"date" : "06/09/2020","price" : 130.043},{"date" : "06/08/2020","price" : 126.203},{"date" : "06/05/2020","price" : 124.15},{"date" : "06/04/2020","price" : 123.03},{"date" : "06/03/2020","price" : 123.92},{"date" : "06/02/2020","price" : 123.6205},{"date" : "06/01/2020","price" : 123.552},{"date" : "05/29/2020","price" : 122.1185},{"date" : "05/28/2020","price" : 120.055},{"date" : "05/27/2020","price" : 120.5195},{"date" : "05/26/2020","price" : 121.093},{"date" : "05/22/2020","price" : 121.844},{"date" : "05/21/2020","price" : 122.337},{"date" : "05/20/2020","price" : 124.897},{"date" : "05/19/2020","price" : 122.4665},{"date" : "05/18/2020","price" : 121.313},{"date" : "05/15/2020","price" : 120.489},{"date" : "05/14/2020","price" : 119.4425},{"date" : "05/13/2020","price" : 118.396},{"date" : "05/12/2020","price" : 117.8475},{"date" : "05/11/2020","price" : 120.45},{"date" : "05/08/2020","price" : 118.9805},{"date" : "05/07/2020","price" : 118.3805},{"date" : "05/06/2020","price" : 117.563},{"date" : "05/05/2020","price" : 115.89},{"date" : "05/04/2020","price" : 115.7995},{"date" : "05/01/2020","price" : 114.302},{"date" : "04/30/2020","price" : 123.7},{"date" : "04/29/2020","price" : 118.6355},{"date" : "04/28/2020","price" : 115.704},{"date" : "04/27/2020","price" : 118.8},{"date" : "04/24/2020","price" : 120.511},{"date" : "04/23/2020","price" : 119.9725},{"date" : "04/22/2020","price" : 118.1745},{"date" : "04/21/2020","price" : 116.406},{"date" : "04/20/2020","price" : 119.6805},{"date" : "04/17/2020","price" : 118.75},{"date" : "04/16/2020","price" : 120.4095},{"date" : "04/15/2020","price" : 115.384},{"date" : "04/14/2020","price" : 114.166},{"date" : "04/13/2020","price" : 108.4435},{"date" : "04/09/2020","price" : 102.138},{"date" : "04/08/2020","price" : 102.15},{"date" : "04/07/2020","price" : 100.58},{"date" : "04/06/2020","price" : 99.8795},{"date" : "04/03/2020","price" : 95.3295},{"date" : "04/02/2020","price" : 95.9415},{"date" : "04/01/2020","price" : 95.385},{"date" : "03/31/2020","price" : 97.486},{"date" : "03/30/2020","price" : 98.1975},{"date" : "03/27/2020","price" : 95.005},{"date" : "03/26/2020","price" : 97.7745},{"date" : "03/25/2020","price" : 94.292},{"date" : "03/24/2020","price" : 97.005},{"date" : "03/23/2020","price" : 95.1415},{"date" : "03/20/2020","price" : 92.3045},{"date" : "03/19/2020","price" : 94.0465},{"date" : "03/18/2020","price" : 91.5},{"date" : "03/17/2020","price" : 90.392},{"date" : "03/16/2020","price" : 84.4575},{"date" : "03/13/2020","price" : 89.25},{"date" : "03/12/2020","price" : 83.8305},{"date" : "03/11/2020","price" : 91.043},{"date" : "03/10/2020","price" : 94.591},{"date" : "03/09/2020","price" : 90.0305},{"date" : "03/06/2020","price" : 95.0545},{"date" : "03/05/2020","price" : 96.2015},{"date" : "03/04/2020","price" : 98.7915},{"date" : "03/03/2020","price" : 95.4495},{"date" : "03/02/2020","price" : 97.6975},{"date" : "02/28/2020","price" : 94.1875},{"date" : "02/27/2020","price" : 94.215},{"date" : "02/26/2020","price" : 98.9795},{"date" : "02/25/2020","price" : 98.637},{"date" : "02/24/2020","price" : 100.4645},{"date" : "02/21/2020","price" : 104.7985},{"date" : "02/20/2020","price" : 107.655},{"date" : "02/19/2020","price" : 108.511},{"date" : "02/18/2020","price" : 107.7835},{"date" : "02/14/2020","price" : 106.7435},{"date" : "02/13/2020","price" : 107.4935},{"date" : "02/12/2020","price" : 108.0},{"date" : "02/11/2020","price" : 107.54},{"date" : "02/10/2020","price" : 106.6955},{"date" : "02/07/2020","price" : 103.964},{"date" : "02/06/2020","price" : 102.5115},{"date" : "02/05/2020","price" : 101.9935},{"date" : "02/04/2020","price" : 102.4835},{"date" : "02/03/2020","price" : 100.21},{"date" : "01/31/2020","price" : 100.436},{"date" : "01/30/2020","price" : 93.534},{"date" : "01/29/2020","price" : 92.9},{"date" : "01/28/2020","price" : 92.6625},{"date" : "01/27/2020","price" : 91.417},{"date" : "01/24/2020","price" : 93.082},{"date" : "01/23/2020","price" : 94.229},{"date" : "01/22/2020","price" : 94.373},{"date" : "01/21/2020","price" : 94.6},{"date" : "01/17/2020","price" : 93.236},{"date" : "01/16/2020","price" : 93.897},{"date" : "01/15/2020","price" : 93.101},{"date" : "01/14/2020","price" : 93.472},{"date" : "01/13/2020","price" : 94.565},{"date" : "01/10/2020","price" : 94.158},{"date" : "01/09/2020","price" : 95.0525},{"date" : "01/08/2020","price" : 94.5985},{"date" : "01/07/2020","price" : 95.343},{"date" : "01/06/2020","price" : 95.144},{"date" : "01/03/2020","price" : 93.7485},{"date" : "01/02/2020","price" : 94.9005},{"date" : "12/31/2019","price" : 92.392},{"date" : "12/30/2019","price" : 92.3445},{"date" : "12/27/2019","price" : 93.49},{"date" : "12/26/2019","price" : 93.4385},{"date" : "12/24/2019","price" : 89.4605},{"date" : "12/23/2019","price" : 89.65},{"date" : "12/20/2019","price" : 89.325},{"date" : "12/19/2019","price" : 89.614},{"date" : "12/18/2019","price" : 89.2015},{"date" : "12/17/2019","price" : 89.533},{"date" : "12/16/2019","price" : 88.4605},{"date" : "12/13/2019","price" : 88.047},{"date" : "12/12/2019","price" : 88.0165},{"date" : "12/11/2019","price" : 87.436},{"date" : "12/10/2019","price" : 86.9605},{"date" : "12/09/2019","price" : 87.4755},{"date" : "12/06/2019","price" : 87.58},{"date" : "12/05/2019","price" : 87.024},{"date" : "12/04/2019","price" : 88.0345},{"date" : "12/03/2019","price" : 88.498},{"date" : "12/02/2019","price" : 89.08},{"date" : "11/29/2019","price" : 90.04},{"date" : "11/27/2019","price" : 90.9255},{"date" : "11/26/2019","price" : 89.847},{"date" : "11/25/2019","price" : 88.692},{"date" : "11/22/2019","price" : 87.286},{"date" : "11/21/2019","price" : 86.7355},{"date" : "11/20/2019","price" : 87.2765},{"date" : "11/19/2019","price" : 87.6395},{"date" : "11/18/2019","price" : 87.6265},{"date" : "11/15/2019","price" : 86.9745},{"date" : "11/14/2019","price" : 87.73},{"date" : "11/13/2019","price" : 87.6555},{"date" : "11/12/2019","price" : 88.9},{"date" : "11/11/2019","price" : 88.5825},{"date" : "11/08/2019","price" : 89.294},{"date" : "11/07/2019","price" : 89.41},{"date" : "11/06/2019","price" : 89.7885},{"date" : "11/05/2019","price" : 90.0855},{"date" : "11/04/2019","price" : 90.233},{"date" : "11/01/2019","price" : 89.572},{"date" : "10/31/2019","price" : 88.833},{"date" : "10/30/2019","price" : 88.9995},{"date" : "10/29/2019","price" : 88.1355},{"date" : "10/28/2019","price" : 88.854},{"date" : "10/25/2019","price" : 88.0665},{"date" : "10/24/2019","price" : 89.039},{"date" : "10/23/2019","price" : 88.1085},{"date" : "10/22/2019","price" : 88.2865},{"date" : "10/21/2019","price" : 89.283},{"date" : "10/18/2019","price" : 87.8755},{"date" : "10/17/2019","price" : 89.374},{"date" : "10/16/2019","price" : 88.8715},{"date" : "10/15/2019","price" : 88.369},{"date" : "10/14/2019","price" : 86.8215},{"date" : "10/11/2019","price" : 86.596},{"date" : "10/10/2019","price" : 86.013},{"date" : "10/09/2019","price" : 86.0995},{"date" : "10/08/2019","price" : 85.2755},{"date" : "10/07/2019","price" : 86.633},{"date" : "10/04/2019","price" : 86.9825},{"date" : "10/03/2019","price" : 86.221},{"date" : "10/02/2019","price" : 85.6615},{"date" : "10/01/2019","price" : 86.7825},{"date" : "09/30/2019","price" : 86.7955},{"date" : "09/27/2019","price" : 86.2725},{"date" : "09/26/2019","price" : 86.992},{"date" : "09/25/2019","price" : 88.4165},{"date" : "09/24/2019","price" : 87.0805},{"date" : "09/23/2019","price" : 89.265},{"date" : "09/20/2019","price" : 89.708},{"date" : "09/19/2019","price" : 91.075},{"date" : "09/18/2019","price" : 90.873},{"date" : "09/17/2019","price" : 91.1275},{"date" : "09/16/2019","price" : 90.392},{"date" : "09/13/2019","price" : 91.967},{"date" : "09/12/2019","price" : 92.1775},{"date" : "09/11/2019","price" : 91.1495},{"date" : "09/10/2019","price" : 91.0275},{"date" : "09/09/2019","price" : 91.5675},{"date" : "09/06/2019","price" : 91.6755},{"date" : "09/05/2019","price" : 92.036},{"date" : "09/04/2019","price" : 90.031},{"date" : "09/03/2019","price" : 89.492},{"date" : "08/30/2019","price" : 88.8145},{"date" : "08/29/2019","price" : 89.32},{"date" : "08/28/2019","price" : 88.2125},{"date" : "08/27/2019","price" : 88.0915},{"date" : "08/26/2019","price" : 88.4435},{"date" : "08/23/2019","price" : 87.481},{"date" : "08/22/2019","price" : 90.28},{"date" : "08/21/2019","price" : 91.177},{"date" : "08/20/2019","price" : 90.069},{"date" : "08/19/2019","price" : 90.806},{"date" : "08/16/2019","price" : 89.6285},{"date" : "08/15/2019","price" : 88.806},{"date" : "08/14/2019","price" : 88.148},{"date" : "08/13/2019","price" : 91.217},{"date" : "08/12/2019","price" : 89.246},{"date" : "08/09/2019","price" : 90.379},{"date" : "08/08/2019","price" : 91.6445},{"date" : "08/07/2019","price" : 89.67},{"date" : "08/06/2019","price" : 89.3915},{"date" : "08/05/2019","price" : 88.2565},{"date" : "08/02/2019","price" : 91.162},{"date" : "08/01/2019","price" : 92.766},{"date" : "07/31/2019","price" : 93.339},{"date" : "07/30/2019","price" : 94.9265},{"date" : "07/29/2019","price" : 95.6225},{"date" : "07/26/2019","price" : 97.1525},{"date" : "07/25/2019","price" : 98.691},{"date" : "07/24/2019","price" : 100.0405},{"date" : "07/23/2019","price" : 99.7245},{"date" : "07/22/2019","price" : 99.2815},{"date" : "07/19/2019","price" : 98.226},{"date" : "07/18/2019","price" : 98.895},{"date" : "07/17/2019","price" : 99.6015},{"date" : "07/16/2019","price" : 100.495},{"date" : "07/15/2019","price" : 101.0495},{"date" : "07/12/2019","price" : 100.55},{"date" : "07/11/2019","price" : 100.0535},{"date" : "07/10/2019","price" : 100.8705},{"date" : "07/09/2019","price" : 99.415},{"date" : "07/08/2019","price" : 97.616},{"date" : "07/05/2019","price" : 97.1455},{"date" : "07/03/2019","price" : 96.95},{"date" : "07/02/2019","price" : 96.7155},{"date" : "07/01/2019","price" : 96.1095},{"date" : "06/28/2019","price" : 94.6815},{"date" : "06/27/2019","price" : 95.214},{"date" : "06/26/2019","price" : 94.8915},{"date" : "06/25/2019","price" : 93.9135},{"date" : "06/24/2019","price" : 95.695},{"date" : "06/21/2019","price" : 95.565},{"date" : "06/20/2019","price" : 95.9095},{"date" : "06/19/2019","price" : 95.4395},{"date" : "06/18/2019","price" : 95.0685},{"date" : "06/17/2019","price" : 94.3015},{"date" : "06/14/2019","price" : 93.4835},{"date" : "06/13/2019","price" : 93.515},{"date" : "06/12/2019","price" : 92.766},{"date" : "06/11/2019","price" : 93.185},{"date" : "06/10/2019","price" : 93.0315},{"date" : "06/07/2019","price" : 90.2015},{"date" : "06/06/2019","price" : 87.718},{"date" : "06/05/2019","price" : 86.925},{"date" : "06/04/2019","price" : 86.478},{"date" : "06/03/2019","price" : 84.6345},{"date" : "05/31/2019","price" : 88.7535},{"date" : "05/30/2019","price" : 90.816},{"date" : "05/29/2019","price" : 90.9595},{"date" : "05/28/2019","price" : 91.8215},{"date" : "05/24/2019","price" : 91.164},{"date" : "05/23/2019","price" : 90.774},{"date" : "05/22/2019","price" : 92.984},{"date" : "05/21/2019","price" : 92.876},{"date" : "05/20/2019","price" : 92.9485},{"date" : "05/17/2019","price" : 93.45},{"date" : "05/16/2019","price" : 95.3785},{"date" : "05/15/2019","price" : 93.5575},{"date" : "05/14/2019","price" : 92.006},{"date" : "05/13/2019","price" : 91.134},{"date" : "05/10/2019","price" : 94.499},{"date" : "05/09/2019","price" : 94.9935},{"date" : "05/08/2019","price" : 95.8885},{"date" : "05/07/2019","price" : 96.05},{"date" : "05/06/2019","price" : 97.5275},{"date" : "05/03/2019","price" : 98.123},{"date" : "05/02/2019","price" : 95.041},{"date" : "05/01/2019","price" : 95.576},{"date" : "04/30/2019","price" : 96.326},{"date" : "04/29/2019","price" : 96.9215},{"date" : "04/26/2019","price" : 97.5315},{"date" : "04/25/2019","price" : 95.1125},{"date" : "04/24/2019","price" : 95.0875},{"date" : "04/23/2019","price" : 96.1885},{"date" : "04/22/2019","price" : 94.3655},{"date" : "04/18/2019","price" : 93.0845},{"date" : "04/17/2019","price" : 93.241},{"date" : "04/16/2019","price" : 93.152},{"date" : "04/15/2019","price" : 92.2435},{"date" : "04/12/2019","price" : 92.153},{"date" : "04/11/2019","price" : 92.2035},{"date" : "04/10/2019","price" : 92.3665},{"date" : "04/09/2019","price" : 91.792},{"date" : "04/08/2019","price" : 92.493},{"date" : "04/05/2019","price" : 91.864},{"date" : "04/04/2019","price" : 90.943},{"date" : "04/03/2019","price" : 91.035},{"date" : "04/02/2019","price" : 90.699},{"date" : "04/01/2019","price" : 90.7095},{"date" : "03/29/2019","price" : 89.0375},{"date" : "03/28/2019","price" : 88.671},{"date" : "03/27/2019","price" : 88.285},{"date" : "03/26/2019","price" : 89.188},{"date" : "03/25/2019","price" : 88.713},{"date" : "03/22/2019","price" : 88.2385},{"date" : "03/21/2019","price" : 90.963},{"date" : "03/20/2019","price" : 89.8635},{"date" : "03/19/2019","price" : 88.0925},{"date" : "03/18/2019","price" : 87.1075},{"date" : "03/15/2019","price" : 85.618},{"date" : "03/14/2019","price" : 84.311},{"date" : "03/13/2019","price" : 84.5405},{"date" : "03/12/2019","price" : 83.655},{"date" : "03/11/2019","price" : 83.531},{"date" : "03/08/2019","price" : 81.04},{"date" : "03/07/2019","price" : 81.2975},{"date" : "03/06/2019","price" : 83.4475},{"date" : "03/05/2019","price" : 84.6215},{"date" : "03/04/2019","price" : 84.8085},{"date" : "03/01/2019","price" : 83.5865},{"date" : "02/28/2019","price" : 81.9915},{"date" : "02/27/2019","price" : 82.0545},{"date" : "02/26/2019","price" : 81.82},{"date" : "02/25/2019","price" : 81.65},{"date" : "02/22/2019","price" : 81.578},{"date" : "02/21/2019","price" : 80.972},{"date" : "02/20/2019","price" : 81.105},{"date" : "02/19/2019","price" : 81.379},{"date" : "02/15/2019","price" : 80.3975},{"date" : "02/14/2019","price" : 81.1325},{"date" : "02/13/2019","price" : 82.0},{"date" : "02/12/2019","price" : 81.9005},{"date" : "02/11/2019","price" : 79.55},{"date" : "02/08/2019","price" : 79.411},{"date" : "02/07/2019","price" : 80.7185},{"date" : "02/06/2019","price" : 82.013},{"date" : "02/05/2019","price" : 82.9405},{"date" : "02/04/2019","price" : 81.6655},{"date" : "02/01/2019","price" : 81.3115},{"date" : "01/31/2019","price" : 85.9365},{"date" : "01/30/2019","price" : 83.5215},{"date" : "01/29/2019","price" : 79.694},{"date" : "01/28/2019","price" : 81.8945},{"date" : "01/25/2019","price" : 83.5285},{"date" : "01/24/2019","price" : 82.7465},{"date" : "01/23/2019","price" : 82.001},{"date" : "01/22/2019","price" : 81.6085},{"date" : "01/18/2019","price" : 84.81},{"date" : "01/17/2019","price" : 84.661},{"date" : "01/16/2019","price" : 84.189},{"date" : "01/15/2019","price" : 83.728},{"date" : "01/14/2019","price" : 80.8605},{"date" : "01/11/2019","price" : 82.028},{"date" : "01/10/2019","price" : 82.811},{"date" : "01/09/2019","price" : 82.971},{"date" : "01/08/2019","price" : 82.829},{"date" : "01/07/2019","price" : 81.4755},{"date" : "01/04/2019","price" : 78.7695},{"date" : "01/03/2019","price" : 75.014},{"date" : "01/02/2019","price" : 76.9565},{"date" : "12/31/2018","price" : 75.0985},{"date" : "12/28/2018","price" : 73.901},{"date" : "12/27/2018","price" : 73.082},{"date" : "12/26/2018","price" : 73.545},{"date" : "12/24/2018","price" : 67.198},{"date" : "12/21/2018","price" : 68.8725},{"date" : "12/20/2018","price" : 73.0415},{"date" : "12/19/2018","price" : 74.754},{"date" : "12/18/2018","price" : 77.574},{"date" : "12/17/2018","price" : 76.0455},{"date" : "12/14/2018","price" : 79.5955},{"date" : "12/13/2018","price" : 82.919},{"date" : "12/12/2018","price" : 83.177},{"date" : "12/11/2018","price" : 82.162},{"date" : "12/10/2018","price" : 82.0515},{"date" : "12/07/2018","price" : 81.4565},{"date" : "12/06/2018","price" : 84.9595},{"date" : "12/04/2018","price" : 83.42},{"date" : "12/03/2018","price" : 88.618},{"date" : "11/30/2018","price" : 84.5085},{"date" : "11/29/2018","price" : 83.6785},{"date" : "11/28/2018","price" : 83.8875},{"date" : "11/27/2018","price" : 79.071},{"date" : "11/26/2018","price" : 79.0665}]}