{ "data" : [{"date" : "11/22/2023","price" : 48.08},{"date" : "11/21/2023","price" : 47.8},{"date" : "11/20/2023","price" : 48.27},{"date" : "11/17/2023","price" : 47.755},{"date" : "11/16/2023","price" : 48.04},{"date" : "11/15/2023","price" : 53.28},{"date" : "11/14/2023","price" : 53.17},{"date" : "11/13/2023","price" : 52.23},{"date" : "11/10/2023","price" : 52.59},{"date" : "11/09/2023","price" : 52.0},{"date" : "11/08/2023","price" : 53.0},{"date" : "11/07/2023","price" : 53.13},{"date" : "11/06/2023","price" : 53.29},{"date" : "11/03/2023","price" : 53.01},{"date" : "11/02/2023","price" : 52.75},{"date" : "11/01/2023","price" : 52.19},{"date" : "10/31/2023","price" : 52.13},{"date" : "10/30/2023","price" : 51.57},{"date" : "10/27/2023","price" : 51.56},{"date" : "10/26/2023","price" : 51.37},{"date" : "10/25/2023","price" : 52.4},{"date" : "10/24/2023","price" : 53.01},{"date" : "10/23/2023","price" : 52.2},{"date" : "10/20/2023","price" : 52.93},{"date" : "10/19/2023","price" : 53.32},{"date" : "10/18/2023","price" : 53.77},{"date" : "10/17/2023","price" : 53.94},{"date" : "10/16/2023","price" : 54.16},{"date" : "10/13/2023","price" : 53.77},{"date" : "10/12/2023","price" : 53.85},{"date" : "10/11/2023","price" : 53.66},{"date" : "10/10/2023","price" : 53.87},{"date" : "10/09/2023","price" : 53.92},{"date" : "10/06/2023","price" : 53.45},{"date" : "10/05/2023","price" : 53.07},{"date" : "10/04/2023","price" : 53.45},{"date" : "10/03/2023","price" : 53.65},{"date" : "10/02/2023","price" : 54.39},{"date" : "09/29/2023","price" : 53.76},{"date" : "09/28/2023","price" : 53.88},{"date" : "09/27/2023","price" : 53.2},{"date" : "09/26/2023","price" : 52.71},{"date" : "09/25/2023","price" : 53.48},{"date" : "09/22/2023","price" : 53.57},{"date" : "09/21/2023","price" : 53.34},{"date" : "09/20/2023","price" : 55.5},{"date" : "09/19/2023","price" : 55.84},{"date" : "09/18/2023","price" : 56.11},{"date" : "09/15/2023","price" : 56.04},{"date" : "09/14/2023","price" : 56.37},{"date" : "09/13/2023","price" : 56.28},{"date" : "09/12/2023","price" : 56.39},{"date" : "09/11/2023","price" : 56.84},{"date" : "09/08/2023","price" : 56.67},{"date" : "09/07/2023","price" : 56.79},{"date" : "09/06/2023","price" : 57.16},{"date" : "09/05/2023","price" : 57.26},{"date" : "09/01/2023","price" : 57.84},{"date" : "08/31/2023","price" : 57.35},{"date" : "08/30/2023","price" : 56.81},{"date" : "08/29/2023","price" : 56.56},{"date" : "08/28/2023","price" : 56.2},{"date" : "08/25/2023","price" : 55.7},{"date" : "08/24/2023","price" : 55.24},{"date" : "08/23/2023","price" : 55.98},{"date" : "08/22/2023","price" : 55.46},{"date" : "08/21/2023","price" : 55.44},{"date" : "08/18/2023","price" : 55.04},{"date" : "08/17/2023","price" : 54.73},{"date" : "08/16/2023","price" : 52.96},{"date" : "08/15/2023","price" : 53.35},{"date" : "08/14/2023","price" : 53.88},{"date" : "08/11/2023","price" : 53.79},{"date" : "08/10/2023","price" : 53.37},{"date" : "08/09/2023","price" : 52.99},{"date" : "08/08/2023","price" : 53.06},{"date" : "08/07/2023","price" : 53.01},{"date" : "08/04/2023","price" : 52.63},{"date" : "08/03/2023","price" : 53.15},{"date" : "08/02/2023","price" : 52.58},{"date" : "08/01/2023","price" : 52.66},{"date" : "07/31/2023","price" : 52.04},{"date" : "07/28/2023","price" : 52.09},{"date" : "07/27/2023","price" : 53.0},{"date" : "07/26/2023","price" : 53.22},{"date" : "07/25/2023","price" : 53.6},{"date" : "07/24/2023","price" : 53.11},{"date" : "07/21/2023","price" : 52.63},{"date" : "07/20/2023","price" : 52.37},{"date" : "07/19/2023","price" : 52.43},{"date" : "07/18/2023","price" : 51.24},{"date" : "07/17/2023","price" : 50.81},{"date" : "07/14/2023","price" : 50.38},{"date" : "07/13/2023","price" : 51.53},{"date" : "07/12/2023","price" : 50.74},{"date" : "07/11/2023","price" : 52.12},{"date" : "07/10/2023","price" : 51.4},{"date" : "07/07/2023","price" : 50.99},{"date" : "07/06/2023","price" : 51.11},{"date" : "07/05/2023","price" : 51.51},{"date" : "07/03/2023","price" : 51.82},{"date" : "06/30/2023","price" : 51.74},{"date" : "06/29/2023","price" : 51.21},{"date" : "06/28/2023","price" : 50.87},{"date" : "06/27/2023","price" : 50.86},{"date" : "06/26/2023","price" : 50.21},{"date" : "06/23/2023","price" : 50.33},{"date" : "06/22/2023","price" : 51.12},{"date" : "06/21/2023","price" : 50.85},{"date" : "06/20/2023","price" : 51.55},{"date" : "06/16/2023","price" : 52.07},{"date" : "06/15/2023","price" : 51.93},{"date" : "06/14/2023","price" : 50.96},{"date" : "06/13/2023","price" : 50.8},{"date" : "06/12/2023","price" : 50.48},{"date" : "06/09/2023","price" : 49.66},{"date" : "06/08/2023","price" : 49.68},{"date" : "06/07/2023","price" : 49.78},{"date" : "06/06/2023","price" : 49.81},{"date" : "06/05/2023","price" : 50.21},{"date" : "06/02/2023","price" : 50.02},{"date" : "06/01/2023","price" : 49.74},{"date" : "05/31/2023","price" : 49.67},{"date" : "05/30/2023","price" : 50.17},{"date" : "05/26/2023","price" : 49.86},{"date" : "05/25/2023","price" : 49.03},{"date" : "05/24/2023","price" : 48.41},{"date" : "05/23/2023","price" : 48.91},{"date" : "05/22/2023","price" : 48.82},{"date" : "05/19/2023","price" : 49.13},{"date" : "05/18/2023","price" : 48.2},{"date" : "05/17/2023","price" : 47.63},{"date" : "05/16/2023","price" : 46.92},{"date" : "05/15/2023","price" : 47.1},{"date" : "05/12/2023","price" : 46.71},{"date" : "05/11/2023","price" : 46.37},{"date" : "05/10/2023","price" : 46.71},{"date" : "05/09/2023","price" : 46.47},{"date" : "05/08/2023","price" : 46.34},{"date" : "05/05/2023","price" : 46.25},{"date" : "05/04/2023","price" : 45.7},{"date" : "05/03/2023","price" : 45.96},{"date" : "05/02/2023","price" : 46.36},{"date" : "05/01/2023","price" : 47.34},{"date" : "04/28/2023","price" : 47.25},{"date" : "04/27/2023","price" : 46.56},{"date" : "04/26/2023","price" : 46.54},{"date" : "04/25/2023","price" : 47.09},{"date" : "04/24/2023","price" : 47.39},{"date" : "04/21/2023","price" : 47.03},{"date" : "04/20/2023","price" : 46.58},{"date" : "04/19/2023","price" : 48.04},{"date" : "04/18/2023","price" : 50.31},{"date" : "04/17/2023","price" : 50.28},{"date" : "04/14/2023","price" : 50.54},{"date" : "04/13/2023","price" : 50.8},{"date" : "04/12/2023","price" : 50.11},{"date" : "04/11/2023","price" : 50.62},{"date" : "04/10/2023","price" : 51.33},{"date" : "04/06/2023","price" : 51.27},{"date" : "04/05/2023","price" : 51.82},{"date" : "04/04/2023","price" : 51.82},{"date" : "04/03/2023","price" : 52.31},{"date" : "03/31/2023","price" : 52.275},{"date" : "03/30/2023","price" : 51.43},{"date" : "03/29/2023","price" : 51.17},{"date" : "03/28/2023","price" : 50.39},{"date" : "03/27/2023","price" : 50.54},{"date" : "03/24/2023","price" : 50.51},{"date" : "03/23/2023","price" : 49.73},{"date" : "03/22/2023","price" : 49.46},{"date" : "03/21/2023","price" : 50.67},{"date" : "03/20/2023","price" : 50.94},{"date" : "03/17/2023","price" : 50.19},{"date" : "03/16/2023","price" : 50.12},{"date" : "03/15/2023","price" : 49.06},{"date" : "03/14/2023","price" : 49.05},{"date" : "03/13/2023","price" : 48.41},{"date" : "03/10/2023","price" : 48.56},{"date" : "03/09/2023","price" : 48.81},{"date" : "03/08/2023","price" : 49.11},{"date" : "03/07/2023","price" : 48.91},{"date" : "03/06/2023","price" : 49.42},{"date" : "03/03/2023","price" : 49.28},{"date" : "03/02/2023","price" : 48.53},{"date" : "03/01/2023","price" : 48.34},{"date" : "02/28/2023","price" : 48.42},{"date" : "02/27/2023","price" : 48.73},{"date" : "02/24/2023","price" : 48.48},{"date" : "02/23/2023","price" : 49.21},{"date" : "02/22/2023","price" : 49.31},{"date" : "02/21/2023","price" : 49.69},{"date" : "02/17/2023","price" : 50.77},{"date" : "02/16/2023","price" : 50.99},{"date" : "02/15/2023","price" : 48.45},{"date" : "02/14/2023","price" : 47.7},{"date" : "02/13/2023","price" : 47.86},{"date" : "02/10/2023","price" : 47.26},{"date" : "02/09/2023","price" : 46.73},{"date" : "02/08/2023","price" : 46.96},{"date" : "02/07/2023","price" : 47.84},{"date" : "02/06/2023","price" : 47.57},{"date" : "02/03/2023","price" : 48.63},{"date" : "02/02/2023","price" : 49.32},{"date" : "02/01/2023","price" : 48.57},{"date" : "01/31/2023","price" : 48.67},{"date" : "01/30/2023","price" : 48.22},{"date" : "01/27/2023","price" : 48.51},{"date" : "01/26/2023","price" : 48.34},{"date" : "01/25/2023","price" : 47.98},{"date" : "01/24/2023","price" : 47.81},{"date" : "01/23/2023","price" : 47.5},{"date" : "01/20/2023","price" : 46.78},{"date" : "01/19/2023","price" : 46.46},{"date" : "01/18/2023","price" : 46.9},{"date" : "01/17/2023","price" : 48.08},{"date" : "01/13/2023","price" : 48.88},{"date" : "01/12/2023","price" : 49.0},{"date" : "01/11/2023","price" : 49.21},{"date" : "01/10/2023","price" : 48.81},{"date" : "01/09/2023","price" : 48.58},{"date" : "01/06/2023","price" : 48.32},{"date" : "01/05/2023","price" : 46.88},{"date" : "01/04/2023","price" : 47.55},{"date" : "01/03/2023","price" : 47.94},{"date" : "12/30/2022","price" : 47.64},{"date" : "12/29/2022","price" : 47.5},{"date" : "12/28/2022","price" : 47.07},{"date" : "12/27/2022","price" : 47.53},{"date" : "12/23/2022","price" : 47.48},{"date" : "12/22/2022","price" : 47.32},{"date" : "12/21/2022","price" : 47.66},{"date" : "12/20/2022","price" : 47.37},{"date" : "12/19/2022","price" : 47.4},{"date" : "12/16/2022","price" : 47.81},{"date" : "12/15/2022","price" : 48.15},{"date" : "12/14/2022","price" : 49.3},{"date" : "12/13/2022","price" : 49.64},{"date" : "12/12/2022","price" : 49.3},{"date" : "12/09/2022","price" : 48.46},{"date" : "12/08/2022","price" : 48.99},{"date" : "12/07/2022","price" : 48.18},{"date" : "12/06/2022","price" : 48.59},{"date" : "12/05/2022","price" : 49.33},{"date" : "12/02/2022","price" : 49.7},{"date" : "12/01/2022","price" : 49.97},{"date" : "11/30/2022","price" : 49.72},{"date" : "11/29/2022","price" : 48.28},{"date" : "11/28/2022","price" : 48.08},{"date" : "11/25/2022","price" : 48.4},{"date" : "11/23/2022","price" : 48.57},{"date" : "11/22/2022","price" : 48.38},{"date" : "11/21/2022","price" : 47.62},{"date" : "11/18/2022","price" : 47.79},{"date" : "11/17/2022","price" : 46.59},{"date" : "11/16/2022","price" : 44.39},{"date" : "11/15/2022","price" : 44.9},{"date" : "11/14/2022","price" : 44.74},{"date" : "11/11/2022","price" : 44.79},{"date" : "11/10/2022","price" : 45.66},{"date" : "11/09/2022","price" : 43.91},{"date" : "11/08/2022","price" : 44.61},{"date" : "11/07/2022","price" : 44.55},{"date" : "11/04/2022","price" : 44.52},{"date" : "11/03/2022","price" : 43.85},{"date" : "11/02/2022","price" : 44.57},{"date" : "11/01/2022","price" : 45.46},{"date" : "10/31/2022","price" : 45.43},{"date" : "10/28/2022","price" : 45.64},{"date" : "10/27/2022","price" : 44.42},{"date" : "10/26/2022","price" : 44.38},{"date" : "10/25/2022","price" : 44.36},{"date" : "10/24/2022","price" : 43.54},{"date" : "10/21/2022","price" : 42.8},{"date" : "10/20/2022","price" : 41.71},{"date" : "10/19/2022","price" : 41.88},{"date" : "10/18/2022","price" : 41.79},{"date" : "10/17/2022","price" : 41.3},{"date" : "10/14/2022","price" : 40.2},{"date" : "10/13/2022","price" : 40.61},{"date" : "10/12/2022","price" : 39.27},{"date" : "10/11/2022","price" : 39.58},{"date" : "10/10/2022","price" : 39.89},{"date" : "10/07/2022","price" : 40.27},{"date" : "10/06/2022","price" : 41.52},{"date" : "10/05/2022","price" : 41.99},{"date" : "10/04/2022","price" : 41.82},{"date" : "10/03/2022","price" : 41.29},{"date" : "09/30/2022","price" : 40.0},{"date" : "09/29/2022","price" : 40.57},{"date" : "09/28/2022","price" : 41.34},{"date" : "09/27/2022","price" : 40.52},{"date" : "09/26/2022","price" : 40.58},{"date" : "09/23/2022","price" : 40.66},{"date" : "09/22/2022","price" : 41.15},{"date" : "09/21/2022","price" : 41.59},{"date" : "09/20/2022","price" : 42.58},{"date" : "09/19/2022","price" : 43.3},{"date" : "09/16/2022","price" : 43.3},{"date" : "09/15/2022","price" : 43.29},{"date" : "09/14/2022","price" : 43.96},{"date" : "09/13/2022","price" : 44.11},{"date" : "09/12/2022","price" : 46.4},{"date" : "09/09/2022","price" : 45.77},{"date" : "09/08/2022","price" : 45.37},{"date" : "09/07/2022","price" : 45.02},{"date" : "09/06/2022","price" : 44.47},{"date" : "09/02/2022","price" : 44.59},{"date" : "09/01/2022","price" : 45.29},{"date" : "08/31/2022","price" : 44.72},{"date" : "08/30/2022","price" : 45.24},{"date" : "08/29/2022","price" : 45.71},{"date" : "08/26/2022","price" : 45.89},{"date" : "08/25/2022","price" : 47.27},{"date" : "08/24/2022","price" : 47.07},{"date" : "08/23/2022","price" : 47.41},{"date" : "08/22/2022","price" : 47.71},{"date" : "08/19/2022","price" : 48.7},{"date" : "08/18/2022","price" : 49.37},{"date" : "08/17/2022","price" : 46.66},{"date" : "08/16/2022","price" : 46.77},{"date" : "08/15/2022","price" : 46.59},{"date" : "08/12/2022","price" : 46.61},{"date" : "08/11/2022","price" : 45.9},{"date" : "08/10/2022","price" : 46.02},{"date" : "08/09/2022","price" : 44.92},{"date" : "08/08/2022","price" : 45.02},{"date" : "08/05/2022","price" : 45.01},{"date" : "08/04/2022","price" : 45.38},{"date" : "08/03/2022","price" : 45.71},{"date" : "08/02/2022","price" : 44.92},{"date" : "08/01/2022","price" : 45.28},{"date" : "07/29/2022","price" : 45.37},{"date" : "07/28/2022","price" : 45.62},{"date" : "07/27/2022","price" : 44.64},{"date" : "07/26/2022","price" : 43.83},{"date" : "07/25/2022","price" : 44.34},{"date" : "07/22/2022","price" : 44.46},{"date" : "07/21/2022","price" : 44.58},{"date" : "07/20/2022","price" : 44.13},{"date" : "07/19/2022","price" : 44.03},{"date" : "07/18/2022","price" : 42.6},{"date" : "07/15/2022","price" : 43.07},{"date" : "07/14/2022","price" : 42.33},{"date" : "07/13/2022","price" : 42.7},{"date" : "07/12/2022","price" : 42.86},{"date" : "07/11/2022","price" : 43.25},{"date" : "07/08/2022","price" : 43.39},{"date" : "07/07/2022","price" : 43.22},{"date" : "07/06/2022","price" : 42.69},{"date" : "07/05/2022","price" : 41.96},{"date" : "07/01/2022","price" : 42.6},{"date" : "06/30/2022","price" : 42.64},{"date" : "06/29/2022","price" : 42.88},{"date" : "06/28/2022","price" : 43.06},{"date" : "06/27/2022","price" : 43.77},{"date" : "06/24/2022","price" : 44.1},{"date" : "06/23/2022","price" : 42.93},{"date" : "06/22/2022","price" : 43.57},{"date" : "06/21/2022","price" : 44.14},{"date" : "06/17/2022","price" : 43.39},{"date" : "06/16/2022","price" : 43.32},{"date" : "06/15/2022","price" : 43.8},{"date" : "06/14/2022","price" : 42.91},{"date" : "06/13/2022","price" : 43.24},{"date" : "06/10/2022","price" : 43.49},{"date" : "06/09/2022","price" : 44.26},{"date" : "06/08/2022","price" : 44.92},{"date" : "06/07/2022","price" : 45.57},{"date" : "06/06/2022","price" : 45.33},{"date" : "06/03/2022","price" : 45.25},{"date" : "06/02/2022","price" : 45.79},{"date" : "06/01/2022","price" : 45.23},{"date" : "05/31/2022","price" : 45.05},{"date" : "05/27/2022","price" : 45.62},{"date" : "05/26/2022","price" : 44.99},{"date" : "05/25/2022","price" : 44.0},{"date" : "05/24/2022","price" : 43.77},{"date" : "05/23/2022","price" : 43.35},{"date" : "05/20/2022","price" : 42.94},{"date" : "05/19/2022","price" : 41.72},{"date" : "05/18/2022","price" : 48.36},{"date" : "05/17/2022","price" : 50.6},{"date" : "05/16/2022","price" : 49.0},{"date" : "05/13/2022","price" : 49.56},{"date" : "05/12/2022","price" : 48.29},{"date" : "05/11/2022","price" : 48.65},{"date" : "05/10/2022","price" : 49.55},{"date" : "05/09/2022","price" : 48.96},{"date" : "05/06/2022","price" : 49.33},{"date" : "05/05/2022","price" : 49.61},{"date" : "05/04/2022","price" : 51.58},{"date" : "05/03/2022","price" : 49.92},{"date" : "05/02/2022","price" : 49.86},{"date" : "04/29/2022","price" : 48.98},{"date" : "04/28/2022","price" : 50.63},{"date" : "04/27/2022","price" : 49.31},{"date" : "04/26/2022","price" : 50.9},{"date" : "04/25/2022","price" : 51.94},{"date" : "04/22/2022","price" : 51.36},{"date" : "04/21/2022","price" : 52.78},{"date" : "04/20/2022","price" : 53.02},{"date" : "04/19/2022","price" : 51.83},{"date" : "04/18/2022","price" : 51.11},{"date" : "04/14/2022","price" : 51.17},{"date" : "04/13/2022","price" : 52.15},{"date" : "04/12/2022","price" : 51.82},{"date" : "04/11/2022","price" : 52.88},{"date" : "04/08/2022","price" : 54.28},{"date" : "04/07/2022","price" : 54.63},{"date" : "04/06/2022","price" : 54.37},{"date" : "04/05/2022","price" : 54.92},{"date" : "04/04/2022","price" : 55.87},{"date" : "04/01/2022","price" : 55.66},{"date" : "03/31/2022","price" : 55.76},{"date" : "03/30/2022","price" : 56.05},{"date" : "03/29/2022","price" : 55.67},{"date" : "03/28/2022","price" : 55.14},{"date" : "03/25/2022","price" : 54.97},{"date" : "03/24/2022","price" : 54.5},{"date" : "03/23/2022","price" : 54.48},{"date" : "03/22/2022","price" : 56.17},{"date" : "03/21/2022","price" : 56.0},{"date" : "03/18/2022","price" : 55.97},{"date" : "03/17/2022","price" : 56.17},{"date" : "03/16/2022","price" : 55.81},{"date" : "03/15/2022","price" : 55.6},{"date" : "03/14/2022","price" : 54.3},{"date" : "03/11/2022","price" : 54.69},{"date" : "03/10/2022","price" : 54.71},{"date" : "03/09/2022","price" : 55.92},{"date" : "03/08/2022","price" : 54.4},{"date" : "03/07/2022","price" : 55.59},{"date" : "03/04/2022","price" : 56.51},{"date" : "03/03/2022","price" : 56.07},{"date" : "03/02/2022","price" : 56.15},{"date" : "03/01/2022","price" : 54.62},{"date" : "02/28/2022","price" : 55.77},{"date" : "02/25/2022","price" : 56.04},{"date" : "02/24/2022","price" : 54.73},{"date" : "02/23/2022","price" : 54.44},{"date" : "02/22/2022","price" : 56.3},{"date" : "02/18/2022","price" : 57.21},{"date" : "02/17/2022","price" : 55.77},{"date" : "02/16/2022","price" : 54.25},{"date" : "02/15/2022","price" : 54.27},{"date" : "02/14/2022","price" : 53.18},{"date" : "02/11/2022","price" : 53.9},{"date" : "02/10/2022","price" : 54.87},{"date" : "02/09/2022","price" : 56.29},{"date" : "02/08/2022","price" : 55.34},{"date" : "02/07/2022","price" : 55.17},{"date" : "02/04/2022","price" : 55.15},{"date" : "02/03/2022","price" : 55.2},{"date" : "02/02/2022","price" : 56.17},{"date" : "02/01/2022","price" : 55.37},{"date" : "01/31/2022","price" : 55.67},{"date" : "01/28/2022","price" : 55.61},{"date" : "01/27/2022","price" : 54.62},{"date" : "01/26/2022","price" : 55.33},{"date" : "01/25/2022","price" : 56.11},{"date" : "01/24/2022","price" : 56.9},{"date" : "01/21/2022","price" : 56.68},{"date" : "01/20/2022","price" : 58.08},{"date" : "01/19/2022","price" : 58.9},{"date" : "01/18/2022","price" : 59.73},{"date" : "01/14/2022","price" : 61.36},{"date" : "01/13/2022","price" : 61.5},{"date" : "01/12/2022","price" : 62.12},{"date" : "01/11/2022","price" : 62.37},{"date" : "01/10/2022","price" : 61.82},{"date" : "01/07/2022","price" : 61.13},{"date" : "01/06/2022","price" : 60.92},{"date" : "01/05/2022","price" : 60.28},{"date" : "01/04/2022","price" : 61.25},{"date" : "01/03/2022","price" : 63.16},{"date" : "12/31/2021","price" : 63.37},{"date" : "12/30/2021","price" : 63.62},{"date" : "12/29/2021","price" : 63.96},{"date" : "12/28/2021","price" : 63.53},{"date" : "12/27/2021","price" : 63.42},{"date" : "12/23/2021","price" : 62.28},{"date" : "12/22/2021","price" : 61.53},{"date" : "12/21/2021","price" : 61.03},{"date" : "12/20/2021","price" : 60.36},{"date" : "12/17/2021","price" : 60.46},{"date" : "12/16/2021","price" : 60.31},{"date" : "12/15/2021","price" : 59.93},{"date" : "12/14/2021","price" : 57.77},{"date" : "12/13/2021","price" : 58.61},{"date" : "12/10/2021","price" : 59.25},{"date" : "12/09/2021","price" : 57.55},{"date" : "12/08/2021","price" : 57.02},{"date" : "12/07/2021","price" : 58.08},{"date" : "12/06/2021","price" : 56.96},{"date" : "12/03/2021","price" : 56.23},{"date" : "12/02/2021","price" : 56.15},{"date" : "12/01/2021","price" : 55.03},{"date" : "11/30/2021","price" : 54.84},{"date" : "11/29/2021","price" : 55.76},{"date" : "11/26/2021","price" : 54.67},{"date" : "11/24/2021","price" : 55.54},{"date" : "11/23/2021","price" : 55.3},{"date" : "11/22/2021","price" : 54.6},{"date" : "11/19/2021","price" : 53.25},{"date" : "11/18/2021","price" : 53.63},{"date" : "11/17/2021","price" : 56.76},{"date" : "11/16/2021","price" : 57.0},{"date" : "11/15/2021","price" : 57.27},{"date" : "11/12/2021","price" : 56.82},{"date" : "11/11/2021","price" : 56.76},{"date" : "11/10/2021","price" : 57.77},{"date" : "11/09/2021","price" : 57.44},{"date" : "11/08/2021","price" : 57.0},{"date" : "11/05/2021","price" : 57.07},{"date" : "11/04/2021","price" : 57.12},{"date" : "11/03/2021","price" : 57.65},{"date" : "11/02/2021","price" : 57.62},{"date" : "11/01/2021","price" : 56.1},{"date" : "10/29/2021","price" : 55.97},{"date" : "10/28/2021","price" : 56.24},{"date" : "10/27/2021","price" : 56.18},{"date" : "10/26/2021","price" : 55.81},{"date" : "10/25/2021","price" : 55.14},{"date" : "10/22/2021","price" : 55.11},{"date" : "10/21/2021","price" : 55.69},{"date" : "10/20/2021","price" : 56.2},{"date" : "10/19/2021","price" : 55.74},{"date" : "10/18/2021","price" : 55.19},{"date" : "10/15/2021","price" : 55.25},{"date" : "10/14/2021","price" : 55.65},{"date" : "10/13/2021","price" : 54.62},{"date" : "10/12/2021","price" : 54.28},{"date" : "10/11/2021","price" : 54.93},{"date" : "10/08/2021","price" : 55.08},{"date" : "10/07/2021","price" : 55.02},{"date" : "10/06/2021","price" : 53.94},{"date" : "10/05/2021","price" : 54.69},{"date" : "10/04/2021","price" : 54.23},{"date" : "10/01/2021","price" : 55.14},{"date" : "09/30/2021","price" : 54.43},{"date" : "09/29/2021","price" : 55.48},{"date" : "09/28/2021","price" : 55.52},{"date" : "09/27/2021","price" : 56.22},{"date" : "09/24/2021","price" : 56.73},{"date" : "09/23/2021","price" : 56.69},{"date" : "09/22/2021","price" : 55.52},{"date" : "09/21/2021","price" : 55.26},{"date" : "09/20/2021","price" : 55.89},{"date" : "09/17/2021","price" : 56.85},{"date" : "09/16/2021","price" : 57.33},{"date" : "09/15/2021","price" : 57.56},{"date" : "09/14/2021","price" : 57.87},{"date" : "09/13/2021","price" : 58.1},{"date" : "09/10/2021","price" : 57.89},{"date" : "09/09/2021","price" : 58.6},{"date" : "09/08/2021","price" : 58.68},{"date" : "09/07/2021","price" : 58.88},{"date" : "09/03/2021","price" : 59.42},{"date" : "09/02/2021","price" : 59.53},{"date" : "09/01/2021","price" : 59.04},{"date" : "08/31/2021","price" : 59.02},{"date" : "08/30/2021","price" : 59.13},{"date" : "08/27/2021","price" : 59.02},{"date" : "08/26/2021","price" : 59.2},{"date" : "08/25/2021","price" : 59.35},{"date" : "08/24/2021","price" : 59.32},{"date" : "08/23/2021","price" : 58.54},{"date" : "08/20/2021","price" : 58.22},{"date" : "08/19/2021","price" : 57.27},{"date" : "08/18/2021","price" : 55.15},{"date" : "08/17/2021","price" : 56.01},{"date" : "08/16/2021","price" : 56.28},{"date" : "08/13/2021","price" : 56.47},{"date" : "08/12/2021","price" : 56.39},{"date" : "08/11/2021","price" : 55.86},{"date" : "08/10/2021","price" : 55.61},{"date" : "08/09/2021","price" : 55.47},{"date" : "08/06/2021","price" : 55.59},{"date" : "08/05/2021","price" : 55.76},{"date" : "08/04/2021","price" : 55.69},{"date" : "08/03/2021","price" : 56.25},{"date" : "08/02/2021","price" : 55.45},{"date" : "07/30/2021","price" : 55.37},{"date" : "07/29/2021","price" : 55.07},{"date" : "07/28/2021","price" : 54.77},{"date" : "07/27/2021","price" : 55.28},{"date" : "07/26/2021","price" : 55.47},{"date" : "07/23/2021","price" : 55.23},{"date" : "07/22/2021","price" : 54.54},{"date" : "07/21/2021","price" : 53.88},{"date" : "07/20/2021","price" : 53.58},{"date" : "07/19/2021","price" : 53.06},{"date" : "07/16/2021","price" : 53.7},{"date" : "07/15/2021","price" : 53.65},{"date" : "07/14/2021","price" : 54.09},{"date" : "07/13/2021","price" : 53.32},{"date" : "07/12/2021","price" : 53.23},{"date" : "07/09/2021","price" : 53.74},{"date" : "07/08/2021","price" : 53.26},{"date" : "07/07/2021","price" : 53.26},{"date" : "07/06/2021","price" : 52.98},{"date" : "07/02/2021","price" : 53.54},{"date" : "07/01/2021","price" : 53.44},{"date" : "06/30/2021","price" : 53.0},{"date" : "06/29/2021","price" : 52.91},{"date" : "06/28/2021","price" : 52.96},{"date" : "06/25/2021","price" : 53.06},{"date" : "06/24/2021","price" : 52.78},{"date" : "06/23/2021","price" : 52.76},{"date" : "06/22/2021","price" : 53.26},{"date" : "06/21/2021","price" : 53.18},{"date" : "06/18/2021","price" : 52.07},{"date" : "06/17/2021","price" : 53.13},{"date" : "06/16/2021","price" : 53.47},{"date" : "06/15/2021","price" : 53.79},{"date" : "06/14/2021","price" : 54.17},{"date" : "06/11/2021","price" : 54.77},{"date" : "06/10/2021","price" : 55.03},{"date" : "06/09/2021","price" : 54.02},{"date" : "06/08/2021","price" : 54.13},{"date" : "06/07/2021","price" : 53.92},{"date" : "06/04/2021","price" : 54.07},{"date" : "06/03/2021","price" : 53.33},{"date" : "06/02/2021","price" : 52.96},{"date" : "06/01/2021","price" : 52.62},{"date" : "05/28/2021","price" : 52.9},{"date" : "05/27/2021","price" : 52.92},{"date" : "05/26/2021","price" : 52.91},{"date" : "05/25/2021","price" : 53.31},{"date" : "05/24/2021","price" : 53.39},{"date" : "05/21/2021","price" : 52.43},{"date" : "05/20/2021","price" : 52.85},{"date" : "05/19/2021","price" : 52.47},{"date" : "05/18/2021","price" : 52.93},{"date" : "05/17/2021","price" : 52.94},{"date" : "05/14/2021","price" : 52.9},{"date" : "05/13/2021","price" : 52.49},{"date" : "05/12/2021","price" : 51.6},{"date" : "05/11/2021","price" : 52.83},{"date" : "05/10/2021","price" : 53.16},{"date" : "05/07/2021","price" : 53.43},{"date" : "05/06/2021","price" : 52.44},{"date" : "05/05/2021","price" : 51.13},{"date" : "05/04/2021","price" : 50.71},{"date" : "05/03/2021","price" : 51.17},{"date" : "04/30/2021","price" : 50.91},{"date" : "04/29/2021","price" : 51.46},{"date" : "04/28/2021","price" : 51.11},{"date" : "04/27/2021","price" : 51.37},{"date" : "04/26/2021","price" : 51.64},{"date" : "04/23/2021","price" : 51.91},{"date" : "04/22/2021","price" : 51.5},{"date" : "04/21/2021","price" : 51.93},{"date" : "04/20/2021","price" : 51.79},{"date" : "04/19/2021","price" : 52.85},{"date" : "04/16/2021","price" : 52.8},{"date" : "04/15/2021","price" : 51.64},{"date" : "04/14/2021","price" : 51.37},{"date" : "04/13/2021","price" : 51.66},{"date" : "04/12/2021","price" : 51.57},{"date" : "04/09/2021","price" : 52.09},{"date" : "04/08/2021","price" : 51.91},{"date" : "04/07/2021","price" : 51.77},{"date" : "04/06/2021","price" : 52.025},{"date" : "04/05/2021","price" : 52.41},{"date" : "04/01/2021","price" : 51.98},{"date" : "03/31/2021","price" : 51.71},{"date" : "03/30/2021","price" : 51.77},{"date" : "03/29/2021","price" : 52.52},{"date" : "03/26/2021","price" : 52.57},{"date" : "03/25/2021","price" : 50.51},{"date" : "03/24/2021","price" : 49.65},{"date" : "03/23/2021","price" : 50.01},{"date" : "03/22/2021","price" : 50.3},{"date" : "03/19/2021","price" : 48.98},{"date" : "03/18/2021","price" : 48.8},{"date" : "03/17/2021","price" : 49.42},{"date" : "03/16/2021","price" : 49.67},{"date" : "03/15/2021","price" : 49.41},{"date" : "03/12/2021","price" : 48.82},{"date" : "03/11/2021","price" : 48.8},{"date" : "03/10/2021","price" : 48.29},{"date" : "03/09/2021","price" : 47.89},{"date" : "03/08/2021","price" : 47.51},{"date" : "03/05/2021","price" : 46.25},{"date" : "03/04/2021","price" : 44.56},{"date" : "03/03/2021","price" : 45.13},{"date" : "03/02/2021","price" : 45.515},{"date" : "03/01/2021","price" : 45.92},{"date" : "02/26/2021","price" : 44.87},{"date" : "02/25/2021","price" : 45.52},{"date" : "02/24/2021","price" : 45.74},{"date" : "02/23/2021","price" : 45.51},{"date" : "02/22/2021","price" : 45.43},{"date" : "02/19/2021","price" : 45.68},{"date" : "02/18/2021","price" : 46.34},{"date" : "02/17/2021","price" : 46.25},{"date" : "02/16/2021","price" : 46.51},{"date" : "02/12/2021","price" : 47.29},{"date" : "02/11/2021","price" : 47.58},{"date" : "02/10/2021","price" : 47.24},{"date" : "02/09/2021","price" : 48.5},{"date" : "02/08/2021","price" : 48.94},{"date" : "02/05/2021","price" : 48.08},{"date" : "02/04/2021","price" : 47.25},{"date" : "02/03/2021","price" : 45.77},{"date" : "02/02/2021","price" : 45.83},{"date" : "02/01/2021","price" : 45.4},{"date" : "01/29/2021","price" : 44.58},{"date" : "01/28/2021","price" : 45.34},{"date" : "01/27/2021","price" : 45.7},{"date" : "01/26/2021","price" : 45.26},{"date" : "01/25/2021","price" : 45.03},{"date" : "01/22/2021","price" : 44.77},{"date" : "01/21/2021","price" : 45.11},{"date" : "01/20/2021","price" : 45.34},{"date" : "01/19/2021","price" : 45.19},{"date" : "01/15/2021","price" : 45.43},{"date" : "01/14/2021","price" : 45.15},{"date" : "01/13/2021","price" : 45.36},{"date" : "01/12/2021","price" : 45.79},{"date" : "01/11/2021","price" : 45.36},{"date" : "01/08/2021","price" : 45.06},{"date" : "01/07/2021","price" : 44.96},{"date" : "01/06/2021","price" : 44.4},{"date" : "01/05/2021","price" : 43.98},{"date" : "01/04/2021","price" : 43.96},{"date" : "12/31/2020","price" : 44.75},{"date" : "12/30/2020","price" : 44.48},{"date" : "12/29/2020","price" : 44.64},{"date" : "12/28/2020","price" : 44.92},{"date" : "12/24/2020","price" : 44.54},{"date" : "12/23/2020","price" : 44.375},{"date" : "12/22/2020","price" : 44.69},{"date" : "12/21/2020","price" : 44.88},{"date" : "12/18/2020","price" : 45.44},{"date" : "12/17/2020","price" : 44.82},{"date" : "12/16/2020","price" : 44.72},{"date" : "12/15/2020","price" : 44.72},{"date" : "12/14/2020","price" : 44.24},{"date" : "12/11/2020","price" : 44.32},{"date" : "12/10/2020","price" : 44.32},{"date" : "12/09/2020","price" : 44.69},{"date" : "12/08/2020","price" : 44.37},{"date" : "12/07/2020","price" : 44.35},{"date" : "12/04/2020","price" : 44.38},{"date" : "12/03/2020","price" : 44.11},{"date" : "12/02/2020","price" : 43.89},{"date" : "12/01/2020","price" : 43.54},{"date" : "11/30/2020","price" : 43.02},{"date" : "11/27/2020","price" : 42.7},{"date" : "11/25/2020","price" : 42.5},{"date" : "11/24/2020","price" : 42.61},{"date" : "11/23/2020","price" : 41.64},{"date" : "11/20/2020","price" : 40.97},{"date" : "11/19/2020","price" : 41.17},{"date" : "11/18/2020","price" : 41.32},{"date" : "11/17/2020","price" : 41.88},{"date" : "11/16/2020","price" : 42.54},{"date" : "11/13/2020","price" : 41.4},{"date" : "11/12/2020","price" : 38.67},{"date" : "11/11/2020","price" : 39.33},{"date" : "11/10/2020","price" : 38.72},{"date" : "11/09/2020","price" : 38.2},{"date" : "11/06/2020","price" : 37.53},{"date" : "11/05/2020","price" : 37.23},{"date" : "11/04/2020","price" : 36.57},{"date" : "11/03/2020","price" : 36.68},{"date" : "11/02/2020","price" : 35.9},{"date" : "10/30/2020","price" : 35.9},{"date" : "10/29/2020","price" : 35.69},{"date" : "10/28/2020","price" : 35.71},{"date" : "10/27/2020","price" : 36.87},{"date" : "10/26/2020","price" : 37.67},{"date" : "10/23/2020","price" : 38.82},{"date" : "10/22/2020","price" : 38.82},{"date" : "10/21/2020","price" : 39.06},{"date" : "10/20/2020","price" : 39.2},{"date" : "10/19/2020","price" : 39.3},{"date" : "10/16/2020","price" : 40.16},{"date" : "10/15/2020","price" : 39.97},{"date" : "10/14/2020","price" : 39.89},{"date" : "10/13/2020","price" : 39.81},{"date" : "10/12/2020","price" : 40.36},{"date" : "10/09/2020","price" : 39.85},{"date" : "10/08/2020","price" : 39.79},{"date" : "10/07/2020","price" : 39.4},{"date" : "10/06/2020","price" : 38.57},{"date" : "10/05/2020","price" : 38.57},{"date" : "10/02/2020","price" : 38.27},{"date" : "10/01/2020","price" : 38.8},{"date" : "09/30/2020","price" : 39.39},{"date" : "09/29/2020","price" : 39.06},{"date" : "09/28/2020","price" : 39.13},{"date" : "09/25/2020","price" : 38.45},{"date" : "09/24/2020","price" : 37.85},{"date" : "09/23/2020","price" : 38.28},{"date" : "09/22/2020","price" : 39.32},{"date" : "09/21/2020","price" : 39.04},{"date" : "09/18/2020","price" : 39.81},{"date" : "09/17/2020","price" : 40.37},{"date" : "09/16/2020","price" : 40.42},{"date" : "09/15/2020","price" : 40.6},{"date" : "09/14/2020","price" : 40.37},{"date" : "09/11/2020","price" : 39.88},{"date" : "09/10/2020","price" : 39.57},{"date" : "09/09/2020","price" : 40.13},{"date" : "09/08/2020","price" : 40.0},{"date" : "09/04/2020","price" : 40.82},{"date" : "09/03/2020","price" : 40.95},{"date" : "09/02/2020","price" : 42.42},{"date" : "09/01/2020","price" : 42.03},{"date" : "08/31/2020","price" : 42.22},{"date" : "08/28/2020","price" : 42.2},{"date" : "08/27/2020","price" : 42.29},{"date" : "08/26/2020","price" : 42.25},{"date" : "08/25/2020","price" : 41.96},{"date" : "08/24/2020","price" : 42.18},{"date" : "08/21/2020","price" : 42.25},{"date" : "08/20/2020","price" : 42.31},{"date" : "08/19/2020","price" : 41.87},{"date" : "08/18/2020","price" : 41.98},{"date" : "08/17/2020","price" : 42.09},{"date" : "08/14/2020","price" : 42.5},{"date" : "08/13/2020","price" : 42.72},{"date" : "08/12/2020","price" : 48.1},{"date" : "08/11/2020","price" : 47.19},{"date" : "08/10/2020","price" : 47.73},{"date" : "08/07/2020","price" : 47.43},{"date" : "08/06/2020","price" : 47.77},{"date" : "08/05/2020","price" : 47.33},{"date" : "08/04/2020","price" : 47.67},{"date" : "08/03/2020","price" : 47.16},{"date" : "07/31/2020","price" : 47.1},{"date" : "07/30/2020","price" : 46.44},{"date" : "07/29/2020","price" : 46.71},{"date" : "07/28/2020","price" : 46.28},{"date" : "07/27/2020","price" : 47.19},{"date" : "07/24/2020","price" : 46.4},{"date" : "07/23/2020","price" : 47.41},{"date" : "07/22/2020","price" : 46.9},{"date" : "07/21/2020","price" : 47.02},{"date" : "07/20/2020","price" : 46.97},{"date" : "07/17/2020","price" : 46.75},{"date" : "07/16/2020","price" : 45.78},{"date" : "07/15/2020","price" : 46.4},{"date" : "07/14/2020","price" : 46.26},{"date" : "07/13/2020","price" : 45.93},{"date" : "07/10/2020","price" : 46.66},{"date" : "07/09/2020","price" : 46.7},{"date" : "07/08/2020","price" : 45.81},{"date" : "07/07/2020","price" : 45.63},{"date" : "07/06/2020","price" : 46.42},{"date" : "07/02/2020","price" : 45.63},{"date" : "07/01/2020","price" : 46.06},{"date" : "06/30/2020","price" : 46.64},{"date" : "06/29/2020","price" : 46.15},{"date" : "06/26/2020","price" : 46.31},{"date" : "06/25/2020","price" : 45.22},{"date" : "06/24/2020","price" : 44.75},{"date" : "06/23/2020","price" : 45.47},{"date" : "06/22/2020","price" : 45.16},{"date" : "06/19/2020","price" : 45.32},{"date" : "06/18/2020","price" : 45.83},{"date" : "06/17/2020","price" : 46.17},{"date" : "06/16/2020","price" : 46.48},{"date" : "06/15/2020","price" : 45.35},{"date" : "06/12/2020","price" : 45.07},{"date" : "06/11/2020","price" : 43.67},{"date" : "06/10/2020","price" : 47.42},{"date" : "06/09/2020","price" : 48.05},{"date" : "06/08/2020","price" : 48.13},{"date" : "06/05/2020","price" : 47.83},{"date" : "06/04/2020","price" : 46.86},{"date" : "06/03/2020","price" : 46.94},{"date" : "06/02/2020","price" : 46.89},{"date" : "06/01/2020","price" : 46.3},{"date" : "05/29/2020","price" : 47.82},{"date" : "05/28/2020","price" : 45.595},{"date" : "05/27/2020","price" : 45.96},{"date" : "05/26/2020","price" : 44.84},{"date" : "05/22/2020","price" : 44.9},{"date" : "05/21/2020","price" : 44.64},{"date" : "05/20/2020","price" : 45.44},{"date" : "05/19/2020","price" : 44.605},{"date" : "05/18/2020","price" : 45.06},{"date" : "05/15/2020","price" : 44.27},{"date" : "05/14/2020","price" : 43.85},{"date" : "05/13/2020","price" : 41.95},{"date" : "05/12/2020","price" : 43.22},{"date" : "05/11/2020","price" : 43.32},{"date" : "05/08/2020","price" : 42.99},{"date" : "05/07/2020","price" : 41.37},{"date" : "05/06/2020","price" : 41.15},{"date" : "05/05/2020","price" : 41.46},{"date" : "05/04/2020","price" : 41.35},{"date" : "05/01/2020","price" : 40.92},{"date" : "04/30/2020","price" : 42.38},{"date" : "04/29/2020","price" : 43.34},{"date" : "04/28/2020","price" : 42.49},{"date" : "04/27/2020","price" : 43.06},{"date" : "04/24/2020","price" : 42.52},{"date" : "04/23/2020","price" : 41.62},{"date" : "04/22/2020","price" : 41.76},{"date" : "04/21/2020","price" : 40.55},{"date" : "04/20/2020","price" : 42.54},{"date" : "04/17/2020","price" : 42.48},{"date" : "04/16/2020","price" : 41.5},{"date" : "04/15/2020","price" : 41.52},{"date" : "04/14/2020","price" : 42.78},{"date" : "04/13/2020","price" : 41.22},{"date" : "04/09/2020","price" : 41.2},{"date" : "04/08/2020","price" : 41.74},{"date" : "04/07/2020","price" : 40.64},{"date" : "04/06/2020","price" : 41.43},{"date" : "04/03/2020","price" : 39.06},{"date" : "04/02/2020","price" : 39.8},{"date" : "04/01/2020","price" : 38.33},{"date" : "03/31/2020","price" : 39.31},{"date" : "03/30/2020","price" : 40.32},{"date" : "03/27/2020","price" : 38.82},{"date" : "03/26/2020","price" : 40.58},{"date" : "03/25/2020","price" : 37.67},{"date" : "03/24/2020","price" : 38.6},{"date" : "03/23/2020","price" : 34.6},{"date" : "03/20/2020","price" : 35.6},{"date" : "03/19/2020","price" : 37.71},{"date" : "03/18/2020","price" : 37.12},{"date" : "03/17/2020","price" : 35.5},{"date" : "03/16/2020","price" : 33.71},{"date" : "03/13/2020","price" : 37.64},{"date" : "03/12/2020","price" : 33.2},{"date" : "03/11/2020","price" : 37.05},{"date" : "03/10/2020","price" : 40.08},{"date" : "03/09/2020","price" : 37.96},{"date" : "03/06/2020","price" : 39.68},{"date" : "03/05/2020","price" : 39.57},{"date" : "03/04/2020","price" : 41.39},{"date" : "03/03/2020","price" : 40.04},{"date" : "03/02/2020","price" : 41.17},{"date" : "02/28/2020","price" : 39.93},{"date" : "02/27/2020","price" : 40.04},{"date" : "02/26/2020","price" : 42.16},{"date" : "02/25/2020","price" : 42.74},{"date" : "02/24/2020","price" : 44.0},{"date" : "02/21/2020","price" : 46.295},{"date" : "02/20/2020","price" : 46.85},{"date" : "02/19/2020","price" : 46.29},{"date" : "02/18/2020","price" : 46.59},{"date" : "02/14/2020","price" : 46.97},{"date" : "02/13/2020","price" : 47.32},{"date" : "02/12/2020","price" : 49.93},{"date" : "02/11/2020","price" : 49.13},{"date" : "02/10/2020","price" : 48.87},{"date" : "02/07/2020","price" : 47.97},{"date" : "02/06/2020","price" : 48.69},{"date" : "02/05/2020","price" : 48.45},{"date" : "02/04/2020","price" : 47.62},{"date" : "02/03/2020","price" : 46.53},{"date" : "01/31/2020","price" : 45.97},{"date" : "01/30/2020","price" : 47.24},{"date" : "01/29/2020","price" : 47.05},{"date" : "01/28/2020","price" : 47.77},{"date" : "01/27/2020","price" : 47.47},{"date" : "01/24/2020","price" : 48.85},{"date" : "01/23/2020","price" : 49.0},{"date" : "01/22/2020","price" : 49.06},{"date" : "01/21/2020","price" : 48.8},{"date" : "01/17/2020","price" : 49.02},{"date" : "01/16/2020","price" : 49.05},{"date" : "01/15/2020","price" : 48.01},{"date" : "01/14/2020","price" : 47.79},{"date" : "01/13/2020","price" : 47.97},{"date" : "01/10/2020","price" : 47.13},{"date" : "01/09/2020","price" : 47.32},{"date" : "01/08/2020","price" : 47.52},{"date" : "01/07/2020","price" : 47.49},{"date" : "01/06/2020","price" : 47.8},{"date" : "01/03/2020","price" : 47.63},{"date" : "01/02/2020","price" : 48.42},{"date" : "12/31/2019","price" : 47.96},{"date" : "12/30/2019","price" : 47.59},{"date" : "12/27/2019","price" : 47.77},{"date" : "12/26/2019","price" : 47.85},{"date" : "12/24/2019","price" : 47.78},{"date" : "12/23/2019","price" : 48.1},{"date" : "12/20/2019","price" : 47.45},{"date" : "12/19/2019","price" : 47.88},{"date" : "12/18/2019","price" : 46.64},{"date" : "12/17/2019","price" : 46.44},{"date" : "12/16/2019","price" : 45.98},{"date" : "12/13/2019","price" : 45.3},{"date" : "12/12/2019","price" : 45.67},{"date" : "12/11/2019","price" : 44.28},{"date" : "12/10/2019","price" : 44.1},{"date" : "12/09/2019","price" : 43.9},{"date" : "12/06/2019","price" : 43.84},{"date" : "12/05/2019","price" : 43.52},{"date" : "12/04/2019","price" : 43.89},{"date" : "12/03/2019","price" : 44.28},{"date" : "12/02/2019","price" : 44.7},{"date" : "11/29/2019","price" : 45.31},{"date" : "11/27/2019","price" : 45.24},{"date" : "11/26/2019","price" : 45.31},{"date" : "11/25/2019","price" : 45.45},{"date" : "11/22/2019","price" : 44.85},{"date" : "11/21/2019","price" : 44.84},{"date" : "11/20/2019","price" : 45.08},{"date" : "11/19/2019","price" : 45.47},{"date" : "11/18/2019","price" : 45.15},{"date" : "11/15/2019","price" : 45.09},{"date" : "11/14/2019","price" : 44.91},{"date" : "11/13/2019","price" : 48.46},{"date" : "11/12/2019","price" : 48.37},{"date" : "11/11/2019","price" : 48.1},{"date" : "11/08/2019","price" : 48.83},{"date" : "11/07/2019","price" : 48.42},{"date" : "11/06/2019","price" : 48.27},{"date" : "11/05/2019","price" : 47.76},{"date" : "11/04/2019","price" : 47.48},{"date" : "11/01/2019","price" : 47.03},{"date" : "10/31/2019","price" : 47.51},{"date" : "10/30/2019","price" : 47.56},{"date" : "10/29/2019","price" : 47.24},{"date" : "10/28/2019","price" : 47.17},{"date" : "10/25/2019","price" : 46.9},{"date" : "10/24/2019","price" : 46.41},{"date" : "10/23/2019","price" : 47.05},{"date" : "10/22/2019","price" : 47.55},{"date" : "10/21/2019","price" : 47.39},{"date" : "10/18/2019","price" : 46.71},{"date" : "10/17/2019","price" : 47.03},{"date" : "10/16/2019","price" : 46.79},{"date" : "10/15/2019","price" : 46.36},{"date" : "10/14/2019","price" : 46.05},{"date" : "10/11/2019","price" : 46.56},{"date" : "10/10/2019","price" : 46.15},{"date" : "10/09/2019","price" : 46.84},{"date" : "10/08/2019","price" : 46.39},{"date" : "10/07/2019","price" : 47.77},{"date" : "10/04/2019","price" : 47.52},{"date" : "10/03/2019","price" : 47.06},{"date" : "10/02/2019","price" : 46.56},{"date" : "10/01/2019","price" : 47.74},{"date" : "09/30/2019","price" : 49.41},{"date" : "09/27/2019","price" : 48.84},{"date" : "09/26/2019","price" : 48.83},{"date" : "09/25/2019","price" : 49.605},{"date" : "09/24/2019","price" : 49.12},{"date" : "09/23/2019","price" : 49.42},{"date" : "09/20/2019","price" : 49.6},{"date" : "09/19/2019","price" : 49.19},{"date" : "09/18/2019","price" : 49.34},{"date" : "09/17/2019","price" : 49.41},{"date" : "09/16/2019","price" : 49.96},{"date" : "09/13/2019","price" : 50.03},{"date" : "09/12/2019","price" : 49.93},{"date" : "09/11/2019","price" : 50.03},{"date" : "09/10/2019","price" : 49.21},{"date" : "09/09/2019","price" : 48.58},{"date" : "09/06/2019","price" : 48.84},{"date" : "09/05/2019","price" : 48.42},{"date" : "09/04/2019","price" : 47.32},{"date" : "09/03/2019","price" : 46.5},{"date" : "08/30/2019","price" : 46.81},{"date" : "08/29/2019","price" : 47.27},{"date" : "08/28/2019","price" : 46.87},{"date" : "08/27/2019","price" : 46.79},{"date" : "08/26/2019","price" : 47.1},{"date" : "08/23/2019","price" : 46.61},{"date" : "08/22/2019","price" : 48.18},{"date" : "08/21/2019","price" : 48.77},{"date" : "08/20/2019","price" : 47.93},{"date" : "08/19/2019","price" : 48.5},{"date" : "08/16/2019","price" : 46.96},{"date" : "08/15/2019","price" : 46.25},{"date" : "08/14/2019","price" : 50.61},{"date" : "08/13/2019","price" : 52.72},{"date" : "08/12/2019","price" : 51.54},{"date" : "08/09/2019","price" : 52.43},{"date" : "08/08/2019","price" : 53.16},{"date" : "08/07/2019","price" : 52.34},{"date" : "08/06/2019","price" : 52.6},{"date" : "08/05/2019","price" : 51.37},{"date" : "08/02/2019","price" : 53.25},{"date" : "08/01/2019","price" : 55.39},{"date" : "07/31/2019","price" : 55.4},{"date" : "07/30/2019","price" : 56.47},{"date" : "07/29/2019","price" : 56.93},{"date" : "07/26/2019","price" : 56.53},{"date" : "07/25/2019","price" : 56.62},{"date" : "07/24/2019","price" : 57.23},{"date" : "07/23/2019","price" : 57.71},{"date" : "07/22/2019","price" : 57.73},{"date" : "07/19/2019","price" : 57.36},{"date" : "07/18/2019","price" : 57.74},{"date" : "07/17/2019","price" : 57.21},{"date" : "07/16/2019","price" : 57.62},{"date" : "07/15/2019","price" : 58.05},{"date" : "07/12/2019","price" : 57.95},{"date" : "07/11/2019","price" : 57.3},{"date" : "07/10/2019","price" : 57.13},{"date" : "07/09/2019","price" : 56.34},{"date" : "07/08/2019","price" : 56.19},{"date" : "07/05/2019","price" : 56.6},{"date" : "07/03/2019","price" : 56.48},{"date" : "07/02/2019","price" : 55.81},{"date" : "07/01/2019","price" : 54.74},{"date" : "06/28/2019","price" : 54.73},{"date" : "06/27/2019","price" : 55.73},{"date" : "06/26/2019","price" : 56.6},{"date" : "06/25/2019","price" : 56.08},{"date" : "06/24/2019","price" : 57.18},{"date" : "06/21/2019","price" : 57.03},{"date" : "06/20/2019","price" : 57.41},{"date" : "06/19/2019","price" : 56.13},{"date" : "06/18/2019","price" : 56.05},{"date" : "06/17/2019","price" : 55.4},{"date" : "06/14/2019","price" : 54.75},{"date" : "06/13/2019","price" : 56.17},{"date" : "06/12/2019","price" : 55.86},{"date" : "06/11/2019","price" : 57.11},{"date" : "06/10/2019","price" : 56.42},{"date" : "06/07/2019","price" : 55.93},{"date" : "06/06/2019","price" : 55.1},{"date" : "06/05/2019","price" : 54.75},{"date" : "06/04/2019","price" : 53.23},{"date" : "06/03/2019","price" : 51.78},{"date" : "05/31/2019","price" : 52.03},{"date" : "05/30/2019","price" : 53.57},{"date" : "05/29/2019","price" : 53.18},{"date" : "05/28/2019","price" : 53.93},{"date" : "05/24/2019","price" : 54.37},{"date" : "05/23/2019","price" : 54.19},{"date" : "05/22/2019","price" : 55.69},{"date" : "05/21/2019","price" : 56.52},{"date" : "05/20/2019","price" : 56.01},{"date" : "05/17/2019","price" : 56.35},{"date" : "05/16/2019","price" : 55.93},{"date" : "05/15/2019","price" : 52.44},{"date" : "05/14/2019","price" : 52.02},{"date" : "05/13/2019","price" : 51.3},{"date" : "05/10/2019","price" : 53.36},{"date" : "05/09/2019","price" : 52.92},{"date" : "05/08/2019","price" : 53.47},{"date" : "05/07/2019","price" : 53.45},{"date" : "05/06/2019","price" : 54.59},{"date" : "05/03/2019","price" : 54.94},{"date" : "05/02/2019","price" : 54.94},{"date" : "05/01/2019","price" : 55.58},{"date" : "04/30/2019","price" : 55.95},{"date" : "04/29/2019","price" : 56.13},{"date" : "04/26/2019","price" : 55.88},{"date" : "04/25/2019","price" : 56.33},{"date" : "04/24/2019","price" : 56.88},{"date" : "04/23/2019","price" : 56.69},{"date" : "04/22/2019","price" : 56.34},{"date" : "04/18/2019","price" : 56.4},{"date" : "04/17/2019","price" : 56.31},{"date" : "04/16/2019","price" : 56.95},{"date" : "04/15/2019","price" : 56.56},{"date" : "04/12/2019","price" : 56.29},{"date" : "04/11/2019","price" : 55.6},{"date" : "04/10/2019","price" : 55.82},{"date" : "04/09/2019","price" : 55.18},{"date" : "04/08/2019","price" : 55.49},{"date" : "04/05/2019","price" : 55.21},{"date" : "04/04/2019","price" : 55.14},{"date" : "04/03/2019","price" : 55.63},{"date" : "04/02/2019","price" : 55.29},{"date" : "04/01/2019","price" : 54.98},{"date" : "03/29/2019","price" : 53.99},{"date" : "03/28/2019","price" : 53.36},{"date" : "03/27/2019","price" : 53.14},{"date" : "03/26/2019","price" : 53.23},{"date" : "03/25/2019","price" : 52.73},{"date" : "03/22/2019","price" : 52.74},{"date" : "03/21/2019","price" : 53.94},{"date" : "03/20/2019","price" : 53.26},{"date" : "03/19/2019","price" : 53.31},{"date" : "03/18/2019","price" : 53.51},{"date" : "03/15/2019","price" : 53.2},{"date" : "03/14/2019","price" : 52.74},{"date" : "03/13/2019","price" : 52.59},{"date" : "03/12/2019","price" : 52.15},{"date" : "03/11/2019","price" : 51.92},{"date" : "03/08/2019","price" : 51.07},{"date" : "03/07/2019","price" : 51.29},{"date" : "03/06/2019","price" : 51.67},{"date" : "03/05/2019","price" : 51.3},{"date" : "03/04/2019","price" : 51.16},{"date" : "03/01/2019","price" : 51.41},{"date" : "02/28/2019","price" : 51.77},{"date" : "02/27/2019","price" : 51.59},{"date" : "02/26/2019","price" : 51.18},{"date" : "02/25/2019","price" : 50.79},{"date" : "02/22/2019","price" : 50.11},{"date" : "02/21/2019","price" : 49.41},{"date" : "02/20/2019","price" : 49.63},{"date" : "02/19/2019","price" : 49.65},{"date" : "02/15/2019","price" : 49.43},{"date" : "02/14/2019","price" : 48.4},{"date" : "02/13/2019","price" : 47.5},{"date" : "02/12/2019","price" : 47.89},{"date" : "02/11/2019","price" : 47.58},{"date" : "02/08/2019","price" : 47.19},{"date" : "02/07/2019","price" : 46.7},{"date" : "02/06/2019","price" : 47.48},{"date" : "02/05/2019","price" : 47.26},{"date" : "02/04/2019","price" : 47.35},{"date" : "02/01/2019","price" : 47.34},{"date" : "01/31/2019","price" : 47.29},{"date" : "01/30/2019","price" : 46.71},{"date" : "01/29/2019","price" : 45.96},{"date" : "01/28/2019","price" : 45.75},{"date" : "01/25/2019","price" : 46.13},{"date" : "01/24/2019","price" : 45.61},{"date" : "01/23/2019","price" : 45.46},{"date" : "01/22/2019","price" : 44.78},{"date" : "01/18/2019","price" : 45.03},{"date" : "01/17/2019","price" : 44.21},{"date" : "01/16/2019","price" : 43.96},{"date" : "01/15/2019","price" : 44.02},{"date" : "01/14/2019","price" : 43.21},{"date" : "01/11/2019","price" : 43.49},{"date" : "01/10/2019","price" : 43.24},{"date" : "01/09/2019","price" : 43.32},{"date" : "01/08/2019","price" : 43.56},{"date" : "01/07/2019","price" : 43.21},{"date" : "01/04/2019","price" : 42.92},{"date" : "01/03/2019","price" : 41.07},{"date" : "01/02/2019","price" : 42.95},{"date" : "12/31/2018","price" : 43.33},{"date" : "12/28/2018","price" : 42.77},{"date" : "12/27/2018","price" : 42.91},{"date" : "12/26/2018","price" : 42.47},{"date" : "12/24/2018","price" : 40.28},{"date" : "12/21/2018","price" : 41.85},{"date" : "12/20/2018","price" : 42.49},{"date" : "12/19/2018","price" : 43.14},{"date" : "12/18/2018","price" : 44.06},{"date" : "12/17/2018","price" : 44.2},{"date" : "12/14/2018","price" : 45.82},{"date" : "12/13/2018","price" : 47.47},{"date" : "12/12/2018","price" : 47.42},{"date" : "12/11/2018","price" : 47.09},{"date" : "12/10/2018","price" : 46.86},{"date" : "12/07/2018","price" : 46.44},{"date" : "12/06/2018","price" : 48.39},{"date" : "12/04/2018","price" : 47.35},{"date" : "12/03/2018","price" : 48.74},{"date" : "11/30/2018","price" : 47.87},{"date" : "11/29/2018","price" : 47.34},{"date" : "11/28/2018","price" : 47.29},{"date" : "11/27/2018","price" : 46.12},{"date" : "11/26/2018","price" : 45.57}]}