{ "data" : [{"date" : "11/22/2023","price" : 377.85},{"date" : "11/21/2023","price" : 373.07},{"date" : "11/20/2023","price" : 377.44},{"date" : "11/17/2023","price" : 369.85},{"date" : "11/16/2023","price" : 376.17},{"date" : "11/15/2023","price" : 369.67},{"date" : "11/14/2023","price" : 370.27},{"date" : "11/13/2023","price" : 366.68},{"date" : "11/10/2023","price" : 369.67},{"date" : "11/09/2023","price" : 360.69},{"date" : "11/08/2023","price" : 363.2},{"date" : "11/07/2023","price" : 360.53},{"date" : "11/06/2023","price" : 356.53},{"date" : "11/03/2023","price" : 352.8},{"date" : "11/02/2023","price" : 348.32},{"date" : "11/01/2023","price" : 346.07},{"date" : "10/31/2023","price" : 338.11},{"date" : "10/30/2023","price" : 337.31},{"date" : "10/27/2023","price" : 329.81},{"date" : "10/26/2023","price" : 327.89},{"date" : "10/25/2023","price" : 340.67},{"date" : "10/24/2023","price" : 330.53},{"date" : "10/23/2023","price" : 329.32},{"date" : "10/20/2023","price" : 326.67},{"date" : "10/19/2023","price" : 331.32},{"date" : "10/18/2023","price" : 330.11},{"date" : "10/17/2023","price" : 332.06},{"date" : "10/16/2023","price" : 332.64},{"date" : "10/13/2023","price" : 327.73},{"date" : "10/12/2023","price" : 331.16},{"date" : "10/11/2023","price" : 332.42},{"date" : "10/10/2023","price" : 328.39},{"date" : "10/09/2023","price" : 329.82},{"date" : "10/06/2023","price" : 327.26},{"date" : "10/05/2023","price" : 319.36},{"date" : "10/04/2023","price" : 318.955},{"date" : "10/03/2023","price" : 313.39},{"date" : "10/02/2023","price" : 321.8},{"date" : "09/29/2023","price" : 315.75},{"date" : "09/28/2023","price" : 313.64},{"date" : "09/27/2023","price" : 312.79},{"date" : "09/26/2023","price" : 312.14},{"date" : "09/25/2023","price" : 317.54},{"date" : "09/22/2023","price" : 317.01},{"date" : "09/21/2023","price" : 319.53},{"date" : "09/20/2023","price" : 320.77},{"date" : "09/19/2023","price" : 328.65},{"date" : "09/18/2023","price" : 329.06},{"date" : "09/15/2023","price" : 330.22},{"date" : "09/14/2023","price" : 338.7},{"date" : "09/13/2023","price" : 336.06},{"date" : "09/12/2023","price" : 331.77},{"date" : "09/11/2023","price" : 337.94},{"date" : "09/08/2023","price" : 334.27},{"date" : "09/07/2023","price" : 329.91},{"date" : "09/06/2023","price" : 332.88},{"date" : "09/05/2023","price" : 333.55},{"date" : "09/01/2023","price" : 328.66},{"date" : "08/31/2023","price" : 327.76},{"date" : "08/30/2023","price" : 328.79},{"date" : "08/29/2023","price" : 328.41},{"date" : "08/28/2023","price" : 323.7},{"date" : "08/25/2023","price" : 322.98},{"date" : "08/24/2023","price" : 319.97},{"date" : "08/23/2023","price" : 327.0},{"date" : "08/22/2023","price" : 322.46},{"date" : "08/21/2023","price" : 321.88},{"date" : "08/18/2023","price" : 316.48},{"date" : "08/17/2023","price" : 316.88},{"date" : "08/16/2023","price" : 320.4},{"date" : "08/15/2023","price" : 321.86},{"date" : "08/14/2023","price" : 324.04},{"date" : "08/11/2023","price" : 321.01},{"date" : "08/10/2023","price" : 322.93},{"date" : "08/09/2023","price" : 322.23},{"date" : "08/08/2023","price" : 326.05},{"date" : "08/07/2023","price" : 330.11},{"date" : "08/04/2023","price" : 327.78},{"date" : "08/03/2023","price" : 326.66},{"date" : "08/02/2023","price" : 327.5},{"date" : "08/01/2023","price" : 336.34},{"date" : "07/31/2023","price" : 335.92},{"date" : "07/28/2023","price" : 338.37},{"date" : "07/27/2023","price" : 330.72},{"date" : "07/26/2023","price" : 337.77},{"date" : "07/25/2023","price" : 350.98},{"date" : "07/24/2023","price" : 345.11},{"date" : "07/21/2023","price" : 343.77},{"date" : "07/20/2023","price" : 346.87},{"date" : "07/19/2023","price" : 355.08},{"date" : "07/18/2023","price" : 359.49},{"date" : "07/17/2023","price" : 345.73},{"date" : "07/14/2023","price" : 345.24},{"date" : "07/13/2023","price" : 342.66},{"date" : "07/12/2023","price" : 337.2},{"date" : "07/11/2023","price" : 332.47},{"date" : "07/10/2023","price" : 331.83},{"date" : "07/07/2023","price" : 337.22},{"date" : "07/06/2023","price" : 341.27},{"date" : "07/05/2023","price" : 338.15},{"date" : "07/03/2023","price" : 337.99},{"date" : "06/30/2023","price" : 340.54},{"date" : "06/29/2023","price" : 335.05},{"date" : "06/28/2023","price" : 335.85},{"date" : "06/27/2023","price" : 334.57},{"date" : "06/26/2023","price" : 328.6},{"date" : "06/23/2023","price" : 335.02},{"date" : "06/22/2023","price" : 339.71},{"date" : "06/21/2023","price" : 333.56},{"date" : "06/20/2023","price" : 338.05},{"date" : "06/16/2023","price" : 342.33},{"date" : "06/15/2023","price" : 348.1},{"date" : "06/14/2023","price" : 337.34},{"date" : "06/13/2023","price" : 334.29},{"date" : "06/12/2023","price" : 331.85},{"date" : "06/09/2023","price" : 326.79},{"date" : "06/08/2023","price" : 325.26},{"date" : "06/07/2023","price" : 323.38},{"date" : "06/06/2023","price" : 333.68},{"date" : "06/05/2023","price" : 335.94},{"date" : "06/02/2023","price" : 335.4},{"date" : "06/01/2023","price" : 332.58},{"date" : "05/31/2023","price" : 328.39},{"date" : "05/30/2023","price" : 331.21},{"date" : "05/26/2023","price" : 332.89},{"date" : "05/25/2023","price" : 325.92},{"date" : "05/24/2023","price" : 313.85},{"date" : "05/23/2023","price" : 315.26},{"date" : "05/22/2023","price" : 321.18},{"date" : "05/19/2023","price" : 318.34},{"date" : "05/18/2023","price" : 318.52},{"date" : "05/17/2023","price" : 314.0},{"date" : "05/16/2023","price" : 311.74},{"date" : "05/15/2023","price" : 309.46},{"date" : "05/12/2023","price" : 308.97},{"date" : "05/11/2023","price" : 310.11},{"date" : "05/10/2023","price" : 312.31},{"date" : "05/09/2023","price" : 307.0},{"date" : "05/08/2023","price" : 308.65},{"date" : "05/05/2023","price" : 310.65},{"date" : "05/04/2023","price" : 305.41},{"date" : "05/03/2023","price" : 304.4},{"date" : "05/02/2023","price" : 305.41},{"date" : "05/01/2023","price" : 305.56},{"date" : "04/28/2023","price" : 307.26},{"date" : "04/27/2023","price" : 304.83},{"date" : "04/26/2023","price" : 295.37},{"date" : "04/25/2023","price" : 275.42},{"date" : "04/24/2023","price" : 281.77},{"date" : "04/21/2023","price" : 285.76},{"date" : "04/20/2023","price" : 286.11},{"date" : "04/19/2023","price" : 288.45},{"date" : "04/18/2023","price" : 288.37},{"date" : "04/17/2023","price" : 288.8},{"date" : "04/14/2023","price" : 286.14},{"date" : "04/13/2023","price" : 289.84},{"date" : "04/12/2023","price" : 283.49},{"date" : "04/11/2023","price" : 282.83},{"date" : "04/10/2023","price" : 289.39},{"date" : "04/06/2023","price" : 291.6},{"date" : "04/05/2023","price" : 284.34},{"date" : "04/04/2023","price" : 287.18},{"date" : "04/03/2023","price" : 287.23},{"date" : "03/31/2023","price" : 288.3},{"date" : "03/30/2023","price" : 284.05},{"date" : "03/29/2023","price" : 280.51},{"date" : "03/28/2023","price" : 275.23},{"date" : "03/27/2023","price" : 276.38},{"date" : "03/24/2023","price" : 280.57},{"date" : "03/23/2023","price" : 277.66},{"date" : "03/22/2023","price" : 272.29},{"date" : "03/21/2023","price" : 273.78},{"date" : "03/20/2023","price" : 272.23},{"date" : "03/17/2023","price" : 279.43},{"date" : "03/16/2023","price" : 276.2},{"date" : "03/15/2023","price" : 265.44},{"date" : "03/14/2023","price" : 260.79},{"date" : "03/13/2023","price" : 253.92},{"date" : "03/10/2023","price" : 248.59},{"date" : "03/09/2023","price" : 252.32},{"date" : "03/08/2023","price" : 253.7},{"date" : "03/07/2023","price" : 254.15},{"date" : "03/06/2023","price" : 256.87},{"date" : "03/03/2023","price" : 255.29},{"date" : "03/02/2023","price" : 251.11},{"date" : "03/01/2023","price" : 246.27},{"date" : "02/28/2023","price" : 249.42},{"date" : "02/27/2023","price" : 250.16},{"date" : "02/24/2023","price" : 249.22},{"date" : "02/23/2023","price" : 254.77},{"date" : "02/22/2023","price" : 251.51},{"date" : "02/21/2023","price" : 252.67},{"date" : "02/17/2023","price" : 258.06},{"date" : "02/16/2023","price" : 262.15},{"date" : "02/15/2023","price" : 269.32},{"date" : "02/14/2023","price" : 272.17},{"date" : "02/13/2023","price" : 271.32},{"date" : "02/10/2023","price" : 263.1},{"date" : "02/09/2023","price" : 263.62},{"date" : "02/08/2023","price" : 266.73},{"date" : "02/07/2023","price" : 267.56},{"date" : "02/06/2023","price" : 256.77},{"date" : "02/03/2023","price" : 258.35},{"date" : "02/02/2023","price" : 264.6},{"date" : "02/01/2023","price" : 252.75},{"date" : "01/31/2023","price" : 247.81},{"date" : "01/30/2023","price" : 242.71},{"date" : "01/27/2023","price" : 248.16},{"date" : "01/26/2023","price" : 248.0},{"date" : "01/25/2023","price" : 240.61},{"date" : "01/24/2023","price" : 242.04},{"date" : "01/23/2023","price" : 242.58},{"date" : "01/20/2023","price" : 240.22},{"date" : "01/19/2023","price" : 231.93},{"date" : "01/18/2023","price" : 235.81},{"date" : "01/17/2023","price" : 240.35},{"date" : "01/13/2023","price" : 239.23},{"date" : "01/12/2023","price" : 238.51},{"date" : "01/11/2023","price" : 235.77},{"date" : "01/10/2023","price" : 228.85},{"date" : "01/09/2023","price" : 227.12},{"date" : "01/06/2023","price" : 224.93},{"date" : "01/05/2023","price" : 222.31},{"date" : "01/04/2023","price" : 229.1},{"date" : "01/03/2023","price" : 239.58},{"date" : "12/30/2022","price" : 239.82},{"date" : "12/29/2022","price" : 241.01},{"date" : "12/28/2022","price" : 234.53},{"date" : "12/27/2022","price" : 236.96},{"date" : "12/23/2022","price" : 238.73},{"date" : "12/22/2022","price" : 238.19},{"date" : "12/21/2022","price" : 244.43},{"date" : "12/20/2022","price" : 241.8},{"date" : "12/19/2022","price" : 240.45},{"date" : "12/16/2022","price" : 244.69},{"date" : "12/15/2022","price" : 249.01},{"date" : "12/14/2022","price" : 257.22},{"date" : "12/13/2022","price" : 256.92},{"date" : "12/12/2022","price" : 252.51},{"date" : "12/09/2022","price" : 245.42},{"date" : "12/08/2022","price" : 247.4},{"date" : "12/07/2022","price" : 244.37},{"date" : "12/06/2022","price" : 245.12},{"date" : "12/05/2022","price" : 250.2},{"date" : "12/02/2022","price" : 255.02},{"date" : "12/01/2022","price" : 254.69},{"date" : "11/30/2022","price" : 255.14},{"date" : "11/29/2022","price" : 240.33},{"date" : "11/28/2022","price" : 241.76},{"date" : "11/25/2022","price" : 247.49},{"date" : "11/23/2022","price" : 247.58},{"date" : "11/22/2022","price" : 245.03},{"date" : "11/21/2022","price" : 242.05},{"date" : "11/18/2022","price" : 241.22},{"date" : "11/17/2022","price" : 241.68},{"date" : "11/16/2022","price" : 241.73},{"date" : "11/15/2022","price" : 241.97},{"date" : "11/14/2022","price" : 241.55},{"date" : "11/11/2022","price" : 247.11},{"date" : "11/10/2022","price" : 242.98},{"date" : "11/09/2022","price" : 224.51},{"date" : "11/08/2022","price" : 228.87},{"date" : "11/07/2022","price" : 227.87},{"date" : "11/04/2022","price" : 221.39},{"date" : "11/03/2022","price" : 214.25},{"date" : "11/02/2022","price" : 220.1},{"date" : "11/01/2022","price" : 228.17},{"date" : "10/31/2022","price" : 232.13},{"date" : "10/28/2022","price" : 235.87},{"date" : "10/27/2022","price" : 226.75},{"date" : "10/26/2022","price" : 231.32},{"date" : "10/25/2022","price" : 250.66},{"date" : "10/24/2022","price" : 247.25},{"date" : "10/21/2022","price" : 242.12},{"date" : "10/20/2022","price" : 236.15},{"date" : "10/19/2022","price" : 236.48},{"date" : "10/18/2022","price" : 238.5},{"date" : "10/17/2022","price" : 237.53},{"date" : "10/14/2022","price" : 228.56},{"date" : "10/13/2022","price" : 234.24},{"date" : "10/12/2022","price" : 225.75},{"date" : "10/11/2022","price" : 225.41},{"date" : "10/10/2022","price" : 229.25},{"date" : "10/07/2022","price" : 234.24},{"date" : "10/06/2022","price" : 246.79},{"date" : "10/05/2022","price" : 249.2},{"date" : "10/04/2022","price" : 248.88},{"date" : "10/03/2022","price" : 240.74},{"date" : "09/30/2022","price" : 232.9},{"date" : "09/29/2022","price" : 237.5},{"date" : "09/28/2022","price" : 241.07},{"date" : "09/27/2022","price" : 236.41},{"date" : "09/26/2022","price" : 237.45},{"date" : "09/23/2022","price" : 237.92},{"date" : "09/22/2022","price" : 240.98},{"date" : "09/21/2022","price" : 238.95},{"date" : "09/20/2022","price" : 242.45},{"date" : "09/19/2022","price" : 244.52},{"date" : "09/16/2022","price" : 244.74},{"date" : "09/15/2022","price" : 245.38},{"date" : "09/14/2022","price" : 252.22},{"date" : "09/13/2022","price" : 251.99},{"date" : "09/12/2022","price" : 266.65},{"date" : "09/09/2022","price" : 264.46},{"date" : "09/08/2022","price" : 258.52},{"date" : "09/07/2022","price" : 258.09},{"date" : "09/06/2022","price" : 253.25},{"date" : "09/02/2022","price" : 256.06},{"date" : "09/01/2022","price" : 260.4},{"date" : "08/31/2022","price" : 261.47},{"date" : "08/30/2022","price" : 262.97},{"date" : "08/29/2022","price" : 265.23},{"date" : "08/26/2022","price" : 268.09},{"date" : "08/25/2022","price" : 278.85},{"date" : "08/24/2022","price" : 275.79},{"date" : "08/23/2022","price" : 276.44},{"date" : "08/22/2022","price" : 277.75},{"date" : "08/19/2022","price" : 286.15},{"date" : "08/18/2022","price" : 290.17},{"date" : "08/17/2022","price" : 291.32},{"date" : "08/16/2022","price" : 292.71},{"date" : "08/15/2022","price" : 293.47},{"date" : "08/12/2022","price" : 291.91},{"date" : "08/11/2022","price" : 287.02},{"date" : "08/10/2022","price" : 289.16},{"date" : "08/09/2022","price" : 282.3},{"date" : "08/08/2022","price" : 280.32},{"date" : "08/05/2022","price" : 282.91},{"date" : "08/04/2022","price" : 283.65},{"date" : "08/03/2022","price" : 282.47},{"date" : "08/02/2022","price" : 274.82},{"date" : "08/01/2022","price" : 278.01},{"date" : "07/29/2022","price" : 280.74},{"date" : "07/28/2022","price" : 276.41},{"date" : "07/27/2022","price" : 268.74},{"date" : "07/26/2022","price" : 251.9},{"date" : "07/25/2022","price" : 258.83},{"date" : "07/22/2022","price" : 260.36},{"date" : "07/21/2022","price" : 264.84},{"date" : "07/20/2022","price" : 262.27},{"date" : "07/19/2022","price" : 259.53},{"date" : "07/18/2022","price" : 254.25},{"date" : "07/15/2022","price" : 256.72},{"date" : "07/14/2022","price" : 254.08},{"date" : "07/13/2022","price" : 252.72},{"date" : "07/12/2022","price" : 253.67},{"date" : "07/11/2022","price" : 264.51},{"date" : "07/08/2022","price" : 267.66},{"date" : "07/07/2022","price" : 268.4},{"date" : "07/06/2022","price" : 266.21},{"date" : "07/05/2022","price" : 262.85},{"date" : "07/01/2022","price" : 259.58},{"date" : "06/30/2022","price" : 256.83},{"date" : "06/29/2022","price" : 260.26},{"date" : "06/28/2022","price" : 256.48},{"date" : "06/27/2022","price" : 264.89},{"date" : "06/24/2022","price" : 267.7},{"date" : "06/23/2022","price" : 258.86},{"date" : "06/22/2022","price" : 253.13},{"date" : "06/21/2022","price" : 253.74},{"date" : "06/17/2022","price" : 247.65},{"date" : "06/16/2022","price" : 244.97},{"date" : "06/15/2022","price" : 251.76},{"date" : "06/14/2022","price" : 244.49},{"date" : "06/13/2022","price" : 242.26},{"date" : "06/10/2022","price" : 252.99},{"date" : "06/09/2022","price" : 264.79},{"date" : "06/08/2022","price" : 270.41},{"date" : "06/07/2022","price" : 272.5},{"date" : "06/06/2022","price" : 268.75},{"date" : "06/03/2022","price" : 270.02},{"date" : "06/02/2022","price" : 274.58},{"date" : "06/01/2022","price" : 272.42},{"date" : "05/31/2022","price" : 271.87},{"date" : "05/27/2022","price" : 273.24},{"date" : "05/26/2022","price" : 265.9},{"date" : "05/25/2022","price" : 262.52},{"date" : "05/24/2022","price" : 259.62},{"date" : "05/23/2022","price" : 260.65},{"date" : "05/20/2022","price" : 252.56},{"date" : "05/19/2022","price" : 253.14},{"date" : "05/18/2022","price" : 254.08},{"date" : "05/17/2022","price" : 266.82},{"date" : "05/16/2022","price" : 261.5},{"date" : "05/13/2022","price" : 261.12},{"date" : "05/12/2022","price" : 255.35},{"date" : "05/11/2022","price" : 260.55},{"date" : "05/10/2022","price" : 269.5},{"date" : "05/09/2022","price" : 264.58},{"date" : "05/06/2022","price" : 274.73},{"date" : "05/05/2022","price" : 277.35},{"date" : "05/04/2022","price" : 289.98},{"date" : "05/03/2022","price" : 281.78},{"date" : "05/02/2022","price" : 284.47},{"date" : "04/29/2022","price" : 277.52},{"date" : "04/28/2022","price" : 289.63},{"date" : "04/27/2022","price" : 283.22},{"date" : "04/26/2022","price" : 270.22},{"date" : "04/25/2022","price" : 280.72},{"date" : "04/22/2022","price" : 274.03},{"date" : "04/21/2022","price" : 280.81},{"date" : "04/20/2022","price" : 286.36},{"date" : "04/19/2022","price" : 285.3},{"date" : "04/18/2022","price" : 280.52},{"date" : "04/14/2022","price" : 279.83},{"date" : "04/13/2022","price" : 287.62},{"date" : "04/12/2022","price" : 282.06},{"date" : "04/11/2022","price" : 285.26},{"date" : "04/08/2022","price" : 296.97},{"date" : "04/07/2022","price" : 301.37},{"date" : "04/06/2022","price" : 299.5},{"date" : "04/05/2022","price" : 310.88},{"date" : "04/04/2022","price" : 314.97},{"date" : "04/01/2022","price" : 309.42},{"date" : "03/31/2022","price" : 308.31},{"date" : "03/30/2022","price" : 313.86},{"date" : "03/29/2022","price" : 315.41},{"date" : "03/28/2022","price" : 310.7},{"date" : "03/25/2022","price" : 303.68},{"date" : "03/24/2022","price" : 304.1},{"date" : "03/23/2022","price" : 299.49},{"date" : "03/22/2022","price" : 304.06},{"date" : "03/21/2022","price" : 299.16},{"date" : "03/18/2022","price" : 300.43},{"date" : "03/17/2022","price" : 295.22},{"date" : "03/16/2022","price" : 294.39},{"date" : "03/15/2022","price" : 287.15},{"date" : "03/14/2022","price" : 276.44},{"date" : "03/11/2022","price" : 280.07},{"date" : "03/10/2022","price" : 285.59},{"date" : "03/09/2022","price" : 288.5},{"date" : "03/08/2022","price" : 275.85},{"date" : "03/07/2022","price" : 278.91},{"date" : "03/04/2022","price" : 289.86},{"date" : "03/03/2022","price" : 295.92},{"date" : "03/02/2022","price" : 300.19},{"date" : "03/01/2022","price" : 294.95},{"date" : "02/28/2022","price" : 298.79},{"date" : "02/25/2022","price" : 297.31},{"date" : "02/24/2022","price" : 294.59},{"date" : "02/23/2022","price" : 280.27},{"date" : "02/22/2022","price" : 287.72},{"date" : "02/18/2022","price" : 287.93},{"date" : "02/17/2022","price" : 290.73},{"date" : "02/16/2022","price" : 299.5},{"date" : "02/15/2022","price" : 300.47},{"date" : "02/14/2022","price" : 295.0},{"date" : "02/11/2022","price" : 295.04},{"date" : "02/10/2022","price" : 302.38},{"date" : "02/09/2022","price" : 311.21},{"date" : "02/08/2022","price" : 304.56},{"date" : "02/07/2022","price" : 300.95},{"date" : "02/04/2022","price" : 305.94},{"date" : "02/03/2022","price" : 301.25},{"date" : "02/02/2022","price" : 313.46},{"date" : "02/01/2022","price" : 308.76},{"date" : "01/31/2022","price" : 310.98},{"date" : "01/28/2022","price" : 308.26},{"date" : "01/27/2022","price" : 299.84},{"date" : "01/26/2022","price" : 296.71},{"date" : "01/25/2022","price" : 288.49},{"date" : "01/24/2022","price" : 296.37},{"date" : "01/21/2022","price" : 296.03},{"date" : "01/20/2022","price" : 301.6},{"date" : "01/19/2022","price" : 303.33},{"date" : "01/18/2022","price" : 302.65},{"date" : "01/14/2022","price" : 310.2},{"date" : "01/13/2022","price" : 304.8},{"date" : "01/12/2022","price" : 318.27},{"date" : "01/11/2022","price" : 314.98},{"date" : "01/10/2022","price" : 314.27},{"date" : "01/07/2022","price" : 314.04},{"date" : "01/06/2022","price" : 313.88},{"date" : "01/05/2022","price" : 316.38},{"date" : "01/04/2022","price" : 329.01},{"date" : "01/03/2022","price" : 334.75},{"date" : "12/31/2021","price" : 336.32},{"date" : "12/30/2021","price" : 339.32},{"date" : "12/29/2021","price" : 341.95},{"date" : "12/28/2021","price" : 341.25},{"date" : "12/27/2021","price" : 342.45},{"date" : "12/23/2021","price" : 334.69},{"date" : "12/22/2021","price" : 333.2},{"date" : "12/21/2021","price" : 327.29},{"date" : "12/20/2021","price" : 319.91},{"date" : "12/17/2021","price" : 323.8},{"date" : "12/16/2021","price" : 324.9},{"date" : "12/15/2021","price" : 334.65},{"date" : "12/14/2021","price" : 328.34},{"date" : "12/13/2021","price" : 339.4},{"date" : "12/10/2021","price" : 342.54},{"date" : "12/09/2021","price" : 333.1},{"date" : "12/08/2021","price" : 334.97},{"date" : "12/07/2021","price" : 334.92},{"date" : "12/06/2021","price" : 326.19},{"date" : "12/03/2021","price" : 323.01},{"date" : "12/02/2021","price" : 329.49},{"date" : "12/01/2021","price" : 330.08},{"date" : "11/30/2021","price" : 330.59},{"date" : "11/29/2021","price" : 336.63},{"date" : "11/26/2021","price" : 329.68},{"date" : "11/24/2021","price" : 337.91},{"date" : "11/23/2021","price" : 337.68},{"date" : "11/22/2021","price" : 339.83},{"date" : "11/19/2021","price" : 343.11},{"date" : "11/18/2021","price" : 341.27},{"date" : "11/17/2021","price" : 339.12},{"date" : "11/16/2021","price" : 339.51},{"date" : "11/15/2021","price" : 336.07},{"date" : "11/12/2021","price" : 336.72},{"date" : "11/11/2021","price" : 332.43},{"date" : "11/10/2021","price" : 330.8},{"date" : "11/09/2021","price" : 335.95},{"date" : "11/08/2021","price" : 336.99},{"date" : "11/05/2021","price" : 336.06},{"date" : "11/04/2021","price" : 336.44},{"date" : "11/03/2021","price" : 334.0},{"date" : "11/02/2021","price" : 333.13},{"date" : "11/01/2021","price" : 329.37},{"date" : "10/29/2021","price" : 331.62},{"date" : "10/28/2021","price" : 324.35},{"date" : "10/27/2021","price" : 323.17},{"date" : "10/26/2021","price" : 310.11},{"date" : "10/25/2021","price" : 308.13},{"date" : "10/22/2021","price" : 309.16},{"date" : "10/21/2021","price" : 310.76},{"date" : "10/20/2021","price" : 307.41},{"date" : "10/19/2021","price" : 308.23},{"date" : "10/18/2021","price" : 307.29},{"date" : "10/15/2021","price" : 304.21},{"date" : "10/14/2021","price" : 302.75},{"date" : "10/13/2021","price" : 296.31},{"date" : "10/12/2021","price" : 292.88},{"date" : "10/11/2021","price" : 294.23},{"date" : "10/08/2021","price" : 294.85},{"date" : "10/07/2021","price" : 294.85},{"date" : "10/06/2021","price" : 293.11},{"date" : "10/05/2021","price" : 288.76},{"date" : "10/04/2021","price" : 283.11},{"date" : "10/01/2021","price" : 289.1},{"date" : "09/30/2021","price" : 281.92},{"date" : "09/29/2021","price" : 284.0},{"date" : "09/28/2021","price" : 283.52},{"date" : "09/27/2021","price" : 294.17},{"date" : "09/24/2021","price" : 299.35},{"date" : "09/23/2021","price" : 299.56},{"date" : "09/22/2021","price" : 298.58},{"date" : "09/21/2021","price" : 294.8},{"date" : "09/20/2021","price" : 294.3},{"date" : "09/17/2021","price" : 299.87},{"date" : "09/16/2021","price" : 305.22},{"date" : "09/15/2021","price" : 304.82},{"date" : "09/14/2021","price" : 299.79},{"date" : "09/13/2021","price" : 296.99},{"date" : "09/10/2021","price" : 295.71},{"date" : "09/09/2021","price" : 297.25},{"date" : "09/08/2021","price" : 300.21},{"date" : "09/07/2021","price" : 300.18},{"date" : "09/03/2021","price" : 301.14},{"date" : "09/02/2021","price" : 301.15},{"date" : "09/01/2021","price" : 301.83},{"date" : "08/31/2021","price" : 301.88},{"date" : "08/30/2021","price" : 303.59},{"date" : "08/27/2021","price" : 299.72},{"date" : "08/26/2021","price" : 299.09},{"date" : "08/25/2021","price" : 302.01},{"date" : "08/24/2021","price" : 302.62},{"date" : "08/23/2021","price" : 304.65},{"date" : "08/20/2021","price" : 304.36},{"date" : "08/19/2021","price" : 296.77},{"date" : "08/18/2021","price" : 290.73},{"date" : "08/17/2021","price" : 293.08},{"date" : "08/16/2021","price" : 294.6},{"date" : "08/13/2021","price" : 292.85},{"date" : "08/12/2021","price" : 289.81},{"date" : "08/11/2021","price" : 286.95},{"date" : "08/10/2021","price" : 286.44},{"date" : "08/09/2021","price" : 288.33},{"date" : "08/06/2021","price" : 289.46},{"date" : "08/05/2021","price" : 289.52},{"date" : "08/04/2021","price" : 286.51},{"date" : "08/03/2021","price" : 287.12},{"date" : "08/02/2021","price" : 284.82},{"date" : "07/30/2021","price" : 284.91},{"date" : "07/29/2021","price" : 286.5},{"date" : "07/28/2021","price" : 286.22},{"date" : "07/27/2021","price" : 286.54},{"date" : "07/26/2021","price" : 289.05},{"date" : "07/23/2021","price" : 289.67},{"date" : "07/22/2021","price" : 286.14},{"date" : "07/21/2021","price" : 281.4},{"date" : "07/20/2021","price" : 279.32},{"date" : "07/19/2021","price" : 277.01},{"date" : "07/16/2021","price" : 280.75},{"date" : "07/15/2021","price" : 281.03},{"date" : "07/14/2021","price" : 282.51},{"date" : "07/13/2021","price" : 280.98},{"date" : "07/12/2021","price" : 277.32},{"date" : "07/09/2021","price" : 277.94},{"date" : "07/08/2021","price" : 277.42},{"date" : "07/07/2021","price" : 279.93},{"date" : "07/06/2021","price" : 277.66},{"date" : "07/02/2021","price" : 277.65},{"date" : "07/01/2021","price" : 271.6},{"date" : "06/30/2021","price" : 270.9},{"date" : "06/29/2021","price" : 271.4},{"date" : "06/28/2021","price" : 268.72},{"date" : "06/25/2021","price" : 265.02},{"date" : "06/24/2021","price" : 266.69},{"date" : "06/23/2021","price" : 265.275},{"date" : "06/22/2021","price" : 265.51},{"date" : "06/21/2021","price" : 262.63},{"date" : "06/18/2021","price" : 259.43},{"date" : "06/17/2021","price" : 260.9},{"date" : "06/16/2021","price" : 257.38},{"date" : "06/15/2021","price" : 258.36},{"date" : "06/14/2021","price" : 259.89},{"date" : "06/11/2021","price" : 257.89},{"date" : "06/10/2021","price" : 257.24},{"date" : "06/09/2021","price" : 253.59},{"date" : "06/08/2021","price" : 252.57},{"date" : "06/07/2021","price" : 253.81},{"date" : "06/04/2021","price" : 250.79},{"date" : "06/03/2021","price" : 245.71},{"date" : "06/02/2021","price" : 247.3},{"date" : "06/01/2021","price" : 247.4},{"date" : "05/28/2021","price" : 249.68},{"date" : "05/27/2021","price" : 249.31},{"date" : "05/26/2021","price" : 251.49},{"date" : "05/25/2021","price" : 251.72},{"date" : "05/24/2021","price" : 250.78},{"date" : "05/21/2021","price" : 245.17},{"date" : "05/20/2021","price" : 246.48},{"date" : "05/19/2021","price" : 243.12},{"date" : "05/18/2021","price" : 243.08},{"date" : "05/17/2021","price" : 245.18},{"date" : "05/14/2021","price" : 248.15},{"date" : "05/13/2021","price" : 243.03},{"date" : "05/12/2021","price" : 239.0},{"date" : "05/11/2021","price" : 246.23},{"date" : "05/10/2021","price" : 247.18},{"date" : "05/07/2021","price" : 252.46},{"date" : "05/06/2021","price" : 249.73},{"date" : "05/05/2021","price" : 246.47},{"date" : "05/04/2021","price" : 247.79},{"date" : "05/03/2021","price" : 251.86},{"date" : "04/30/2021","price" : 252.18},{"date" : "04/29/2021","price" : 252.51},{"date" : "04/28/2021","price" : 254.56},{"date" : "04/27/2021","price" : 261.97},{"date" : "04/26/2021","price" : 261.55},{"date" : "04/23/2021","price" : 261.15},{"date" : "04/22/2021","price" : 257.17},{"date" : "04/21/2021","price" : 260.58},{"date" : "04/20/2021","price" : 258.26},{"date" : "04/19/2021","price" : 258.74},{"date" : "04/16/2021","price" : 260.74},{"date" : "04/15/2021","price" : 259.5},{"date" : "04/14/2021","price" : 255.59},{"date" : "04/13/2021","price" : 258.49},{"date" : "04/12/2021","price" : 255.91},{"date" : "04/09/2021","price" : 255.85},{"date" : "04/08/2021","price" : 253.25},{"date" : "04/07/2021","price" : 249.9},{"date" : "04/06/2021","price" : 247.86},{"date" : "04/05/2021","price" : 249.07},{"date" : "04/01/2021","price" : 242.35},{"date" : "03/31/2021","price" : 235.77},{"date" : "03/30/2021","price" : 231.85},{"date" : "03/29/2021","price" : 235.24},{"date" : "03/26/2021","price" : 236.48},{"date" : "03/25/2021","price" : 232.34},{"date" : "03/24/2021","price" : 235.46},{"date" : "03/23/2021","price" : 237.58},{"date" : "03/22/2021","price" : 235.99},{"date" : "03/19/2021","price" : 230.35},{"date" : "03/18/2021","price" : 230.72},{"date" : "03/17/2021","price" : 237.04},{"date" : "03/16/2021","price" : 237.71},{"date" : "03/15/2021","price" : 234.81},{"date" : "03/12/2021","price" : 235.75},{"date" : "03/11/2021","price" : 237.13},{"date" : "03/10/2021","price" : 232.42},{"date" : "03/09/2021","price" : 233.78},{"date" : "03/08/2021","price" : 227.39},{"date" : "03/05/2021","price" : 231.6},{"date" : "03/04/2021","price" : 226.73},{"date" : "03/03/2021","price" : 227.56},{"date" : "03/02/2021","price" : 233.87},{"date" : "03/01/2021","price" : 236.94},{"date" : "02/26/2021","price" : 232.38},{"date" : "02/25/2021","price" : 228.99},{"date" : "02/24/2021","price" : 234.55},{"date" : "02/23/2021","price" : 233.27},{"date" : "02/22/2021","price" : 234.51},{"date" : "02/19/2021","price" : 240.97},{"date" : "02/18/2021","price" : 243.79},{"date" : "02/17/2021","price" : 244.2},{"date" : "02/16/2021","price" : 243.7},{"date" : "02/12/2021","price" : 244.99},{"date" : "02/11/2021","price" : 244.49},{"date" : "02/10/2021","price" : 242.82},{"date" : "02/09/2021","price" : 243.77},{"date" : "02/08/2021","price" : 242.47},{"date" : "02/05/2021","price" : 242.2},{"date" : "02/04/2021","price" : 242.01},{"date" : "02/03/2021","price" : 243.0},{"date" : "02/02/2021","price" : 239.51},{"date" : "02/01/2021","price" : 239.65},{"date" : "01/29/2021","price" : 231.96},{"date" : "01/28/2021","price" : 238.93},{"date" : "01/27/2021","price" : 232.9},{"date" : "01/26/2021","price" : 232.33},{"date" : "01/25/2021","price" : 229.53},{"date" : "01/22/2021","price" : 225.95},{"date" : "01/21/2021","price" : 224.97},{"date" : "01/20/2021","price" : 224.34},{"date" : "01/19/2021","price" : 216.44},{"date" : "01/15/2021","price" : 212.65},{"date" : "01/14/2021","price" : 213.02},{"date" : "01/13/2021","price" : 216.34},{"date" : "01/12/2021","price" : 214.93},{"date" : "01/11/2021","price" : 217.49},{"date" : "01/08/2021","price" : 219.62},{"date" : "01/07/2021","price" : 218.29},{"date" : "01/06/2021","price" : 212.25},{"date" : "01/05/2021","price" : 217.9},{"date" : "01/04/2021","price" : 217.69},{"date" : "12/31/2020","price" : 222.42},{"date" : "12/30/2020","price" : 221.68},{"date" : "12/29/2020","price" : 224.15},{"date" : "12/28/2020","price" : 224.96},{"date" : "12/24/2020","price" : 222.75},{"date" : "12/23/2020","price" : 221.02},{"date" : "12/22/2020","price" : 223.94},{"date" : "12/21/2020","price" : 222.59},{"date" : "12/18/2020","price" : 218.59},{"date" : "12/17/2020","price" : 219.42},{"date" : "12/16/2020","price" : 219.28},{"date" : "12/15/2020","price" : 214.13},{"date" : "12/14/2020","price" : 214.2},{"date" : "12/11/2020","price" : 213.26},{"date" : "12/10/2020","price" : 210.52},{"date" : "12/09/2020","price" : 211.8},{"date" : "12/08/2020","price" : 216.01},{"date" : "12/07/2020","price" : 214.29},{"date" : "12/04/2020","price" : 214.36},{"date" : "12/03/2020","price" : 214.24},{"date" : "12/02/2020","price" : 215.37},{"date" : "12/01/2020","price" : 216.21},{"date" : "11/30/2020","price" : 214.07},{"date" : "11/27/2020","price" : 215.23},{"date" : "11/25/2020","price" : 213.87},{"date" : "11/24/2020","price" : 213.86},{"date" : "11/23/2020","price" : 210.11},{"date" : "11/20/2020","price" : 210.39},{"date" : "11/19/2020","price" : 212.42},{"date" : "11/18/2020","price" : 211.08},{"date" : "11/17/2020","price" : 214.46},{"date" : "11/16/2020","price" : 217.23},{"date" : "11/13/2020","price" : 216.51},{"date" : "11/12/2020","price" : 215.44},{"date" : "11/11/2020","price" : 216.55},{"date" : "11/10/2020","price" : 211.01},{"date" : "11/09/2020","price" : 218.39},{"date" : "11/06/2020","price" : 223.72},{"date" : "11/05/2020","price" : 223.29},{"date" : "11/04/2020","price" : 216.39},{"date" : "11/03/2020","price" : 206.43},{"date" : "11/02/2020","price" : 202.33},{"date" : "10/30/2020","price" : 202.47},{"date" : "10/29/2020","price" : 204.72},{"date" : "10/28/2020","price" : 202.68},{"date" : "10/27/2020","price" : 213.25},{"date" : "10/26/2020","price" : 210.08},{"date" : "10/23/2020","price" : 216.23},{"date" : "10/22/2020","price" : 214.89},{"date" : "10/21/2020","price" : 214.8},{"date" : "10/20/2020","price" : 214.65},{"date" : "10/19/2020","price" : 214.22},{"date" : "10/16/2020","price" : 219.66},{"date" : "10/15/2020","price" : 219.66},{"date" : "10/14/2020","price" : 220.86},{"date" : "10/13/2020","price" : 222.86},{"date" : "10/12/2020","price" : 221.4},{"date" : "10/09/2020","price" : 215.81},{"date" : "10/08/2020","price" : 210.58},{"date" : "10/07/2020","price" : 209.83},{"date" : "10/06/2020","price" : 205.91},{"date" : "10/05/2020","price" : 210.38},{"date" : "10/02/2020","price" : 206.19},{"date" : "10/01/2020","price" : 212.46},{"date" : "09/30/2020","price" : 210.33},{"date" : "09/29/2020","price" : 207.26},{"date" : "09/28/2020","price" : 209.44},{"date" : "09/25/2020","price" : 207.82},{"date" : "09/24/2020","price" : 203.19},{"date" : "09/23/2020","price" : 200.59},{"date" : "09/22/2020","price" : 207.42},{"date" : "09/21/2020","price" : 202.54},{"date" : "09/18/2020","price" : 200.39},{"date" : "09/17/2020","price" : 202.91},{"date" : "09/16/2020","price" : 205.05},{"date" : "09/15/2020","price" : 208.78},{"date" : "09/14/2020","price" : 205.41},{"date" : "09/11/2020","price" : 204.03},{"date" : "09/10/2020","price" : 205.37},{"date" : "09/09/2020","price" : 211.29},{"date" : "09/08/2020","price" : 202.66},{"date" : "09/04/2020","price" : 214.25},{"date" : "09/03/2020","price" : 217.3},{"date" : "09/02/2020","price" : 231.65},{"date" : "09/01/2020","price" : 227.27},{"date" : "08/31/2020","price" : 225.53},{"date" : "08/28/2020","price" : 228.91},{"date" : "08/27/2020","price" : 226.58},{"date" : "08/26/2020","price" : 221.15},{"date" : "08/25/2020","price" : 216.47},{"date" : "08/24/2020","price" : 213.69},{"date" : "08/21/2020","price" : 213.02},{"date" : "08/20/2020","price" : 214.58},{"date" : "08/19/2020","price" : 209.7},{"date" : "08/18/2020","price" : 211.49},{"date" : "08/17/2020","price" : 210.28},{"date" : "08/14/2020","price" : 208.9},{"date" : "08/13/2020","price" : 208.7},{"date" : "08/12/2020","price" : 209.19},{"date" : "08/11/2020","price" : 203.38},{"date" : "08/10/2020","price" : 208.25},{"date" : "08/07/2020","price" : 212.48},{"date" : "08/06/2020","price" : 216.35},{"date" : "08/05/2020","price" : 212.94},{"date" : "08/04/2020","price" : 213.29},{"date" : "08/03/2020","price" : 216.54},{"date" : "07/31/2020","price" : 205.01},{"date" : "07/30/2020","price" : 203.9},{"date" : "07/29/2020","price" : 204.06},{"date" : "07/28/2020","price" : 202.02},{"date" : "07/27/2020","price" : 203.85},{"date" : "07/24/2020","price" : 201.3},{"date" : "07/23/2020","price" : 202.54},{"date" : "07/22/2020","price" : 211.75},{"date" : "07/21/2020","price" : 208.75},{"date" : "07/20/2020","price" : 211.6},{"date" : "07/17/2020","price" : 202.88},{"date" : "07/16/2020","price" : 203.92},{"date" : "07/15/2020","price" : 208.04},{"date" : "07/14/2020","price" : 208.35},{"date" : "07/13/2020","price" : 207.07},{"date" : "07/10/2020","price" : 213.67},{"date" : "07/09/2020","price" : 214.32},{"date" : "07/08/2020","price" : 212.83},{"date" : "07/07/2020","price" : 208.25},{"date" : "07/06/2020","price" : 210.7},{"date" : "07/02/2020","price" : 206.26},{"date" : "07/01/2020","price" : 204.7},{"date" : "06/30/2020","price" : 203.51},{"date" : "06/29/2020","price" : 198.44},{"date" : "06/26/2020","price" : 196.33},{"date" : "06/25/2020","price" : 200.34},{"date" : "06/24/2020","price" : 197.84},{"date" : "06/23/2020","price" : 201.91},{"date" : "06/22/2020","price" : 200.57},{"date" : "06/19/2020","price" : 195.15},{"date" : "06/18/2020","price" : 196.32},{"date" : "06/17/2020","price" : 194.24},{"date" : "06/16/2020","price" : 193.57},{"date" : "06/15/2020","price" : 188.94},{"date" : "06/12/2020","price" : 187.74},{"date" : "06/11/2020","price" : 186.27},{"date" : "06/10/2020","price" : 196.84},{"date" : "06/09/2020","price" : 189.8},{"date" : "06/08/2020","price" : 188.36},{"date" : "06/05/2020","price" : 187.2},{"date" : "06/04/2020","price" : 182.92},{"date" : "06/03/2020","price" : 185.36},{"date" : "06/02/2020","price" : 184.91},{"date" : "06/01/2020","price" : 182.83},{"date" : "05/29/2020","price" : 183.25},{"date" : "05/28/2020","price" : 181.4},{"date" : "05/27/2020","price" : 181.81},{"date" : "05/26/2020","price" : 181.57},{"date" : "05/22/2020","price" : 183.51},{"date" : "05/21/2020","price" : 183.43},{"date" : "05/20/2020","price" : 185.66},{"date" : "05/19/2020","price" : 183.63},{"date" : "05/18/2020","price" : 184.91},{"date" : "05/15/2020","price" : 183.16},{"date" : "05/14/2020","price" : 180.53},{"date" : "05/13/2020","price" : 179.75},{"date" : "05/12/2020","price" : 182.51},{"date" : "05/11/2020","price" : 186.74},{"date" : "05/08/2020","price" : 184.68},{"date" : "05/07/2020","price" : 183.6},{"date" : "05/06/2020","price" : 182.54},{"date" : "05/05/2020","price" : 180.76},{"date" : "05/04/2020","price" : 178.84},{"date" : "05/01/2020","price" : 174.57},{"date" : "04/30/2020","price" : 179.21},{"date" : "04/29/2020","price" : 177.43},{"date" : "04/28/2020","price" : 169.81},{"date" : "04/27/2020","price" : 174.05},{"date" : "04/24/2020","price" : 174.55},{"date" : "04/23/2020","price" : 171.42},{"date" : "04/22/2020","price" : 173.52},{"date" : "04/21/2020","price" : 167.82},{"date" : "04/20/2020","price" : 175.06},{"date" : "04/17/2020","price" : 178.6},{"date" : "04/16/2020","price" : 177.04},{"date" : "04/15/2020","price" : 171.88},{"date" : "04/14/2020","price" : 173.7},{"date" : "04/13/2020","price" : 165.51},{"date" : "04/09/2020","price" : 165.14},{"date" : "04/08/2020","price" : 165.13},{"date" : "04/07/2020","price" : 163.49},{"date" : "04/06/2020","price" : 165.27},{"date" : "04/03/2020","price" : 153.83},{"date" : "04/02/2020","price" : 155.26},{"date" : "04/01/2020","price" : 152.11},{"date" : "03/31/2020","price" : 157.71},{"date" : "03/30/2020","price" : 160.23},{"date" : "03/27/2020","price" : 149.7},{"date" : "03/26/2020","price" : 156.11},{"date" : "03/25/2020","price" : 146.92},{"date" : "03/24/2020","price" : 148.34},{"date" : "03/23/2020","price" : 135.98},{"date" : "03/20/2020","price" : 137.35},{"date" : "03/19/2020","price" : 142.71},{"date" : "03/18/2020","price" : 140.4},{"date" : "03/17/2020","price" : 146.57},{"date" : "03/16/2020","price" : 135.42},{"date" : "03/13/2020","price" : 158.83},{"date" : "03/12/2020","price" : 139.06},{"date" : "03/11/2020","price" : 153.63},{"date" : "03/10/2020","price" : 160.92},{"date" : "03/09/2020","price" : 150.62},{"date" : "03/06/2020","price" : 161.57},{"date" : "03/05/2020","price" : 166.27},{"date" : "03/04/2020","price" : 170.55},{"date" : "03/03/2020","price" : 164.51},{"date" : "03/02/2020","price" : 172.79},{"date" : "02/28/2020","price" : 162.01},{"date" : "02/27/2020","price" : 158.18},{"date" : "02/26/2020","price" : 170.17},{"date" : "02/25/2020","price" : 168.07},{"date" : "02/24/2020","price" : 170.89},{"date" : "02/21/2020","price" : 178.59},{"date" : "02/20/2020","price" : 184.42},{"date" : "02/19/2020","price" : 187.28},{"date" : "02/18/2020","price" : 187.23},{"date" : "02/14/2020","price" : 185.35},{"date" : "02/13/2020","price" : 183.71},{"date" : "02/12/2020","price" : 184.71},{"date" : "02/11/2020","price" : 184.44},{"date" : "02/10/2020","price" : 188.7},{"date" : "02/07/2020","price" : 183.89},{"date" : "02/06/2020","price" : 183.63},{"date" : "02/05/2020","price" : 179.9},{"date" : "02/04/2020","price" : 180.12},{"date" : "02/03/2020","price" : 174.38},{"date" : "01/31/2020","price" : 170.23},{"date" : "01/30/2020","price" : 172.78},{"date" : "01/29/2020","price" : 168.04},{"date" : "01/28/2020","price" : 165.46},{"date" : "01/27/2020","price" : 162.28},{"date" : "01/24/2020","price" : 165.04},{"date" : "01/23/2020","price" : 166.72},{"date" : "01/22/2020","price" : 165.7},{"date" : "01/21/2020","price" : 166.5},{"date" : "01/17/2020","price" : 167.1},{"date" : "01/16/2020","price" : 166.17},{"date" : "01/15/2020","price" : 163.18},{"date" : "01/14/2020","price" : 162.13},{"date" : "01/13/2020","price" : 163.28},{"date" : "01/10/2020","price" : 161.34},{"date" : "01/09/2020","price" : 162.09},{"date" : "01/08/2020","price" : 160.09},{"date" : "01/07/2020","price" : 157.58},{"date" : "01/06/2020","price" : 159.03},{"date" : "01/03/2020","price" : 158.62},{"date" : "01/02/2020","price" : 160.62},{"date" : "12/31/2019","price" : 157.7},{"date" : "12/30/2019","price" : 157.59},{"date" : "12/27/2019","price" : 158.96},{"date" : "12/26/2019","price" : 158.67},{"date" : "12/24/2019","price" : 157.38},{"date" : "12/23/2019","price" : 157.41},{"date" : "12/20/2019","price" : 157.41},{"date" : "12/19/2019","price" : 155.71},{"date" : "12/18/2019","price" : 154.37},{"date" : "12/17/2019","price" : 154.69},{"date" : "12/16/2019","price" : 155.53},{"date" : "12/13/2019","price" : 154.53},{"date" : "12/12/2019","price" : 153.24},{"date" : "12/11/2019","price" : 151.7},{"date" : "12/10/2019","price" : 151.13},{"date" : "12/09/2019","price" : 151.36},{"date" : "12/06/2019","price" : 151.75},{"date" : "12/05/2019","price" : 149.93},{"date" : "12/04/2019","price" : 149.85},{"date" : "12/03/2019","price" : 149.31},{"date" : "12/02/2019","price" : 149.55},{"date" : "11/29/2019","price" : 151.38},{"date" : "11/27/2019","price" : 152.32},{"date" : "11/26/2019","price" : 152.03},{"date" : "11/25/2019","price" : 151.23},{"date" : "11/22/2019","price" : 149.59},{"date" : "11/21/2019","price" : 149.48},{"date" : "11/20/2019","price" : 149.62},{"date" : "11/19/2019","price" : 150.39},{"date" : "11/18/2019","price" : 150.34},{"date" : "11/15/2019","price" : 149.97},{"date" : "11/14/2019","price" : 148.06},{"date" : "11/13/2019","price" : 147.31},{"date" : "11/12/2019","price" : 147.07},{"date" : "11/11/2019","price" : 146.11},{"date" : "11/08/2019","price" : 145.96},{"date" : "11/07/2019","price" : 144.26},{"date" : "11/06/2019","price" : 144.06},{"date" : "11/05/2019","price" : 144.46},{"date" : "11/04/2019","price" : 144.55},{"date" : "11/01/2019","price" : 143.72},{"date" : "10/31/2019","price" : 143.37},{"date" : "10/30/2019","price" : 144.61},{"date" : "10/29/2019","price" : 142.83},{"date" : "10/28/2019","price" : 144.19},{"date" : "10/25/2019","price" : 140.73},{"date" : "10/24/2019","price" : 139.94},{"date" : "10/23/2019","price" : 137.24},{"date" : "10/22/2019","price" : 136.37},{"date" : "10/21/2019","price" : 138.43},{"date" : "10/18/2019","price" : 137.41},{"date" : "10/17/2019","price" : 139.69},{"date" : "10/16/2019","price" : 140.41},{"date" : "10/15/2019","price" : 141.575},{"date" : "10/14/2019","price" : 139.55},{"date" : "10/11/2019","price" : 139.68},{"date" : "10/10/2019","price" : 139.1},{"date" : "10/09/2019","price" : 138.24},{"date" : "10/08/2019","price" : 135.67},{"date" : "10/07/2019","price" : 137.12},{"date" : "10/04/2019","price" : 138.12},{"date" : "10/03/2019","price" : 136.28},{"date" : "10/02/2019","price" : 134.65},{"date" : "10/01/2019","price" : 137.07},{"date" : "09/30/2019","price" : 139.03},{"date" : "09/27/2019","price" : 137.73},{"date" : "09/26/2019","price" : 139.54},{"date" : "09/25/2019","price" : 139.36},{"date" : "09/24/2019","price" : 137.38},{"date" : "09/23/2019","price" : 139.14},{"date" : "09/20/2019","price" : 139.44},{"date" : "09/19/2019","price" : 141.07},{"date" : "09/18/2019","price" : 138.52},{"date" : "09/17/2019","price" : 137.39},{"date" : "09/16/2019","price" : 136.33},{"date" : "09/13/2019","price" : 137.32},{"date" : "09/12/2019","price" : 137.52},{"date" : "09/11/2019","price" : 136.12},{"date" : "09/10/2019","price" : 136.08},{"date" : "09/09/2019","price" : 137.52},{"date" : "09/06/2019","price" : 139.1},{"date" : "09/05/2019","price" : 140.05},{"date" : "09/04/2019","price" : 137.63},{"date" : "09/03/2019","price" : 136.04},{"date" : "08/30/2019","price" : 137.86},{"date" : "08/29/2019","price" : 138.12},{"date" : "08/28/2019","price" : 135.56},{"date" : "08/27/2019","price" : 135.74},{"date" : "08/26/2019","price" : 135.45},{"date" : "08/23/2019","price" : 133.39},{"date" : "08/22/2019","price" : 137.78},{"date" : "08/21/2019","price" : 138.79},{"date" : "08/20/2019","price" : 137.26},{"date" : "08/19/2019","price" : 138.41},{"date" : "08/16/2019","price" : 136.13},{"date" : "08/15/2019","price" : 133.68},{"date" : "08/14/2019","price" : 133.98},{"date" : "08/13/2019","price" : 138.6},{"date" : "08/12/2019","price" : 135.79},{"date" : "08/09/2019","price" : 137.71},{"date" : "08/08/2019","price" : 138.89},{"date" : "08/07/2019","price" : 135.28},{"date" : "08/06/2019","price" : 134.69},{"date" : "08/05/2019","price" : 132.21},{"date" : "08/02/2019","price" : 136.9},{"date" : "08/01/2019","price" : 138.06},{"date" : "07/31/2019","price" : 136.27},{"date" : "07/30/2019","price" : 140.35},{"date" : "07/29/2019","price" : 141.03},{"date" : "07/26/2019","price" : 141.34},{"date" : "07/25/2019","price" : 140.19},{"date" : "07/24/2019","price" : 140.72},{"date" : "07/23/2019","price" : 139.29},{"date" : "07/22/2019","price" : 138.43},{"date" : "07/19/2019","price" : 136.62},{"date" : "07/18/2019","price" : 136.42},{"date" : "07/17/2019","price" : 136.27},{"date" : "07/16/2019","price" : 137.08},{"date" : "07/15/2019","price" : 138.9},{"date" : "07/12/2019","price" : 138.9},{"date" : "07/11/2019","price" : 138.4},{"date" : "07/10/2019","price" : 137.85},{"date" : "07/09/2019","price" : 136.46},{"date" : "07/08/2019","price" : 136.96},{"date" : "07/05/2019","price" : 137.06},{"date" : "07/03/2019","price" : 137.46},{"date" : "07/02/2019","price" : 136.58},{"date" : "07/01/2019","price" : 135.68},{"date" : "06/28/2019","price" : 133.96},{"date" : "06/27/2019","price" : 134.15},{"date" : "06/26/2019","price" : 133.93},{"date" : "06/25/2019","price" : 133.43},{"date" : "06/24/2019","price" : 137.78},{"date" : "06/21/2019","price" : 136.97},{"date" : "06/20/2019","price" : 136.95},{"date" : "06/19/2019","price" : 135.69},{"date" : "06/18/2019","price" : 135.16},{"date" : "06/17/2019","price" : 132.85},{"date" : "06/14/2019","price" : 132.45},{"date" : "06/13/2019","price" : 132.32},{"date" : "06/12/2019","price" : 131.49},{"date" : "06/11/2019","price" : 132.1},{"date" : "06/10/2019","price" : 132.6},{"date" : "06/07/2019","price" : 131.4},{"date" : "06/06/2019","price" : 127.82},{"date" : "06/05/2019","price" : 125.83},{"date" : "06/04/2019","price" : 123.16},{"date" : "06/03/2019","price" : 119.84},{"date" : "05/31/2019","price" : 123.68},{"date" : "05/30/2019","price" : 125.73},{"date" : "05/29/2019","price" : 124.94},{"date" : "05/28/2019","price" : 126.16},{"date" : "05/24/2019","price" : 126.24},{"date" : "05/23/2019","price" : 126.18},{"date" : "05/22/2019","price" : 127.67},{"date" : "05/21/2019","price" : 126.9},{"date" : "05/20/2019","price" : 126.22},{"date" : "05/17/2019","price" : 128.07},{"date" : "05/16/2019","price" : 128.93},{"date" : "05/15/2019","price" : 126.02},{"date" : "05/14/2019","price" : 124.73},{"date" : "05/13/2019","price" : 123.35},{"date" : "05/10/2019","price" : 127.13},{"date" : "05/09/2019","price" : 125.5},{"date" : "05/08/2019","price" : 125.51},{"date" : "05/07/2019","price" : 125.52},{"date" : "05/06/2019","price" : 128.15},{"date" : "05/03/2019","price" : 128.9},{"date" : "05/02/2019","price" : 126.21},{"date" : "05/01/2019","price" : 127.88},{"date" : "04/30/2019","price" : 130.6},{"date" : "04/29/2019","price" : 129.77},{"date" : "04/26/2019","price" : 129.89},{"date" : "04/25/2019","price" : 129.15},{"date" : "04/24/2019","price" : 125.01},{"date" : "04/23/2019","price" : 125.44},{"date" : "04/22/2019","price" : 123.76},{"date" : "04/18/2019","price" : 123.37},{"date" : "04/17/2019","price" : 121.77},{"date" : "04/16/2019","price" : 120.77},{"date" : "04/15/2019","price" : 121.05},{"date" : "04/12/2019","price" : 120.95},{"date" : "04/11/2019","price" : 120.33},{"date" : "04/10/2019","price" : 120.19},{"date" : "04/09/2019","price" : 119.28},{"date" : "04/08/2019","price" : 119.93},{"date" : "04/05/2019","price" : 119.89},{"date" : "04/04/2019","price" : 119.36},{"date" : "04/03/2019","price" : 119.97},{"date" : "04/02/2019","price" : 119.19},{"date" : "04/01/2019","price" : 119.02},{"date" : "03/29/2019","price" : 117.94},{"date" : "03/28/2019","price" : 116.93},{"date" : "03/27/2019","price" : 116.77},{"date" : "03/26/2019","price" : 117.91},{"date" : "03/25/2019","price" : 117.66},{"date" : "03/22/2019","price" : 117.05},{"date" : "03/21/2019","price" : 120.22},{"date" : "03/20/2019","price" : 117.52},{"date" : "03/19/2019","price" : 117.65},{"date" : "03/18/2019","price" : 117.57},{"date" : "03/15/2019","price" : 115.91},{"date" : "03/14/2019","price" : 114.59},{"date" : "03/13/2019","price" : 114.5},{"date" : "03/12/2019","price" : 113.62},{"date" : "03/11/2019","price" : 112.83},{"date" : "03/08/2019","price" : 110.51},{"date" : "03/07/2019","price" : 110.39},{"date" : "03/06/2019","price" : 111.75},{"date" : "03/05/2019","price" : 111.7},{"date" : "03/04/2019","price" : 112.26},{"date" : "03/01/2019","price" : 112.53},{"date" : "02/28/2019","price" : 112.03},{"date" : "02/27/2019","price" : 112.17},{"date" : "02/26/2019","price" : 112.36},{"date" : "02/25/2019","price" : 111.59},{"date" : "02/22/2019","price" : 110.97},{"date" : "02/21/2019","price" : 109.41},{"date" : "02/20/2019","price" : 107.15},{"date" : "02/19/2019","price" : 108.17},{"date" : "02/15/2019","price" : 108.22},{"date" : "02/14/2019","price" : 106.9},{"date" : "02/13/2019","price" : 106.81},{"date" : "02/12/2019","price" : 106.89},{"date" : "02/11/2019","price" : 105.25},{"date" : "02/08/2019","price" : 105.67},{"date" : "02/07/2019","price" : 105.27},{"date" : "02/06/2019","price" : 106.03},{"date" : "02/05/2019","price" : 107.22},{"date" : "02/04/2019","price" : 105.74},{"date" : "02/01/2019","price" : 102.78},{"date" : "01/31/2019","price" : 104.43},{"date" : "01/30/2019","price" : 106.38},{"date" : "01/29/2019","price" : 102.94},{"date" : "01/28/2019","price" : 105.08},{"date" : "01/25/2019","price" : 107.17},{"date" : "01/24/2019","price" : 106.2},{"date" : "01/23/2019","price" : 106.71},{"date" : "01/22/2019","price" : 105.68},{"date" : "01/18/2019","price" : 107.71},{"date" : "01/17/2019","price" : 106.12},{"date" : "01/16/2019","price" : 105.38},{"date" : "01/15/2019","price" : 105.01},{"date" : "01/14/2019","price" : 102.05},{"date" : "01/11/2019","price" : 102.8},{"date" : "01/10/2019","price" : 103.6},{"date" : "01/09/2019","price" : 104.27},{"date" : "01/08/2019","price" : 102.8},{"date" : "01/07/2019","price" : 102.06},{"date" : "01/04/2019","price" : 101.93},{"date" : "01/03/2019","price" : 97.4},{"date" : "01/02/2019","price" : 101.12},{"date" : "12/31/2018","price" : 101.57},{"date" : "12/28/2018","price" : 100.39},{"date" : "12/27/2018","price" : 101.18},{"date" : "12/26/2018","price" : 100.56},{"date" : "12/24/2018","price" : 94.13},{"date" : "12/21/2018","price" : 98.23},{"date" : "12/20/2018","price" : 101.51},{"date" : "12/19/2018","price" : 103.69},{"date" : "12/18/2018","price" : 103.97},{"date" : "12/17/2018","price" : 102.89},{"date" : "12/14/2018","price" : 106.03},{"date" : "12/13/2018","price" : 109.45},{"date" : "12/12/2018","price" : 109.08},{"date" : "12/11/2018","price" : 108.59},{"date" : "12/10/2018","price" : 107.59},{"date" : "12/07/2018","price" : 104.82},{"date" : "12/06/2018","price" : 109.19},{"date" : "12/04/2018","price" : 108.52},{"date" : "12/03/2018","price" : 112.09},{"date" : "11/30/2018","price" : 110.89},{"date" : "11/29/2018","price" : 110.19},{"date" : "11/28/2018","price" : 111.12},{"date" : "11/27/2018","price" : 107.14},{"date" : "11/26/2018","price" : 106.47}]}