{ "data" : [{"date" : "11/22/2023","price" : 127.5},{"date" : "11/21/2023","price" : 127.02},{"date" : "11/20/2023","price" : 129.51},{"date" : "11/17/2023","price" : 129.47},{"date" : "11/16/2023","price" : 128.7},{"date" : "11/15/2023","price" : 128.92},{"date" : "11/14/2023","price" : 127.36},{"date" : "11/13/2023","price" : 123.85},{"date" : "11/10/2023","price" : 124.21},{"date" : "11/09/2023","price" : 120.1},{"date" : "11/08/2023","price" : 120.06},{"date" : "11/07/2023","price" : 120.72},{"date" : "11/06/2023","price" : 119.93},{"date" : "11/03/2023","price" : 119.52},{"date" : "11/02/2023","price" : 117.36},{"date" : "11/01/2023","price" : 110.89},{"date" : "10/31/2023","price" : 108.99},{"date" : "10/30/2023","price" : 107.83},{"date" : "10/27/2023","price" : 106.46},{"date" : "10/26/2023","price" : 105.62},{"date" : "10/25/2023","price" : 104.78},{"date" : "10/24/2023","price" : 109.39},{"date" : "10/23/2023","price" : 108.66},{"date" : "10/20/2023","price" : 108.63},{"date" : "10/19/2023","price" : 111.28},{"date" : "10/18/2023","price" : 110.98},{"date" : "10/17/2023","price" : 112.2},{"date" : "10/16/2023","price" : 110.51},{"date" : "10/13/2023","price" : 108.66},{"date" : "10/12/2023","price" : 111.455},{"date" : "10/11/2023","price" : 111.12},{"date" : "10/10/2023","price" : 112.31},{"date" : "10/09/2023","price" : 111.8},{"date" : "10/06/2023","price" : 110.88},{"date" : "10/05/2023","price" : 109.8},{"date" : "10/04/2023","price" : 109.85},{"date" : "10/03/2023","price" : 110.19},{"date" : "10/02/2023","price" : 111.1},{"date" : "09/29/2023","price" : 111.06},{"date" : "09/28/2023","price" : 111.1},{"date" : "09/27/2023","price" : 109.19},{"date" : "09/26/2023","price" : 109.72},{"date" : "09/25/2023","price" : 110.43},{"date" : "09/22/2023","price" : 107.68},{"date" : "09/21/2023","price" : 107.96},{"date" : "09/20/2023","price" : 109.22},{"date" : "09/19/2023","price" : 110.72},{"date" : "09/18/2023","price" : 112.75},{"date" : "09/15/2023","price" : 113.14},{"date" : "09/14/2023","price" : 114.04},{"date" : "09/13/2023","price" : 112.64},{"date" : "09/12/2023","price" : 111.23},{"date" : "09/11/2023","price" : 110.28},{"date" : "09/08/2023","price" : 106.14},{"date" : "09/07/2023","price" : 106.4},{"date" : "09/06/2023","price" : 114.68},{"date" : "09/05/2023","price" : 116.55},{"date" : "09/01/2023","price" : 115.385},{"date" : "08/31/2023","price" : 114.53},{"date" : "08/30/2023","price" : 113.27},{"date" : "08/29/2023","price" : 113.78},{"date" : "08/28/2023","price" : 111.68},{"date" : "08/25/2023","price" : 110.32},{"date" : "08/24/2023","price" : 108.51},{"date" : "08/23/2023","price" : 111.17},{"date" : "08/22/2023","price" : 109.47},{"date" : "08/21/2023","price" : 110.68},{"date" : "08/18/2023","price" : 110.1},{"date" : "08/17/2023","price" : 110.08},{"date" : "08/16/2023","price" : 110.15},{"date" : "08/15/2023","price" : 111.68},{"date" : "08/14/2023","price" : 114.02},{"date" : "08/11/2023","price" : 114.61},{"date" : "08/10/2023","price" : 115.61},{"date" : "08/09/2023","price" : 116.57},{"date" : "08/08/2023","price" : 117.66},{"date" : "08/07/2023","price" : 119.34},{"date" : "08/04/2023","price" : 121.5},{"date" : "08/03/2023","price" : 118.7},{"date" : "08/02/2023","price" : 129.27},{"date" : "08/01/2023","price" : 132.08},{"date" : "07/31/2023","price" : 132.17},{"date" : "07/28/2023","price" : 129.48},{"date" : "07/27/2023","price" : 125.85},{"date" : "07/26/2023","price" : 124.02},{"date" : "07/25/2023","price" : 125.07},{"date" : "07/24/2023","price" : 124.1},{"date" : "07/21/2023","price" : 124.72},{"date" : "07/20/2023","price" : 120.72},{"date" : "07/19/2023","price" : 124.42},{"date" : "07/18/2023","price" : 122.86},{"date" : "07/17/2023","price" : 123.4},{"date" : "07/14/2023","price" : 122.56},{"date" : "07/13/2023","price" : 123.12},{"date" : "07/12/2023","price" : 118.68},{"date" : "07/11/2023","price" : 116.87},{"date" : "07/10/2023","price" : 117.12},{"date" : "07/07/2023","price" : 115.94},{"date" : "07/06/2023","price" : 115.22},{"date" : "07/05/2023","price" : 117.13},{"date" : "07/03/2023","price" : 120.09},{"date" : "06/30/2023","price" : 119.04},{"date" : "06/29/2023","price" : 118.06},{"date" : "06/28/2023","price" : 117.54},{"date" : "06/27/2023","price" : 119.79},{"date" : "06/26/2023","price" : 116.63},{"date" : "06/23/2023","price" : 113.43},{"date" : "06/22/2023","price" : 116.4},{"date" : "06/21/2023","price" : 115.76},{"date" : "06/20/2023","price" : 119.82},{"date" : "06/16/2023","price" : 122.68},{"date" : "06/15/2023","price" : 123.61},{"date" : "06/14/2023","price" : 123.4},{"date" : "06/13/2023","price" : 124.43},{"date" : "06/12/2023","price" : 122.14},{"date" : "06/09/2023","price" : 119.11},{"date" : "06/08/2023","price" : 116.35},{"date" : "06/07/2023","price" : 115.18},{"date" : "06/06/2023","price" : 116.36},{"date" : "06/05/2023","price" : 112.73},{"date" : "06/02/2023","price" : 115.62},{"date" : "06/01/2023","price" : 115.83},{"date" : "05/31/2023","price" : 113.41},{"date" : "05/30/2023","price" : 116.0},{"date" : "05/26/2023","price" : 110.35},{"date" : "05/25/2023","price" : 104.02},{"date" : "05/24/2023","price" : 103.02},{"date" : "05/23/2023","price" : 103.56},{"date" : "05/22/2023","price" : 105.28},{"date" : "05/19/2023","price" : 105.86},{"date" : "05/18/2023","price" : 106.96},{"date" : "05/17/2023","price" : 104.81},{"date" : "05/16/2023","price" : 103.79},{"date" : "05/15/2023","price" : 106.28},{"date" : "05/12/2023","price" : 103.62},{"date" : "05/11/2023","price" : 104.06},{"date" : "05/10/2023","price" : 106.46},{"date" : "05/09/2023","price" : 105.77},{"date" : "05/08/2023","price" : 108.31},{"date" : "05/05/2023","price" : 108.78},{"date" : "05/04/2023","price" : 106.58},{"date" : "05/03/2023","price" : 112.83},{"date" : "05/02/2023","price" : 116.11},{"date" : "05/01/2023","price" : 115.84},{"date" : "04/28/2023","price" : 116.8},{"date" : "04/27/2023","price" : 113.92},{"date" : "04/26/2023","price" : 114.16},{"date" : "04/25/2023","price" : 114.05},{"date" : "04/24/2023","price" : 117.35},{"date" : "04/21/2023","price" : 117.76},{"date" : "04/20/2023","price" : 118.64},{"date" : "04/19/2023","price" : 118.54},{"date" : "04/18/2023","price" : 118.36},{"date" : "04/17/2023","price" : 119.38},{"date" : "04/14/2023","price" : 120.16},{"date" : "04/13/2023","price" : 121.13},{"date" : "04/12/2023","price" : 120.27},{"date" : "04/11/2023","price" : 123.57},{"date" : "04/10/2023","price" : 124.29},{"date" : "04/06/2023","price" : 123.0},{"date" : "04/05/2023","price" : 123.04},{"date" : "04/04/2023","price" : 122.3},{"date" : "04/03/2023","price" : 124.74},{"date" : "03/31/2023","price" : 127.58},{"date" : "03/30/2023","price" : 127.4},{"date" : "03/29/2023","price" : 125.09},{"date" : "03/28/2023","price" : 121.34},{"date" : "03/27/2023","price" : 123.6},{"date" : "03/24/2023","price" : 124.76},{"date" : "03/23/2023","price" : 124.15},{"date" : "03/22/2023","price" : 121.97},{"date" : "03/21/2023","price" : 123.8},{"date" : "03/20/2023","price" : 121.82},{"date" : "03/17/2023","price" : 120.73},{"date" : "03/16/2023","price" : 120.51},{"date" : "03/15/2023","price" : 115.49},{"date" : "03/14/2023","price" : 116.55},{"date" : "03/13/2023","price" : 114.43},{"date" : "03/10/2023","price" : 115.19},{"date" : "03/09/2023","price" : 117.22},{"date" : "03/08/2023","price" : 121.2},{"date" : "03/07/2023","price" : 119.19},{"date" : "03/06/2023","price" : 122.41},{"date" : "03/03/2023","price" : 123.6},{"date" : "03/02/2023","price" : 123.78},{"date" : "03/01/2023","price" : 123.68},{"date" : "02/28/2023","price" : 123.53},{"date" : "02/27/2023","price" : 123.42},{"date" : "02/24/2023","price" : 124.34},{"date" : "02/23/2023","price" : 126.2},{"date" : "02/22/2023","price" : 123.95},{"date" : "02/21/2023","price" : 123.7},{"date" : "02/17/2023","price" : 127.72},{"date" : "02/16/2023","price" : 130.16},{"date" : "02/15/2023","price" : 133.07},{"date" : "02/14/2023","price" : 132.34},{"date" : "02/13/2023","price" : 130.84},{"date" : "02/10/2023","price" : 128.99},{"date" : "02/09/2023","price" : 130.53},{"date" : "02/08/2023","price" : 132.17},{"date" : "02/07/2023","price" : 136.63},{"date" : "02/06/2023","price" : 132.93},{"date" : "02/03/2023","price" : 135.02},{"date" : "02/02/2023","price" : 135.85},{"date" : "02/01/2023","price" : 138.46},{"date" : "01/31/2023","price" : 133.21},{"date" : "01/30/2023","price" : 131.63},{"date" : "01/27/2023","price" : 133.4},{"date" : "01/26/2023","price" : 133.96},{"date" : "01/25/2023","price" : 131.17},{"date" : "01/24/2023","price" : 130.7},{"date" : "01/23/2023","price" : 131.03},{"date" : "01/20/2023","price" : 122.9},{"date" : "01/19/2023","price" : 117.58},{"date" : "01/18/2023","price" : 122.04},{"date" : "01/17/2023","price" : 120.28},{"date" : "01/13/2023","price" : 120.24},{"date" : "01/12/2023","price" : 121.59},{"date" : "01/11/2023","price" : 118.39},{"date" : "01/10/2023","price" : 116.91},{"date" : "01/09/2023","price" : 114.61},{"date" : "01/06/2023","price" : 115.34},{"date" : "01/05/2023","price" : 109.4},{"date" : "01/04/2023","price" : 111.53},{"date" : "01/03/2023","price" : 107.2},{"date" : "12/30/2022","price" : 109.94},{"date" : "12/29/2022","price" : 109.84},{"date" : "12/28/2022","price" : 106.97},{"date" : "12/27/2022","price" : 109.46},{"date" : "12/23/2022","price" : 110.84},{"date" : "12/22/2022","price" : 110.68},{"date" : "12/21/2022","price" : 114.59},{"date" : "12/20/2022","price" : 112.1},{"date" : "12/19/2022","price" : 112.61},{"date" : "12/16/2022","price" : 114.53},{"date" : "12/15/2022","price" : 116.64},{"date" : "12/14/2022","price" : 121.71},{"date" : "12/13/2022","price" : 123.49},{"date" : "12/12/2022","price" : 121.21},{"date" : "12/09/2022","price" : 119.05},{"date" : "12/08/2022","price" : 121.75},{"date" : "12/07/2022","price" : 118.21},{"date" : "12/06/2022","price" : 119.78},{"date" : "12/05/2022","price" : 123.3},{"date" : "12/02/2022","price" : 125.66},{"date" : "12/01/2022","price" : 126.81},{"date" : "11/30/2022","price" : 126.49},{"date" : "11/29/2022","price" : 118.38},{"date" : "11/28/2022","price" : 119.54},{"date" : "11/25/2022","price" : 123.45},{"date" : "11/23/2022","price" : 125.15},{"date" : "11/22/2022","price" : 123.65},{"date" : "11/21/2022","price" : 120.2},{"date" : "11/18/2022","price" : 123.85},{"date" : "11/17/2022","price" : 122.86},{"date" : "11/16/2022","price" : 120.73},{"date" : "11/15/2022","price" : 126.02},{"date" : "11/14/2022","price" : 120.8},{"date" : "11/11/2022","price" : 121.43},{"date" : "11/10/2022","price" : 120.68},{"date" : "11/09/2022","price" : 110.43},{"date" : "11/08/2022","price" : 112.54},{"date" : "11/07/2022","price" : 110.09},{"date" : "11/04/2022","price" : 106.69},{"date" : "11/03/2022","price" : 103.88},{"date" : "11/02/2022","price" : 112.5},{"date" : "11/01/2022","price" : 117.33},{"date" : "10/31/2022","price" : 117.66},{"date" : "10/28/2022","price" : 119.21},{"date" : "10/27/2022","price" : 114.7},{"date" : "10/26/2022","price" : 118.11},{"date" : "10/25/2022","price" : 119.17},{"date" : "10/24/2022","price" : 116.38},{"date" : "10/21/2022","price" : 115.74},{"date" : "10/20/2022","price" : 111.98},{"date" : "10/19/2022","price" : 112.85},{"date" : "10/18/2022","price" : 111.21},{"date" : "10/17/2022","price" : 111.59},{"date" : "10/14/2022","price" : 109.95},{"date" : "10/13/2022","price" : 112.86},{"date" : "10/12/2022","price" : 108.64},{"date" : "10/11/2022","price" : 110.03},{"date" : "10/10/2022","price" : 114.6},{"date" : "10/07/2022","price" : 120.91},{"date" : "10/06/2022","price" : 125.28},{"date" : "10/05/2022","price" : 124.89},{"date" : "10/04/2022","price" : 122.37},{"date" : "10/03/2022","price" : 117.22},{"date" : "09/30/2022","price" : 112.98},{"date" : "09/29/2022","price" : 114.84},{"date" : "09/28/2022","price" : 118.93},{"date" : "09/27/2022","price" : 120.34},{"date" : "09/26/2022","price" : 119.74},{"date" : "09/23/2022","price" : 121.19},{"date" : "09/22/2022","price" : 123.68},{"date" : "09/21/2022","price" : 124.62},{"date" : "09/20/2022","price" : 124.77},{"date" : "09/19/2022","price" : 126.65},{"date" : "09/16/2022","price" : 124.95},{"date" : "09/15/2022","price" : 124.98},{"date" : "09/14/2022","price" : 127.53},{"date" : "09/13/2022","price" : 124.93},{"date" : "09/12/2022","price" : 133.0},{"date" : "09/09/2022","price" : 132.05},{"date" : "09/08/2022","price" : 128.85},{"date" : "09/07/2022","price" : 128.6},{"date" : "09/06/2022","price" : 126.67},{"date" : "09/02/2022","price" : 128.48},{"date" : "09/01/2022","price" : 129.92},{"date" : "08/31/2022","price" : 132.27},{"date" : "08/30/2022","price" : 134.41},{"date" : "08/29/2022","price" : 137.08},{"date" : "08/26/2022","price" : 138.38},{"date" : "08/25/2022","price" : 146.25},{"date" : "08/24/2022","price" : 141.31},{"date" : "08/23/2022","price" : 140.72},{"date" : "08/22/2022","price" : 141.61},{"date" : "08/19/2022","price" : 147.6},{"date" : "08/18/2022","price" : 151.38},{"date" : "08/17/2022","price" : 148.53},{"date" : "08/16/2022","price" : 150.03},{"date" : "08/15/2022","price" : 152.13},{"date" : "08/12/2022","price" : 151.29},{"date" : "08/11/2022","price" : 147.83},{"date" : "08/10/2022","price" : 146.99},{"date" : "08/09/2022","price" : 142.51},{"date" : "08/08/2022","price" : 147.81},{"date" : "08/05/2022","price" : 150.21},{"date" : "08/04/2022","price" : 151.01},{"date" : "08/03/2022","price" : 149.16},{"date" : "08/02/2022","price" : 147.03},{"date" : "08/01/2022","price" : 147.43},{"date" : "07/29/2022","price" : 145.06},{"date" : "07/28/2022","price" : 146.45},{"date" : "07/27/2022","price" : 153.42},{"date" : "07/26/2022","price" : 149.97},{"date" : "07/25/2022","price" : 153.25},{"date" : "07/22/2022","price" : 153.7},{"date" : "07/21/2022","price" : 155.86},{"date" : "07/20/2022","price" : 151.71},{"date" : "07/19/2022","price" : 147.37},{"date" : "07/18/2022","price" : 141.69},{"date" : "07/15/2022","price" : 144.37},{"date" : "07/14/2022","price" : 141.9},{"date" : "07/13/2022","price" : 135.64},{"date" : "07/12/2022","price" : 132.95},{"date" : "07/11/2022","price" : 132.24},{"date" : "07/08/2022","price" : 136.01},{"date" : "07/07/2022","price" : 134.4},{"date" : "07/06/2022","price" : 127.06},{"date" : "07/05/2022","price" : 125.83},{"date" : "07/01/2022","price" : 123.53},{"date" : "06/30/2022","price" : 127.74},{"date" : "06/29/2022","price" : 130.23},{"date" : "06/28/2022","price" : 131.6},{"date" : "06/27/2022","price" : 127.18},{"date" : "06/24/2022","price" : 125.1},{"date" : "06/23/2022","price" : 120.09},{"date" : "06/22/2022","price" : 122.16},{"date" : "06/21/2022","price" : 124.39},{"date" : "06/17/2022","price" : 120.99},{"date" : "06/16/2022","price" : 120.82},{"date" : "06/15/2022","price" : 131.03},{"date" : "06/14/2022","price" : 130.26},{"date" : "06/13/2022","price" : 128.66},{"date" : "06/10/2022","price" : 133.2},{"date" : "06/09/2022","price" : 136.71},{"date" : "06/08/2022","price" : 138.96},{"date" : "06/07/2022","price" : 141.89},{"date" : "06/06/2022","price" : 140.44},{"date" : "06/03/2022","price" : 141.22},{"date" : "06/02/2022","price" : 146.2},{"date" : "06/01/2022","price" : 140.02},{"date" : "05/31/2022","price" : 143.22},{"date" : "05/27/2022","price" : 139.76},{"date" : "05/26/2022","price" : 134.84},{"date" : "05/25/2022","price" : 131.23},{"date" : "05/24/2022","price" : 128.53},{"date" : "05/23/2022","price" : 132.12},{"date" : "05/20/2022","price" : 131.6},{"date" : "05/19/2022","price" : 130.57},{"date" : "05/18/2022","price" : 130.45},{"date" : "05/17/2022","price" : 139.69},{"date" : "05/16/2022","price" : 133.91},{"date" : "05/13/2022","price" : 134.93},{"date" : "05/12/2022","price" : 131.77},{"date" : "05/11/2022","price" : 132.3},{"date" : "05/10/2022","price" : 136.81},{"date" : "05/09/2022","price" : 134.92},{"date" : "05/06/2022","price" : 140.58},{"date" : "05/05/2022","price" : 141.64},{"date" : "05/04/2022","price" : 149.05},{"date" : "05/03/2022","price" : 144.26},{"date" : "05/02/2022","price" : 145.27},{"date" : "04/29/2022","price" : 139.69},{"date" : "04/28/2022","price" : 148.19},{"date" : "04/27/2022","price" : 135.1},{"date" : "04/26/2022","price" : 133.5},{"date" : "04/25/2022","price" : 136.56},{"date" : "04/22/2022","price" : 132.81},{"date" : "04/21/2022","price" : 136.11},{"date" : "04/20/2022","price" : 140.34},{"date" : "04/19/2022","price" : 141.05},{"date" : "04/18/2022","price" : 139.32},{"date" : "04/14/2022","price" : 136.91},{"date" : "04/13/2022","price" : 140.5},{"date" : "04/12/2022","price" : 136.09},{"date" : "04/11/2022","price" : 135.36},{"date" : "04/08/2022","price" : 136.69},{"date" : "04/07/2022","price" : 139.22},{"date" : "04/06/2022","price" : 139.28},{"date" : "04/05/2022","price" : 145.46},{"date" : "04/04/2022","price" : 153.81},{"date" : "04/01/2022","price" : 146.99},{"date" : "03/31/2022","price" : 152.82},{"date" : "03/30/2022","price" : 152.73},{"date" : "03/29/2022","price" : 161.07},{"date" : "03/28/2022","price" : 158.45},{"date" : "03/25/2022","price" : 157.97},{"date" : "03/24/2022","price" : 158.46},{"date" : "03/23/2022","price" : 152.87},{"date" : "03/22/2022","price" : 157.61},{"date" : "03/21/2022","price" : 155.59},{"date" : "03/18/2022","price" : 153.99},{"date" : "03/17/2022","price" : 152.83},{"date" : "03/16/2022","price" : 150.45},{"date" : "03/15/2022","price" : 144.21},{"date" : "03/14/2022","price" : 141.29},{"date" : "03/11/2022","price" : 152.34},{"date" : "03/10/2022","price" : 154.71},{"date" : "03/09/2022","price" : 157.11},{"date" : "03/08/2022","price" : 150.76},{"date" : "03/07/2022","price" : 150.1},{"date" : "03/04/2022","price" : 162.26},{"date" : "03/03/2022","price" : 165.35},{"date" : "03/02/2022","price" : 169.25},{"date" : "03/01/2022","price" : 163.69},{"date" : "02/28/2022","price" : 171.99},{"date" : "02/25/2022","price" : 170.93},{"date" : "02/24/2022","price" : 167.98},{"date" : "02/23/2022","price" : 161.62},{"date" : "02/22/2022","price" : 165.89},{"date" : "02/18/2022","price" : 167.64},{"date" : "02/17/2022","price" : 166.8},{"date" : "02/16/2022","price" : 172.6},{"date" : "02/15/2022","price" : 173.0},{"date" : "02/14/2022","price" : 165.13},{"date" : "02/11/2022","price" : 164.64},{"date" : "02/10/2022","price" : 174.07},{"date" : "02/09/2022","price" : 183.95},{"date" : "02/08/2022","price" : 178.59},{"date" : "02/07/2022","price" : 175.09},{"date" : "02/04/2022","price" : 179.47},{"date" : "02/03/2022","price" : 179.1},{"date" : "02/02/2022","price" : 188.2},{"date" : "02/01/2022","price" : 177.13},{"date" : "01/31/2022","price" : 175.76},{"date" : "01/28/2022","price" : 166.81},{"date" : "01/27/2022","price" : 161.2},{"date" : "01/26/2022","price" : 167.0},{"date" : "01/25/2022","price" : 165.45},{"date" : "01/24/2022","price" : 170.07},{"date" : "01/21/2022","price" : 164.93},{"date" : "01/20/2022","price" : 166.5},{"date" : "01/19/2022","price" : 172.47},{"date" : "01/18/2022","price" : 178.86},{"date" : "01/14/2022","price" : 188.69},{"date" : "01/13/2022","price" : 183.89},{"date" : "01/12/2022","price" : 186.42},{"date" : "01/11/2022","price" : 185.4},{"date" : "01/10/2022","price" : 179.68},{"date" : "01/07/2022","price" : 180.41},{"date" : "01/06/2022","price" : 185.95},{"date" : "01/05/2022","price" : 186.5},{"date" : "01/04/2022","price" : 187.23},{"date" : "01/03/2022","price" : 186.21},{"date" : "12/31/2021","price" : 182.87},{"date" : "12/30/2021","price" : 182.73},{"date" : "12/29/2021","price" : 186.2},{"date" : "12/28/2021","price" : 184.82},{"date" : "12/27/2021","price" : 186.33},{"date" : "12/23/2021","price" : 182.74},{"date" : "12/22/2021","price" : 181.38},{"date" : "12/21/2021","price" : 179.58},{"date" : "12/20/2021","price" : 176.67},{"date" : "12/17/2021","price" : 176.8},{"date" : "12/16/2021","price" : 178.15},{"date" : "12/15/2021","price" : 189.28},{"date" : "12/14/2021","price" : 181.98},{"date" : "12/13/2021","price" : 183.32},{"date" : "12/10/2021","price" : 183.88},{"date" : "12/09/2021","price" : 182.26},{"date" : "12/08/2021","price" : 182.63},{"date" : "12/07/2021","price" : 183.72},{"date" : "12/06/2021","price" : 175.45},{"date" : "12/03/2021","price" : 176.51},{"date" : "12/02/2021","price" : 177.03},{"date" : "12/01/2021","price" : 175.63},{"date" : "11/30/2021","price" : 180.56},{"date" : "11/29/2021","price" : 183.74},{"date" : "11/26/2021","price" : 175.74},{"date" : "11/24/2021","price" : 180.71},{"date" : "11/23/2021","price" : 180.94},{"date" : "11/22/2021","price" : 181.4},{"date" : "11/19/2021","price" : 185.0},{"date" : "11/18/2021","price" : 186.32},{"date" : "11/17/2021","price" : 183.54},{"date" : "11/16/2021","price" : 181.81},{"date" : "11/15/2021","price" : 168.51},{"date" : "11/12/2021","price" : 164.94},{"date" : "11/11/2021","price" : 164.42},{"date" : "11/10/2021","price" : 159.8},{"date" : "11/09/2021","price" : 166.74},{"date" : "11/08/2021","price" : 165.85},{"date" : "11/05/2021","price" : 163.03},{"date" : "11/04/2021","price" : 156.11},{"date" : "11/03/2021","price" : 138.48},{"date" : "11/02/2021","price" : 135.23},{"date" : "11/01/2021","price" : 134.81},{"date" : "10/29/2021","price" : 133.04},{"date" : "10/28/2021","price" : 133.69},{"date" : "10/27/2021","price" : 131.2},{"date" : "10/26/2021","price" : 131.94},{"date" : "10/25/2021","price" : 131.93},{"date" : "10/22/2021","price" : 131.62},{"date" : "10/21/2021","price" : 133.05},{"date" : "10/20/2021","price" : 132.16},{"date" : "10/19/2021","price" : 132.5},{"date" : "10/18/2021","price" : 130.12},{"date" : "10/15/2021","price" : 130.2},{"date" : "10/14/2021","price" : 128.66},{"date" : "10/13/2021","price" : 125.04},{"date" : "10/12/2021","price" : 122.95},{"date" : "10/11/2021","price" : 124.94},{"date" : "10/08/2021","price" : 126.55},{"date" : "10/07/2021","price" : 127.84},{"date" : "10/06/2021","price" : 128.06},{"date" : "10/05/2021","price" : 127.53},{"date" : "10/04/2021","price" : 126.68},{"date" : "10/01/2021","price" : 128.71},{"date" : "09/30/2021","price" : 128.98},{"date" : "09/29/2021","price" : 129.28},{"date" : "09/28/2021","price" : 129.9},{"date" : "09/27/2021","price" : 133.48},{"date" : "09/24/2021","price" : 133.88},{"date" : "09/23/2021","price" : 133.91},{"date" : "09/22/2021","price" : 133.01},{"date" : "09/21/2021","price" : 131.75},{"date" : "09/20/2021","price" : 132.76},{"date" : "09/17/2021","price" : 133.6},{"date" : "09/16/2021","price" : 138.4},{"date" : "09/15/2021","price" : 138.24},{"date" : "09/14/2021","price" : 141.14},{"date" : "09/13/2021","price" : 143.41},{"date" : "09/10/2021","price" : 142.68},{"date" : "09/09/2021","price" : 141.58},{"date" : "09/08/2021","price" : 142.52},{"date" : "09/07/2021","price" : 143.75},{"date" : "09/03/2021","price" : 144.63},{"date" : "09/02/2021","price" : 145.12},{"date" : "09/01/2021","price" : 146.45},{"date" : "08/31/2021","price" : 146.69},{"date" : "08/30/2021","price" : 145.94},{"date" : "08/27/2021","price" : 144.85},{"date" : "08/26/2021","price" : 142.38},{"date" : "08/25/2021","price" : 143.87},{"date" : "08/24/2021","price" : 144.46},{"date" : "08/23/2021","price" : 144.14},{"date" : "08/20/2021","price" : 142.09},{"date" : "08/19/2021","price" : 140.61},{"date" : "08/18/2021","price" : 142.18},{"date" : "08/17/2021","price" : 144.41},{"date" : "08/16/2021","price" : 148.13},{"date" : "08/13/2021","price" : 148.64},{"date" : "08/12/2021","price" : 147.15},{"date" : "08/11/2021","price" : 146.68},{"date" : "08/10/2021","price" : 145.87},{"date" : "08/09/2021","price" : 146.92},{"date" : "08/06/2021","price" : 146.28},{"date" : "08/05/2021","price" : 146.83},{"date" : "08/04/2021","price" : 148.22},{"date" : "08/03/2021","price" : 147.95},{"date" : "08/02/2021","price" : 148.86},{"date" : "07/30/2021","price" : 149.8},{"date" : "07/29/2021","price" : 150.99},{"date" : "07/28/2021","price" : 142.44},{"date" : "07/27/2021","price" : 140.93},{"date" : "07/26/2021","price" : 143.5},{"date" : "07/23/2021","price" : 144.88},{"date" : "07/22/2021","price" : 142.44},{"date" : "07/21/2021","price" : 142.17},{"date" : "07/20/2021","price" : 139.55},{"date" : "07/19/2021","price" : 138.79},{"date" : "07/16/2021","price" : 139.71},{"date" : "07/15/2021","price" : 141.46},{"date" : "07/14/2021","price" : 143.75},{"date" : "07/13/2021","price" : 141.18},{"date" : "07/12/2021","price" : 142.47},{"date" : "07/09/2021","price" : 141.43},{"date" : "07/08/2021","price" : 138.29},{"date" : "07/07/2021","price" : 139.97},{"date" : "07/06/2021","price" : 141.19},{"date" : "07/02/2021","price" : 142.58},{"date" : "07/01/2021","price" : 140.8},{"date" : "06/30/2021","price" : 142.93},{"date" : "06/29/2021","price" : 142.62},{"date" : "06/28/2021","price" : 139.72},{"date" : "06/25/2021","price" : 137.65},{"date" : "06/24/2021","price" : 137.92},{"date" : "06/23/2021","price" : 135.52},{"date" : "06/22/2021","price" : 135.08},{"date" : "06/21/2021","price" : 133.96},{"date" : "06/18/2021","price" : 133.0},{"date" : "06/17/2021","price" : 135.35},{"date" : "06/16/2021","price" : 134.95},{"date" : "06/15/2021","price" : 135.58},{"date" : "06/14/2021","price" : 137.31},{"date" : "06/11/2021","price" : 134.62},{"date" : "06/10/2021","price" : 134.22},{"date" : "06/09/2021","price" : 132.89},{"date" : "06/08/2021","price" : 134.2},{"date" : "06/07/2021","price" : 133.32},{"date" : "06/04/2021","price" : 134.34},{"date" : "06/03/2021","price" : 131.78},{"date" : "06/02/2021","price" : 133.82},{"date" : "06/01/2021","price" : 133.94},{"date" : "05/28/2021","price" : 134.54},{"date" : "05/27/2021","price" : 133.64},{"date" : "05/26/2021","price" : 133.09},{"date" : "05/25/2021","price" : 133.75},{"date" : "05/24/2021","price" : 132.91},{"date" : "05/21/2021","price" : 131.46},{"date" : "05/20/2021","price" : 132.64},{"date" : "05/19/2021","price" : 130.66},{"date" : "05/18/2021","price" : 128.91},{"date" : "05/17/2021","price" : 129.8},{"date" : "05/14/2021","price" : 130.15},{"date" : "05/13/2021","price" : 127.11},{"date" : "05/12/2021","price" : 124.62},{"date" : "05/11/2021","price" : 128.37},{"date" : "05/10/2021","price" : 128.94},{"date" : "05/07/2021","price" : 137.85},{"date" : "05/06/2021","price" : 136.0},{"date" : "05/05/2021","price" : 134.65},{"date" : "05/04/2021","price" : 134.12},{"date" : "05/03/2021","price" : 137.43},{"date" : "04/30/2021","price" : 138.8},{"date" : "04/29/2021","price" : 142.68},{"date" : "04/28/2021","price" : 136.57},{"date" : "04/27/2021","price" : 138.01},{"date" : "04/26/2021","price" : 138.96},{"date" : "04/23/2021","price" : 135.43},{"date" : "04/22/2021","price" : 132.97},{"date" : "04/21/2021","price" : 136.19},{"date" : "04/20/2021","price" : 133.4},{"date" : "04/19/2021","price" : 135.25},{"date" : "04/16/2021","price" : 138.21},{"date" : "04/15/2021","price" : 137.84},{"date" : "04/14/2021","price" : 134.75},{"date" : "04/13/2021","price" : 137.3},{"date" : "04/12/2021","price" : 137.44},{"date" : "04/09/2021","price" : 140.57},{"date" : "04/08/2021","price" : 140.34},{"date" : "04/07/2021","price" : 139.43},{"date" : "04/06/2021","price" : 138.06},{"date" : "04/05/2021","price" : 140.33},{"date" : "04/01/2021","price" : 137.79},{"date" : "03/31/2021","price" : 132.59},{"date" : "03/30/2021","price" : 130.11},{"date" : "03/29/2021","price" : 131.27},{"date" : "03/26/2021","price" : 132.99},{"date" : "03/25/2021","price" : 127.28},{"date" : "03/24/2021","price" : 127.18},{"date" : "03/23/2021","price" : 132.52},{"date" : "03/22/2021","price" : 134.09},{"date" : "03/19/2021","price" : 131.02},{"date" : "03/18/2021","price" : 129.75},{"date" : "03/17/2021","price" : 133.92},{"date" : "03/16/2021","price" : 133.65},{"date" : "03/15/2021","price" : 131.64},{"date" : "03/12/2021","price" : 129.98},{"date" : "03/11/2021","price" : 131.74},{"date" : "03/10/2021","price" : 127.87},{"date" : "03/09/2021","price" : 129.11},{"date" : "03/08/2021","price" : 123.2},{"date" : "03/05/2021","price" : 129.75},{"date" : "03/04/2021","price" : 127.8},{"date" : "03/03/2021","price" : 131.66},{"date" : "03/02/2021","price" : 137.04},{"date" : "03/01/2021","price" : 139.49},{"date" : "02/26/2021","price" : 136.19},{"date" : "02/25/2021","price" : 135.53},{"date" : "02/24/2021","price" : 141.1},{"date" : "02/23/2021","price" : 137.12},{"date" : "02/22/2021","price" : 139.46},{"date" : "02/19/2021","price" : 144.94},{"date" : "02/18/2021","price" : 143.91},{"date" : "02/17/2021","price" : 144.75},{"date" : "02/16/2021","price" : 147.16},{"date" : "02/12/2021","price" : 147.98},{"date" : "02/11/2021","price" : 145.56},{"date" : "02/10/2021","price" : 145.5},{"date" : "02/09/2021","price" : 146.11},{"date" : "02/08/2021","price" : 147.38},{"date" : "02/05/2021","price" : 145.84},{"date" : "02/04/2021","price" : 147.97},{"date" : "02/03/2021","price" : 162.3},{"date" : "02/02/2021","price" : 164.78},{"date" : "02/01/2021","price" : 161.58},{"date" : "01/29/2021","price" : 156.28},{"date" : "01/28/2021","price" : 155.55},{"date" : "01/27/2021","price" : 153.67},{"date" : "01/26/2021","price" : 162.55},{"date" : "01/25/2021","price" : 164.4},{"date" : "01/22/2021","price" : 162.42},{"date" : "01/21/2021","price" : 164.75},{"date" : "01/20/2021","price" : 164.6},{"date" : "01/19/2021","price" : 163.77},{"date" : "01/15/2021","price" : 157.09},{"date" : "01/14/2021","price" : 160.85},{"date" : "01/13/2021","price" : 157.42},{"date" : "01/12/2021","price" : 154.45},{"date" : "01/11/2021","price" : 156.11},{"date" : "01/08/2021","price" : 156.64},{"date" : "01/07/2021","price" : 155.7},{"date" : "01/06/2021","price" : 151.19},{"date" : "01/05/2021","price" : 152.43},{"date" : "01/04/2021","price" : 148.5},{"date" : "12/31/2020","price" : 152.34},{"date" : "12/30/2020","price" : 149.95},{"date" : "12/29/2020","price" : 148.49},{"date" : "12/28/2020","price" : 147.74},{"date" : "12/24/2020","price" : 148.79},{"date" : "12/23/2020","price" : 146.96},{"date" : "12/22/2020","price" : 146.34},{"date" : "12/21/2020","price" : 146.8},{"date" : "12/18/2020","price" : 147.42},{"date" : "12/17/2020","price" : 149.53},{"date" : "12/16/2020","price" : 149.74},{"date" : "12/15/2020","price" : 148.36},{"date" : "12/14/2020","price" : 146.29},{"date" : "12/11/2020","price" : 144.28},{"date" : "12/10/2020","price" : 155.75},{"date" : "12/09/2020","price" : 156.02},{"date" : "12/08/2020","price" : 158.8},{"date" : "12/07/2020","price" : 158.02},{"date" : "12/04/2020","price" : 157.62},{"date" : "12/03/2020","price" : 149.91},{"date" : "12/02/2020","price" : 149.98},{"date" : "12/01/2020","price" : 151.26},{"date" : "11/30/2020","price" : 147.17},{"date" : "11/27/2020","price" : 143.83},{"date" : "11/25/2020","price" : 144.08},{"date" : "11/24/2020","price" : 145.93},{"date" : "11/23/2020","price" : 143.82},{"date" : "11/20/2020","price" : 146.03},{"date" : "11/19/2020","price" : 147.53},{"date" : "11/18/2020","price" : 147.05},{"date" : "11/17/2020","price" : 148.74},{"date" : "11/16/2020","price" : 149.07},{"date" : "11/13/2020","price" : 144.26},{"date" : "11/12/2020","price" : 143.91},{"date" : "11/11/2020","price" : 147.69},{"date" : "11/10/2020","price" : 140.11},{"date" : "11/09/2020","price" : 142.61},{"date" : "11/06/2020","price" : 145.01},{"date" : "11/05/2020","price" : 145.41},{"date" : "11/04/2020","price" : 128.97},{"date" : "11/03/2020","price" : 125.45},{"date" : "11/02/2020","price" : 123.97},{"date" : "10/30/2020","price" : 123.36},{"date" : "10/29/2020","price" : 126.44},{"date" : "10/28/2020","price" : 121.58},{"date" : "10/27/2020","price" : 125.91},{"date" : "10/26/2020","price" : 126.2},{"date" : "10/23/2020","price" : 128.88},{"date" : "10/22/2020","price" : 128.38},{"date" : "10/21/2020","price" : 128.55},{"date" : "10/20/2020","price" : 128.3},{"date" : "10/19/2020","price" : 128.42},{"date" : "10/16/2020","price" : 129.03},{"date" : "10/15/2020","price" : 128.58},{"date" : "10/14/2020","price" : 129.88},{"date" : "10/13/2020","price" : 127.46},{"date" : "10/12/2020","price" : 126.69},{"date" : "10/09/2020","price" : 124.87},{"date" : "10/08/2020","price" : 122.34},{"date" : "10/07/2020","price" : 123.03},{"date" : "10/06/2020","price" : 119.54},{"date" : "10/05/2020","price" : 120.52},{"date" : "10/02/2020","price" : 115.47},{"date" : "10/01/2020","price" : 119.52},{"date" : "09/30/2020","price" : 117.68},{"date" : "09/29/2020","price" : 117.38},{"date" : "09/28/2020","price" : 118.47},{"date" : "09/25/2020","price" : 114.5},{"date" : "09/24/2020","price" : 112.19},{"date" : "09/23/2020","price" : 110.57},{"date" : "09/22/2020","price" : 113.82},{"date" : "09/21/2020","price" : 111.92},{"date" : "09/18/2020","price" : 110.69},{"date" : "09/17/2020","price" : 114.88},{"date" : "09/16/2020","price" : 114.56},{"date" : "09/15/2020","price" : 116.58},{"date" : "09/14/2020","price" : 113.46},{"date" : "09/11/2020","price" : 113.42},{"date" : "09/10/2020","price" : 112.44},{"date" : "09/09/2020","price" : 114.02},{"date" : "09/08/2020","price" : 109.77},{"date" : "09/04/2020","price" : 115.97},{"date" : "09/03/2020","price" : 116.43},{"date" : "09/02/2020","price" : 123.18},{"date" : "09/01/2020","price" : 122.01},{"date" : "08/31/2020","price" : 119.1},{"date" : "08/28/2020","price" : 118.2},{"date" : "08/27/2020","price" : 116.02},{"date" : "08/26/2020","price" : 116.04},{"date" : "08/25/2020","price" : 115.95},{"date" : "08/24/2020","price" : 115.91},{"date" : "08/21/2020","price" : 113.0},{"date" : "08/20/2020","price" : 110.66},{"date" : "08/19/2020","price" : 111.04},{"date" : "08/18/2020","price" : 112.03},{"date" : "08/17/2020","price" : 112.18},{"date" : "08/14/2020","price" : 113.74},{"date" : "08/13/2020","price" : 113.41},{"date" : "08/12/2020","price" : 115.79},{"date" : "08/11/2020","price" : 108.83},{"date" : "08/10/2020","price" : 106.36},{"date" : "08/07/2020","price" : 108.25},{"date" : "08/06/2020","price" : 111.06},{"date" : "08/05/2020","price" : 111.39},{"date" : "08/04/2020","price" : 110.95},{"date" : "08/03/2020","price" : 109.59},{"date" : "07/31/2020","price" : 105.61},{"date" : "07/30/2020","price" : 107.19},{"date" : "07/29/2020","price" : 93.03},{"date" : "07/28/2020","price" : 91.45},{"date" : "07/27/2020","price" : 92.7},{"date" : "07/24/2020","price" : 88.89},{"date" : "07/23/2020","price" : 89.67},{"date" : "07/22/2020","price" : 92.6},{"date" : "07/21/2020","price" : 92.31},{"date" : "07/20/2020","price" : 93.17},{"date" : "07/17/2020","price" : 92.23},{"date" : "07/16/2020","price" : 91.2},{"date" : "07/15/2020","price" : 92.55},{"date" : "07/14/2020","price" : 92.38},{"date" : "07/13/2020","price" : 91.33},{"date" : "07/10/2020","price" : 92.51},{"date" : "07/09/2020","price" : 93.25},{"date" : "07/08/2020","price" : 93.53},{"date" : "07/07/2020","price" : 92.14},{"date" : "07/06/2020","price" : 92.92},{"date" : "07/02/2020","price" : 91.87},{"date" : "07/01/2020","price" : 89.78},{"date" : "06/30/2020","price" : 91.21},{"date" : "06/29/2020","price" : 89.01},{"date" : "06/26/2020","price" : 88.02},{"date" : "06/25/2020","price" : 88.96},{"date" : "06/24/2020","price" : 89.14},{"date" : "06/23/2020","price" : 89.35},{"date" : "06/22/2020","price" : 89.13},{"date" : "06/19/2020","price" : 88.81},{"date" : "06/18/2020","price" : 89.92},{"date" : "06/17/2020","price" : 89.94},{"date" : "06/16/2020","price" : 89.52},{"date" : "06/15/2020","price" : 86.39},{"date" : "06/12/2020","price" : 85.24},{"date" : "06/11/2020","price" : 84.02},{"date" : "06/10/2020","price" : 91.01},{"date" : "06/09/2020","price" : 89.75},{"date" : "06/08/2020","price" : 91.37},{"date" : "06/05/2020","price" : 88.55},{"date" : "06/04/2020","price" : 86.04},{"date" : "06/03/2020","price" : 84.11},{"date" : "06/02/2020","price" : 84.63},{"date" : "06/01/2020","price" : 79.73},{"date" : "05/29/2020","price" : 80.88},{"date" : "05/28/2020","price" : 78.11},{"date" : "05/27/2020","price" : 79.29},{"date" : "05/26/2020","price" : 78.02},{"date" : "05/22/2020","price" : 78.7},{"date" : "05/21/2020","price" : 78.0},{"date" : "05/20/2020","price" : 80.63},{"date" : "05/19/2020","price" : 78.09},{"date" : "05/18/2020","price" : 79.94},{"date" : "05/15/2020","price" : 75.77},{"date" : "05/14/2020","price" : 79.87},{"date" : "05/13/2020","price" : 78.0},{"date" : "05/12/2020","price" : 78.42},{"date" : "05/11/2020","price" : 80.48},{"date" : "05/08/2020","price" : 80.56},{"date" : "05/07/2020","price" : 78.83},{"date" : "05/06/2020","price" : 78.87},{"date" : "05/05/2020","price" : 77.63},{"date" : "05/04/2020","price" : 75.68},{"date" : "05/01/2020","price" : 75.64},{"date" : "04/30/2020","price" : 78.67},{"date" : "04/29/2020","price" : 78.97},{"date" : "04/28/2020","price" : 75.29},{"date" : "04/27/2020","price" : 75.98},{"date" : "04/24/2020","price" : 76.04},{"date" : "04/23/2020","price" : 73.81},{"date" : "04/22/2020","price" : 74.68},{"date" : "04/21/2020","price" : 71.84},{"date" : "04/20/2020","price" : 74.31},{"date" : "04/17/2020","price" : 76.17},{"date" : "04/16/2020","price" : 76.85},{"date" : "04/15/2020","price" : 75.99},{"date" : "04/14/2020","price" : 77.55},{"date" : "04/13/2020","price" : 73.3},{"date" : "04/09/2020","price" : 71.58},{"date" : "04/08/2020","price" : 73.33},{"date" : "04/07/2020","price" : 72.73},{"date" : "04/06/2020","price" : 70.95},{"date" : "04/03/2020","price" : 65.23},{"date" : "04/02/2020","price" : 68.02},{"date" : "04/01/2020","price" : 65.9},{"date" : "03/31/2020","price" : 67.65},{"date" : "03/30/2020","price" : 69.03},{"date" : "03/27/2020","price" : 66.59},{"date" : "03/26/2020","price" : 68.98},{"date" : "03/25/2020","price" : 63.08},{"date" : "03/24/2020","price" : 65.46},{"date" : "03/23/2020","price" : 62.53},{"date" : "03/20/2020","price" : 60.91},{"date" : "03/19/2020","price" : 65.0},{"date" : "03/18/2020","price" : 61.19},{"date" : "03/17/2020","price" : 68.86},{"date" : "03/16/2020","price" : 64.48},{"date" : "03/13/2020","price" : 75.81},{"date" : "03/12/2020","price" : 67.02},{"date" : "03/11/2020","price" : 74.62},{"date" : "03/10/2020","price" : 78.89},{"date" : "03/09/2020","price" : 72.64},{"date" : "03/06/2020","price" : 77.47},{"date" : "03/05/2020","price" : 79.17},{"date" : "03/04/2020","price" : 81.8},{"date" : "03/03/2020","price" : 78.56},{"date" : "03/02/2020","price" : 80.56},{"date" : "02/28/2020","price" : 78.3},{"date" : "02/27/2020","price" : 75.94},{"date" : "02/26/2020","price" : 79.66},{"date" : "02/25/2020","price" : 80.22},{"date" : "02/24/2020","price" : 83.32},{"date" : "02/21/2020","price" : 87.03},{"date" : "02/20/2020","price" : 89.47},{"date" : "02/19/2020","price" : 90.56},{"date" : "02/18/2020","price" : 88.03},{"date" : "02/14/2020","price" : 89.6},{"date" : "02/13/2020","price" : 90.03},{"date" : "02/12/2020","price" : 91.72},{"date" : "02/11/2020","price" : 90.0},{"date" : "02/10/2020","price" : 88.6},{"date" : "02/07/2020","price" : 87.42},{"date" : "02/06/2020","price" : 90.61},{"date" : "02/05/2020","price" : 90.91},{"date" : "02/04/2020","price" : 88.93},{"date" : "02/03/2020","price" : 86.48},{"date" : "01/31/2020","price" : 85.31},{"date" : "01/30/2020","price" : 87.78},{"date" : "01/29/2020","price" : 88.23},{"date" : "01/28/2020","price" : 89.15},{"date" : "01/27/2020","price" : 87.05},{"date" : "01/24/2020","price" : 89.65},{"date" : "01/23/2020","price" : 92.0},{"date" : "01/22/2020","price" : 92.97},{"date" : "01/21/2020","price" : 94.54},{"date" : "01/17/2020","price" : 95.91},{"date" : "01/16/2020","price" : 91.79},{"date" : "01/15/2020","price" : 89.67},{"date" : "01/14/2020","price" : 90.56},{"date" : "01/13/2020","price" : 90.97},{"date" : "01/10/2020","price" : 90.26},{"date" : "01/09/2020","price" : 89.91},{"date" : "01/08/2020","price" : 88.71},{"date" : "01/07/2020","price" : 88.97},{"date" : "01/06/2020","price" : 86.51},{"date" : "01/03/2020","price" : 87.02},{"date" : "01/02/2020","price" : 88.69},{"date" : "12/31/2019","price" : 88.23},{"date" : "12/30/2019","price" : 88.43},{"date" : "12/27/2019","price" : 88.8},{"date" : "12/26/2019","price" : 88.4},{"date" : "12/24/2019","price" : 88.77},{"date" : "12/23/2019","price" : 88.45},{"date" : "12/20/2019","price" : 88.85},{"date" : "12/19/2019","price" : 88.49},{"date" : "12/18/2019","price" : 87.98},{"date" : "12/17/2019","price" : 88.32},{"date" : "12/16/2019","price" : 88.43},{"date" : "12/13/2019","price" : 87.83},{"date" : "12/12/2019","price" : 89.05},{"date" : "12/11/2019","price" : 86.99},{"date" : "12/10/2019","price" : 84.115},{"date" : "12/09/2019","price" : 84.92},{"date" : "12/06/2019","price" : 83.82},{"date" : "12/05/2019","price" : 82.585},{"date" : "12/04/2019","price" : 82.08},{"date" : "12/03/2019","price" : 80.58},{"date" : "12/02/2019","price" : 82.45},{"date" : "11/29/2019","price" : 83.55},{"date" : "11/27/2019","price" : 84.8},{"date" : "11/26/2019","price" : 84.63},{"date" : "11/25/2019","price" : 85.29},{"date" : "11/22/2019","price" : 84.89},{"date" : "11/21/2019","price" : 85.11},{"date" : "11/20/2019","price" : 85.62},{"date" : "11/19/2019","price" : 87.96},{"date" : "11/18/2019","price" : 90.48},{"date" : "11/15/2019","price" : 90.81},{"date" : "11/14/2019","price" : 90.48},{"date" : "11/13/2019","price" : 90.47},{"date" : "11/12/2019","price" : 90.97},{"date" : "11/11/2019","price" : 91.84},{"date" : "11/08/2019","price" : 94.03},{"date" : "11/07/2019","price" : 89.98},{"date" : "11/06/2019","price" : 84.63},{"date" : "11/05/2019","price" : 85.46},{"date" : "11/04/2019","price" : 85.09},{"date" : "11/01/2019","price" : 83.58},{"date" : "10/31/2019","price" : 80.44},{"date" : "10/30/2019","price" : 81.44},{"date" : "10/29/2019","price" : 81.66},{"date" : "10/28/2019","price" : 83.05},{"date" : "10/25/2019","price" : 80.17},{"date" : "10/24/2019","price" : 78.99},{"date" : "10/23/2019","price" : 77.24},{"date" : "10/22/2019","price" : 78.47},{"date" : "10/21/2019","price" : 78.98},{"date" : "10/18/2019","price" : 77.68},{"date" : "10/17/2019","price" : 78.97},{"date" : "10/16/2019","price" : 78.23},{"date" : "10/15/2019","price" : 77.82},{"date" : "10/14/2019","price" : 76.3},{"date" : "10/11/2019","price" : 76.7},{"date" : "10/10/2019","price" : 74.97},{"date" : "10/09/2019","price" : 74.35},{"date" : "10/08/2019","price" : 72.85},{"date" : "10/07/2019","price" : 76.34},{"date" : "10/04/2019","price" : 77.49},{"date" : "10/03/2019","price" : 75.73},{"date" : "10/02/2019","price" : 73.99},{"date" : "10/01/2019","price" : 75.47},{"date" : "09/30/2019","price" : 76.28},{"date" : "09/27/2019","price" : 76.63},{"date" : "09/26/2019","price" : 77.35},{"date" : "09/25/2019","price" : 77.26},{"date" : "09/24/2019","price" : 75.23},{"date" : "09/23/2019","price" : 77.24},{"date" : "09/20/2019","price" : 76.44},{"date" : "09/19/2019","price" : 78.23},{"date" : "09/18/2019","price" : 78.9},{"date" : "09/17/2019","price" : 78.69},{"date" : "09/16/2019","price" : 78.04},{"date" : "09/13/2019","price" : 78.41},{"date" : "09/12/2019","price" : 79.08},{"date" : "09/11/2019","price" : 79.9},{"date" : "09/10/2019","price" : 78.71},{"date" : "09/09/2019","price" : 78.21},{"date" : "09/06/2019","price" : 78.84},{"date" : "09/05/2019","price" : 78.99},{"date" : "09/04/2019","price" : 77.09},{"date" : "09/03/2019","price" : 75.12},{"date" : "08/30/2019","price" : 77.77},{"date" : "08/29/2019","price" : 76.45},{"date" : "08/28/2019","price" : 74.35},{"date" : "08/27/2019","price" : 73.97},{"date" : "08/26/2019","price" : 72.91},{"date" : "08/23/2019","price" : 73.52},{"date" : "08/22/2019","price" : 77.15},{"date" : "08/21/2019","price" : 76.7},{"date" : "08/20/2019","price" : 76.07},{"date" : "08/19/2019","price" : 74.87},{"date" : "08/16/2019","price" : 73.28},{"date" : "08/15/2019","price" : 71.16},{"date" : "08/14/2019","price" : 70.88},{"date" : "08/13/2019","price" : 72.18},{"date" : "08/12/2019","price" : 69.8},{"date" : "08/09/2019","price" : 71.5},{"date" : "08/08/2019","price" : 71.26},{"date" : "08/07/2019","price" : 69.4},{"date" : "08/06/2019","price" : 68.17},{"date" : "08/05/2019","price" : 68.8},{"date" : "08/02/2019","price" : 71.15},{"date" : "08/01/2019","price" : 71.2},{"date" : "07/31/2019","price" : 73.16},{"date" : "07/30/2019","price" : 74.81},{"date" : "07/29/2019","price" : 74.97},{"date" : "07/26/2019","price" : 75.22},{"date" : "07/25/2019","price" : 75.35},{"date" : "07/24/2019","price" : 75.87},{"date" : "07/23/2019","price" : 74.12},{"date" : "07/22/2019","price" : 75.95},{"date" : "07/19/2019","price" : 75.0},{"date" : "07/18/2019","price" : 74.37},{"date" : "07/17/2019","price" : 75.76},{"date" : "07/16/2019","price" : 75.67},{"date" : "07/15/2019","price" : 75.43},{"date" : "07/12/2019","price" : 74.9},{"date" : "07/11/2019","price" : 73.71},{"date" : "07/10/2019","price" : 74.36},{"date" : "07/09/2019","price" : 76.55},{"date" : "07/08/2019","price" : 76.63},{"date" : "07/05/2019","price" : 76.66},{"date" : "07/03/2019","price" : 76.63},{"date" : "07/02/2019","price" : 77.01},{"date" : "07/01/2019","price" : 77.52},{"date" : "06/28/2019","price" : 76.07},{"date" : "06/27/2019","price" : 75.43},{"date" : "06/26/2019","price" : 74.95},{"date" : "06/25/2019","price" : 72.55},{"date" : "06/24/2019","price" : 73.16},{"date" : "06/21/2019","price" : 72.72},{"date" : "06/20/2019","price" : 72.74},{"date" : "06/19/2019","price" : 71.8},{"date" : "06/18/2019","price" : 71.96},{"date" : "06/17/2019","price" : 69.11},{"date" : "06/14/2019","price" : 68.72},{"date" : "06/13/2019","price" : 69.93},{"date" : "06/12/2019","price" : 69.59},{"date" : "06/11/2019","price" : 71.24},{"date" : "06/10/2019","price" : 70.54},{"date" : "06/07/2019","price" : 68.69},{"date" : "06/06/2019","price" : 67.59},{"date" : "06/05/2019","price" : 67.02},{"date" : "06/04/2019","price" : 68.45},{"date" : "06/03/2019","price" : 66.66},{"date" : "05/31/2019","price" : 66.82},{"date" : "05/30/2019","price" : 66.59},{"date" : "05/29/2019","price" : 65.76},{"date" : "05/28/2019","price" : 65.37},{"date" : "05/24/2019","price" : 66.21},{"date" : "05/23/2019","price" : 68.255},{"date" : "05/22/2019","price" : 69.31},{"date" : "05/21/2019","price" : 77.75},{"date" : "05/20/2019","price" : 76.62},{"date" : "05/17/2019","price" : 81.5},{"date" : "05/16/2019","price" : 82.81},{"date" : "05/15/2019","price" : 86.26},{"date" : "05/14/2019","price" : 86.13},{"date" : "05/13/2019","price" : 83.89},{"date" : "05/10/2019","price" : 85.84},{"date" : "05/09/2019","price" : 83.78},{"date" : "05/08/2019","price" : 84.54},{"date" : "05/07/2019","price" : 85.2},{"date" : "05/06/2019","price" : 88.25},{"date" : "05/03/2019","price" : 89.29},{"date" : "05/02/2019","price" : 87.14},{"date" : "05/01/2019","price" : 86.37},{"date" : "04/30/2019","price" : 86.13},{"date" : "04/29/2019","price" : 87.25},{"date" : "04/26/2019","price" : 86.64},{"date" : "04/25/2019","price" : 85.07},{"date" : "04/24/2019","price" : 86.83},{"date" : "04/23/2019","price" : 86.72},{"date" : "04/22/2019","price" : 81.97},{"date" : "04/18/2019","price" : 79.89},{"date" : "04/17/2019","price" : 79.08},{"date" : "04/16/2019","price" : 70.45},{"date" : "04/15/2019","price" : 57.18},{"date" : "04/12/2019","price" : 56.95},{"date" : "04/11/2019","price" : 55.9},{"date" : "04/10/2019","price" : 56.33},{"date" : "04/09/2019","price" : 57.44},{"date" : "04/08/2019","price" : 57.76},{"date" : "04/05/2019","price" : 57.99},{"date" : "04/04/2019","price" : 57.86},{"date" : "04/03/2019","price" : 57.68},{"date" : "04/02/2019","price" : 58.09},{"date" : "04/01/2019","price" : 57.81},{"date" : "03/29/2019","price" : 57.03},{"date" : "03/28/2019","price" : 56.55},{"date" : "03/27/2019","price" : 56.91},{"date" : "03/26/2019","price" : 58.0},{"date" : "03/25/2019","price" : 56.64},{"date" : "03/22/2019","price" : 56.82},{"date" : "03/21/2019","price" : 57.77},{"date" : "03/20/2019","price" : 57.16},{"date" : "03/19/2019","price" : 56.97},{"date" : "03/18/2019","price" : 56.83},{"date" : "03/15/2019","price" : 56.6},{"date" : "03/14/2019","price" : 55.4},{"date" : "03/13/2019","price" : 55.39},{"date" : "03/12/2019","price" : 54.84},{"date" : "03/11/2019","price" : 54.35},{"date" : "03/08/2019","price" : 53.53},{"date" : "03/07/2019","price" : 54.03},{"date" : "03/06/2019","price" : 54.8},{"date" : "03/05/2019","price" : 53.94},{"date" : "03/04/2019","price" : 53.78},{"date" : "03/01/2019","price" : 54.2},{"date" : "02/28/2019","price" : 53.39},{"date" : "02/27/2019","price" : 53.04},{"date" : "02/26/2019","price" : 53.03},{"date" : "02/25/2019","price" : 52.99},{"date" : "02/22/2019","price" : 53.12},{"date" : "02/21/2019","price" : 52.35},{"date" : "02/20/2019","price" : 52.45},{"date" : "02/19/2019","price" : 52.01},{"date" : "02/15/2019","price" : 51.98},{"date" : "02/14/2019","price" : 51.57},{"date" : "02/13/2019","price" : 51.59},{"date" : "02/12/2019","price" : 51.66},{"date" : "02/11/2019","price" : 50.83},{"date" : "02/08/2019","price" : 50.29},{"date" : "02/07/2019","price" : 50.55},{"date" : "02/06/2019","price" : 51.1},{"date" : "02/05/2019","price" : 50.73},{"date" : "02/04/2019","price" : 49.69},{"date" : "02/01/2019","price" : 49.61},{"date" : "01/31/2019","price" : 49.52},{"date" : "01/30/2019","price" : 50.17},{"date" : "01/29/2019","price" : 49.4},{"date" : "01/28/2019","price" : 50.64},{"date" : "01/25/2019","price" : 51.3},{"date" : "01/24/2019","price" : 50.81},{"date" : "01/23/2019","price" : 51.77},{"date" : "01/22/2019","price" : 54.29},{"date" : "01/18/2019","price" : 55.27},{"date" : "01/17/2019","price" : 54.77},{"date" : "01/16/2019","price" : 55.27},{"date" : "01/15/2019","price" : 55.73},{"date" : "01/14/2019","price" : 57.3},{"date" : "01/11/2019","price" : 57.5},{"date" : "01/10/2019","price" : 56.8},{"date" : "01/09/2019","price" : 56.61},{"date" : "01/08/2019","price" : 55.95},{"date" : "01/07/2019","price" : 56.44},{"date" : "01/04/2019","price" : 56.6},{"date" : "01/03/2019","price" : 55.7},{"date" : "01/02/2019","price" : 57.4},{"date" : "12/31/2018","price" : 56.91},{"date" : "12/28/2018","price" : 56.81},{"date" : "12/27/2018","price" : 56.09},{"date" : "12/26/2018","price" : 55.96},{"date" : "12/24/2018","price" : 53.65},{"date" : "12/21/2018","price" : 54.85},{"date" : "12/20/2018","price" : 56.37},{"date" : "12/19/2018","price" : 56.69},{"date" : "12/18/2018","price" : 57.78},{"date" : "12/17/2018","price" : 57.0},{"date" : "12/14/2018","price" : 57.62},{"date" : "12/13/2018","price" : 58.09},{"date" : "12/12/2018","price" : 57.72},{"date" : "12/11/2018","price" : 57.35},{"date" : "12/10/2018","price" : 57.24},{"date" : "12/07/2018","price" : 55.99},{"date" : "12/06/2018","price" : 57.11},{"date" : "12/04/2018","price" : 57.73},{"date" : "12/03/2018","price" : 59.14},{"date" : "11/30/2018","price" : 58.26},{"date" : "11/29/2018","price" : 58.11},{"date" : "11/28/2018","price" : 56.65},{"date" : "11/27/2018","price" : 55.57},{"date" : "11/26/2018","price" : 55.73}]}