{ "data" : [{"date" : "11/22/2023","price" : 103.44},{"date" : "11/21/2023","price" : 103.69},{"date" : "11/20/2023","price" : 104.3},{"date" : "11/17/2023","price" : 105.57},{"date" : "11/16/2023","price" : 107.21},{"date" : "11/15/2023","price" : 106.03},{"date" : "11/14/2023","price" : 105.6},{"date" : "11/13/2023","price" : 103.51},{"date" : "11/10/2023","price" : 104.33},{"date" : "11/09/2023","price" : 102.23},{"date" : "11/08/2023","price" : 104.3},{"date" : "11/07/2023","price" : 103.68},{"date" : "11/06/2023","price" : 104.03},{"date" : "11/03/2023","price" : 102.65},{"date" : "11/02/2023","price" : 100.01},{"date" : "11/01/2023","price" : 91.35},{"date" : "10/31/2023","price" : 92.24},{"date" : "10/30/2023","price" : 93.15},{"date" : "10/27/2023","price" : 92.02},{"date" : "10/26/2023","price" : 92.67},{"date" : "10/25/2023","price" : 94.0},{"date" : "10/24/2023","price" : 94.62},{"date" : "10/23/2023","price" : 94.2},{"date" : "10/20/2023","price" : 94.19},{"date" : "10/19/2023","price" : 94.42},{"date" : "10/18/2023","price" : 93.75},{"date" : "10/17/2023","price" : 94.18},{"date" : "10/16/2023","price" : 93.65},{"date" : "10/13/2023","price" : 91.48},{"date" : "10/12/2023","price" : 91.42},{"date" : "10/11/2023","price" : 91.95},{"date" : "10/10/2023","price" : 93.18},{"date" : "10/09/2023","price" : 92.68},{"date" : "10/06/2023","price" : 92.85},{"date" : "10/05/2023","price" : 92.37},{"date" : "10/04/2023","price" : 91.15},{"date" : "10/03/2023","price" : 89.48},{"date" : "10/02/2023","price" : 91.13},{"date" : "09/29/2023","price" : 91.27},{"date" : "09/28/2023","price" : 91.08},{"date" : "09/27/2023","price" : 91.17},{"date" : "09/26/2023","price" : 92.0},{"date" : "09/25/2023","price" : 92.74},{"date" : "09/22/2023","price" : 93.68},{"date" : "09/21/2023","price" : 93.1},{"date" : "09/20/2023","price" : 95.16},{"date" : "09/19/2023","price" : 95.29},{"date" : "09/18/2023","price" : 96.76},{"date" : "09/15/2023","price" : 96.23},{"date" : "09/14/2023","price" : 97.16},{"date" : "09/13/2023","price" : 96.93},{"date" : "09/12/2023","price" : 96.24},{"date" : "09/11/2023","price" : 95.67},{"date" : "09/08/2023","price" : 95.28},{"date" : "09/07/2023","price" : 95.1},{"date" : "09/06/2023","price" : 95.95},{"date" : "09/05/2023","price" : 96.84},{"date" : "09/01/2023","price" : 98.0},{"date" : "08/31/2023","price" : 97.44},{"date" : "08/30/2023","price" : 99.24},{"date" : "08/29/2023","price" : 99.15},{"date" : "08/28/2023","price" : 97.04},{"date" : "08/25/2023","price" : 95.48},{"date" : "08/24/2023","price" : 94.83},{"date" : "08/23/2023","price" : 95.18},{"date" : "08/22/2023","price" : 96.07},{"date" : "08/21/2023","price" : 96.46},{"date" : "08/18/2023","price" : 97.23},{"date" : "08/17/2023","price" : 96.57},{"date" : "08/16/2023","price" : 98.98},{"date" : "08/15/2023","price" : 100.04},{"date" : "08/14/2023","price" : 101.01},{"date" : "08/11/2023","price" : 100.99},{"date" : "08/10/2023","price" : 101.66},{"date" : "08/09/2023","price" : 99.92},{"date" : "08/08/2023","price" : 100.695},{"date" : "08/07/2023","price" : 101.74},{"date" : "08/04/2023","price" : 100.68},{"date" : "08/03/2023","price" : 102.33},{"date" : "08/02/2023","price" : 102.13},{"date" : "08/01/2023","price" : 101.26},{"date" : "07/31/2023","price" : 101.57},{"date" : "07/28/2023","price" : 101.25},{"date" : "07/27/2023","price" : 100.78},{"date" : "07/26/2023","price" : 101.73},{"date" : "07/25/2023","price" : 102.92},{"date" : "07/24/2023","price" : 102.78},{"date" : "07/21/2023","price" : 102.82},{"date" : "07/20/2023","price" : 100.88},{"date" : "07/19/2023","price" : 101.83},{"date" : "07/18/2023","price" : 100.76},{"date" : "07/17/2023","price" : 100.93},{"date" : "07/14/2023","price" : 101.61},{"date" : "07/13/2023","price" : 101.6},{"date" : "07/12/2023","price" : 101.14},{"date" : "07/11/2023","price" : 100.09},{"date" : "07/10/2023","price" : 99.13},{"date" : "07/07/2023","price" : 96.05},{"date" : "07/06/2023","price" : 96.2},{"date" : "07/05/2023","price" : 98.46},{"date" : "07/03/2023","price" : 99.15},{"date" : "06/30/2023","price" : 99.06},{"date" : "06/29/2023","price" : 98.68},{"date" : "06/28/2023","price" : 98.61},{"date" : "06/27/2023","price" : 98.72},{"date" : "06/26/2023","price" : 98.23},{"date" : "06/23/2023","price" : 98.34},{"date" : "06/22/2023","price" : 100.85},{"date" : "06/21/2023","price" : 101.87},{"date" : "06/20/2023","price" : 101.27},{"date" : "06/16/2023","price" : 101.87},{"date" : "06/15/2023","price" : 101.38},{"date" : "06/14/2023","price" : 100.66},{"date" : "06/13/2023","price" : 99.26},{"date" : "06/12/2023","price" : 98.46},{"date" : "06/09/2023","price" : 97.96},{"date" : "06/08/2023","price" : 99.15},{"date" : "06/07/2023","price" : 97.92},{"date" : "06/06/2023","price" : 98.22},{"date" : "06/05/2023","price" : 99.93},{"date" : "06/02/2023","price" : 99.5},{"date" : "06/01/2023","price" : 97.52},{"date" : "05/31/2023","price" : 97.64},{"date" : "05/30/2023","price" : 97.75},{"date" : "05/26/2023","price" : 98.53},{"date" : "05/25/2023","price" : 98.44},{"date" : "05/24/2023","price" : 99.61},{"date" : "05/23/2023","price" : 100.34},{"date" : "05/22/2023","price" : 102.9},{"date" : "05/19/2023","price" : 105.51},{"date" : "05/18/2023","price" : 107.09},{"date" : "05/17/2023","price" : 105.69},{"date" : "05/16/2023","price" : 105.28},{"date" : "05/15/2023","price" : 106.64},{"date" : "05/12/2023","price" : 106.12},{"date" : "05/11/2023","price" : 105.63},{"date" : "05/10/2023","price" : 106.97},{"date" : "05/09/2023","price" : 106.71},{"date" : "05/08/2023","price" : 107.17},{"date" : "05/05/2023","price" : 107.21},{"date" : "05/04/2023","price" : 104.72},{"date" : "05/03/2023","price" : 103.96},{"date" : "05/02/2023","price" : 114.46},{"date" : "05/01/2023","price" : 114.56},{"date" : "04/28/2023","price" : 114.29},{"date" : "04/27/2023","price" : 112.75},{"date" : "04/26/2023","price" : 111.47},{"date" : "04/25/2023","price" : 109.34},{"date" : "04/24/2023","price" : 109.29},{"date" : "04/21/2023","price" : 108.19},{"date" : "04/20/2023","price" : 107.05},{"date" : "04/19/2023","price" : 107.16},{"date" : "04/18/2023","price" : 107.91},{"date" : "04/17/2023","price" : 108.31},{"date" : "04/14/2023","price" : 107.47},{"date" : "04/13/2023","price" : 106.99},{"date" : "04/12/2023","price" : 105.6},{"date" : "04/11/2023","price" : 105.74},{"date" : "04/10/2023","price" : 104.74},{"date" : "04/06/2023","price" : 104.68},{"date" : "04/05/2023","price" : 104.9},{"date" : "04/04/2023","price" : 104.0},{"date" : "04/03/2023","price" : 104.85},{"date" : "03/31/2023","price" : 104.13},{"date" : "03/30/2023","price" : 101.32},{"date" : "03/29/2023","price" : 100.62},{"date" : "03/28/2023","price" : 98.72},{"date" : "03/27/2023","price" : 98.66},{"date" : "03/24/2023","price" : 98.34},{"date" : "03/23/2023","price" : 98.42},{"date" : "03/22/2023","price" : 99.12},{"date" : "03/21/2023","price" : 100.54},{"date" : "03/20/2023","price" : 99.85},{"date" : "03/17/2023","price" : 98.7},{"date" : "03/16/2023","price" : 100.43},{"date" : "03/15/2023","price" : 99.34},{"date" : "03/14/2023","price" : 99.46},{"date" : "03/13/2023","price" : 99.08},{"date" : "03/10/2023","price" : 99.38},{"date" : "03/09/2023","price" : 100.3},{"date" : "03/08/2023","price" : 102.5},{"date" : "03/07/2023","price" : 103.34},{"date" : "03/06/2023","price" : 104.99},{"date" : "03/03/2023","price" : 104.55},{"date" : "03/02/2023","price" : 103.01},{"date" : "03/01/2023","price" : 101.43},{"date" : "02/28/2023","price" : 102.09},{"date" : "02/27/2023","price" : 102.44},{"date" : "02/24/2023","price" : 101.6},{"date" : "02/23/2023","price" : 103.51},{"date" : "02/22/2023","price" : 104.77},{"date" : "02/21/2023","price" : 104.78},{"date" : "02/17/2023","price" : 107.1},{"date" : "02/16/2023","price" : 107.54},{"date" : "02/15/2023","price" : 109.0},{"date" : "02/14/2023","price" : 107.98},{"date" : "02/13/2023","price" : 108.52},{"date" : "02/10/2023","price" : 107.09},{"date" : "02/09/2023","price" : 106.05},{"date" : "02/08/2023","price" : 106.3},{"date" : "02/07/2023","price" : 106.825},{"date" : "02/06/2023","price" : 105.02},{"date" : "02/03/2023","price" : 104.3},{"date" : "02/02/2023","price" : 109.15},{"date" : "02/01/2023","price" : 109.99},{"date" : "01/31/2023","price" : 109.14},{"date" : "01/30/2023","price" : 108.4},{"date" : "01/27/2023","price" : 109.02},{"date" : "01/26/2023","price" : 108.76},{"date" : "01/25/2023","price" : 106.98},{"date" : "01/24/2023","price" : 106.64},{"date" : "01/23/2023","price" : 106.21},{"date" : "01/20/2023","price" : 105.04},{"date" : "01/19/2023","price" : 104.26},{"date" : "01/18/2023","price" : 105.0},{"date" : "01/17/2023","price" : 106.75},{"date" : "01/13/2023","price" : 107.23},{"date" : "01/12/2023","price" : 105.85},{"date" : "01/11/2023","price" : 106.3},{"date" : "01/10/2023","price" : 106.0},{"date" : "01/09/2023","price" : 104.74},{"date" : "01/06/2023","price" : 106.69},{"date" : "01/05/2023","price" : 104.43},{"date" : "01/04/2023","price" : 104.46},{"date" : "01/03/2023","price" : 100.83},{"date" : "12/30/2022","price" : 99.2},{"date" : "12/29/2022","price" : 99.77},{"date" : "12/28/2022","price" : 98.6},{"date" : "12/27/2022","price" : 99.2},{"date" : "12/23/2022","price" : 98.27},{"date" : "12/22/2022","price" : 97.76},{"date" : "12/21/2022","price" : 98.67},{"date" : "12/20/2022","price" : 98.0},{"date" : "12/19/2022","price" : 98.3},{"date" : "12/16/2022","price" : 98.83},{"date" : "12/15/2022","price" : 99.99},{"date" : "12/14/2022","price" : 102.19},{"date" : "12/13/2022","price" : 102.11},{"date" : "12/12/2022","price" : 102.7},{"date" : "12/09/2022","price" : 101.79},{"date" : "12/08/2022","price" : 103.74},{"date" : "12/07/2022","price" : 101.87},{"date" : "12/06/2022","price" : 102.08},{"date" : "12/05/2022","price" : 103.55},{"date" : "12/02/2022","price" : 105.05},{"date" : "12/01/2022","price" : 103.37},{"date" : "11/30/2022","price" : 102.2},{"date" : "11/29/2022","price" : 98.66},{"date" : "11/28/2022","price" : 98.66},{"date" : "11/25/2022","price" : 99.56},{"date" : "11/23/2022","price" : 99.52},{"date" : "11/22/2022","price" : 98.43},{"date" : "11/21/2022","price" : 98.32},{"date" : "11/18/2022","price" : 97.95},{"date" : "11/17/2022","price" : 96.97},{"date" : "11/16/2022","price" : 97.07},{"date" : "11/15/2022","price" : 97.83},{"date" : "11/14/2022","price" : 97.42},{"date" : "11/11/2022","price" : 97.38},{"date" : "11/10/2022","price" : 96.26},{"date" : "11/09/2022","price" : 91.63},{"date" : "11/08/2022","price" : 92.75},{"date" : "11/07/2022","price" : 90.45},{"date" : "11/04/2022","price" : 91.86},{"date" : "11/03/2022","price" : 84.68},{"date" : "11/02/2022","price" : 84.58},{"date" : "11/01/2022","price" : 87.1},{"date" : "10/31/2022","price" : 86.59},{"date" : "10/28/2022","price" : 87.1},{"date" : "10/27/2022","price" : 85.28},{"date" : "10/26/2022","price" : 85.89},{"date" : "10/25/2022","price" : 85.21},{"date" : "10/24/2022","price" : 83.76},{"date" : "10/21/2022","price" : 88.61},{"date" : "10/20/2022","price" : 86.79},{"date" : "10/19/2022","price" : 87.52},{"date" : "10/18/2022","price" : 88.96},{"date" : "10/17/2022","price" : 88.9},{"date" : "10/14/2022","price" : 86.37},{"date" : "10/13/2022","price" : 89.37},{"date" : "10/12/2022","price" : 86.87},{"date" : "10/11/2022","price" : 86.21},{"date" : "10/10/2022","price" : 87.06},{"date" : "10/07/2022","price" : 87.03},{"date" : "10/06/2022","price" : 89.35},{"date" : "10/05/2022","price" : 90.12},{"date" : "10/04/2022","price" : 88.51},{"date" : "10/03/2022","price" : 85.62},{"date" : "09/30/2022","price" : 84.26},{"date" : "09/29/2022","price" : 86.57},{"date" : "09/28/2022","price" : 87.11},{"date" : "09/27/2022","price" : 84.28},{"date" : "09/26/2022","price" : 84.81},{"date" : "09/23/2022","price" : 84.17},{"date" : "09/22/2022","price" : 84.7},{"date" : "09/21/2022","price" : 88.6},{"date" : "09/20/2022","price" : 90.79},{"date" : "09/19/2022","price" : 92.14},{"date" : "09/16/2022","price" : 91.31},{"date" : "09/15/2022","price" : 92.22},{"date" : "09/14/2022","price" : 92.7},{"date" : "09/13/2022","price" : 87.84},{"date" : "09/12/2022","price" : 89.07},{"date" : "09/09/2022","price" : 88.69},{"date" : "09/08/2022","price" : 89.46},{"date" : "09/07/2022","price" : 88.31},{"date" : "09/06/2022","price" : 84.52},{"date" : "09/02/2022","price" : 82.94},{"date" : "09/01/2022","price" : 85.4},{"date" : "08/31/2022","price" : 84.07},{"date" : "08/30/2022","price" : 83.41},{"date" : "08/29/2022","price" : 84.12},{"date" : "08/26/2022","price" : 84.06},{"date" : "08/25/2022","price" : 87.39},{"date" : "08/24/2022","price" : 86.05},{"date" : "08/23/2022","price" : 84.69},{"date" : "08/22/2022","price" : 84.95},{"date" : "08/19/2022","price" : 86.92},{"date" : "08/18/2022","price" : 88.55},{"date" : "08/17/2022","price" : 88.35},{"date" : "08/16/2022","price" : 89.4},{"date" : "08/15/2022","price" : 89.16},{"date" : "08/12/2022","price" : 88.31},{"date" : "08/11/2022","price" : 87.27},{"date" : "08/10/2022","price" : 86.49},{"date" : "08/09/2022","price" : 84.84},{"date" : "08/08/2022","price" : 85.72},{"date" : "08/05/2022","price" : 85.73},{"date" : "08/04/2022","price" : 86.88},{"date" : "08/03/2022","price" : 87.27},{"date" : "08/02/2022","price" : 83.71},{"date" : "08/01/2022","price" : 84.91},{"date" : "07/29/2022","price" : 84.78},{"date" : "07/28/2022","price" : 84.67},{"date" : "07/27/2022","price" : 82.96},{"date" : "07/26/2022","price" : 80.31},{"date" : "07/25/2022","price" : 81.5},{"date" : "07/22/2022","price" : 83.59},{"date" : "07/21/2022","price" : 83.54},{"date" : "07/20/2022","price" : 83.27},{"date" : "07/19/2022","price" : 82.55},{"date" : "07/18/2022","price" : 80.23},{"date" : "07/15/2022","price" : 79.62},{"date" : "07/14/2022","price" : 78.2},{"date" : "07/13/2022","price" : 77.92},{"date" : "07/12/2022","price" : 77.76},{"date" : "07/11/2022","price" : 77.9},{"date" : "07/08/2022","price" : 79.28},{"date" : "07/07/2022","price" : 79.24},{"date" : "07/06/2022","price" : 78.86},{"date" : "07/05/2022","price" : 79.52},{"date" : "07/01/2022","price" : 79.26},{"date" : "06/30/2022","price" : 76.39},{"date" : "06/29/2022","price" : 76.43},{"date" : "06/28/2022","price" : 76.34},{"date" : "06/27/2022","price" : 77.68},{"date" : "06/24/2022","price" : 78.11},{"date" : "06/23/2022","price" : 75.2},{"date" : "06/22/2022","price" : 73.3},{"date" : "06/21/2022","price" : 72.96},{"date" : "06/17/2022","price" : 71.87},{"date" : "06/16/2022","price" : 70.95},{"date" : "06/15/2022","price" : 74.19},{"date" : "06/14/2022","price" : 72.31},{"date" : "06/13/2022","price" : 72.36},{"date" : "06/10/2022","price" : 75.67},{"date" : "06/09/2022","price" : 78.91},{"date" : "06/08/2022","price" : 78.47},{"date" : "06/07/2022","price" : 79.47},{"date" : "06/06/2022","price" : 78.98},{"date" : "06/03/2022","price" : 79.05},{"date" : "06/02/2022","price" : 79.42},{"date" : "06/01/2022","price" : 76.28},{"date" : "05/31/2022","price" : 78.5},{"date" : "05/27/2022","price" : 76.71},{"date" : "05/26/2022","price" : 74.49},{"date" : "05/25/2022","price" : 72.48},{"date" : "05/24/2022","price" : 72.72},{"date" : "05/23/2022","price" : 73.42},{"date" : "05/20/2022","price" : 73.39},{"date" : "05/19/2022","price" : 71.93},{"date" : "05/18/2022","price" : 71.28},{"date" : "05/17/2022","price" : 73.72},{"date" : "05/16/2022","price" : 72.42},{"date" : "05/13/2022","price" : 75.6},{"date" : "05/12/2022","price" : 69.9},{"date" : "05/11/2022","price" : 70.06},{"date" : "05/10/2022","price" : 71.86},{"date" : "05/09/2022","price" : 73.49},{"date" : "05/06/2022","price" : 76.52},{"date" : "05/05/2022","price" : 77.48},{"date" : "05/04/2022","price" : 81.64},{"date" : "05/03/2022","price" : 74.33},{"date" : "05/02/2022","price" : 75.37},{"date" : "04/29/2022","price" : 74.64},{"date" : "04/28/2022","price" : 76.58},{"date" : "04/27/2022","price" : 74.74},{"date" : "04/26/2022","price" : 75.63},{"date" : "04/25/2022","price" : 77.98},{"date" : "04/22/2022","price" : 77.92},{"date" : "04/21/2022","price" : 78.96},{"date" : "04/20/2022","price" : 80.17},{"date" : "04/19/2022","price" : 81.22},{"date" : "04/18/2022","price" : 79.6},{"date" : "04/14/2022","price" : 79.5},{"date" : "04/13/2022","price" : 80.92},{"date" : "04/12/2022","price" : 79.79},{"date" : "04/11/2022","price" : 80.68},{"date" : "04/08/2022","price" : 81.52},{"date" : "04/07/2022","price" : 83.12},{"date" : "04/06/2022","price" : 83.36},{"date" : "04/05/2022","price" : 84.12},{"date" : "04/04/2022","price" : 88.09},{"date" : "04/01/2022","price" : 91.49},{"date" : "03/31/2022","price" : 90.97},{"date" : "03/30/2022","price" : 91.03},{"date" : "03/29/2022","price" : 91.23},{"date" : "03/28/2022","price" : 88.38},{"date" : "03/25/2022","price" : 87.45},{"date" : "03/24/2022","price" : 87.12},{"date" : "03/23/2022","price" : 86.22},{"date" : "03/22/2022","price" : 87.89},{"date" : "03/21/2022","price" : 86.86},{"date" : "03/18/2022","price" : 89.6},{"date" : "03/17/2022","price" : 87.66},{"date" : "03/16/2022","price" : 87.41},{"date" : "03/15/2022","price" : 83.12},{"date" : "03/14/2022","price" : 79.29},{"date" : "03/11/2022","price" : 82.73},{"date" : "03/10/2022","price" : 87.16},{"date" : "03/09/2022","price" : 87.6},{"date" : "03/08/2022","price" : 84.0},{"date" : "03/07/2022","price" : 84.46},{"date" : "03/04/2022","price" : 90.03},{"date" : "03/03/2022","price" : 91.53},{"date" : "03/02/2022","price" : 92.77},{"date" : "03/01/2022","price" : 90.14},{"date" : "02/28/2022","price" : 91.79},{"date" : "02/25/2022","price" : 92.58},{"date" : "02/24/2022","price" : 91.01},{"date" : "02/23/2022","price" : 89.65},{"date" : "02/22/2022","price" : 93.11},{"date" : "02/18/2022","price" : 93.34},{"date" : "02/17/2022","price" : 93.05},{"date" : "02/16/2022","price" : 95.18},{"date" : "02/15/2022","price" : 94.51},{"date" : "02/14/2022","price" : 93.65},{"date" : "02/11/2022","price" : 93.73},{"date" : "02/10/2022","price" : 95.31},{"date" : "02/09/2022","price" : 97.13},{"date" : "02/08/2022","price" : 94.92},{"date" : "02/07/2022","price" : 95.19},{"date" : "02/04/2022","price" : 95.0},{"date" : "02/03/2022","price" : 95.94},{"date" : "02/02/2022","price" : 97.73},{"date" : "02/01/2022","price" : 98.76},{"date" : "01/31/2022","price" : 98.32},{"date" : "01/28/2022","price" : 97.21},{"date" : "01/27/2022","price" : 95.32},{"date" : "01/26/2022","price" : 95.58},{"date" : "01/25/2022","price" : 97.01},{"date" : "01/24/2022","price" : 98.1},{"date" : "01/21/2022","price" : 96.31},{"date" : "01/20/2022","price" : 95.72},{"date" : "01/19/2022","price" : 96.87},{"date" : "01/18/2022","price" : 97.73},{"date" : "01/14/2022","price" : 100.12},{"date" : "01/13/2022","price" : 102.4},{"date" : "01/12/2022","price" : 103.87},{"date" : "01/11/2022","price" : 104.04},{"date" : "01/10/2022","price" : 106.03},{"date" : "01/07/2022","price" : 107.57},{"date" : "01/06/2022","price" : 111.14},{"date" : "01/05/2022","price" : 110.44},{"date" : "01/04/2022","price" : 114.24},{"date" : "01/03/2022","price" : 116.68},{"date" : "12/31/2021","price" : 116.97},{"date" : "12/30/2021","price" : 116.24},{"date" : "12/29/2021","price" : 116.38},{"date" : "12/28/2021","price" : 115.57},{"date" : "12/27/2021","price" : 114.22},{"date" : "12/23/2021","price" : 112.37},{"date" : "12/22/2021","price" : 111.74},{"date" : "12/21/2021","price" : 110.37},{"date" : "12/20/2021","price" : 108.09},{"date" : "12/17/2021","price" : 108.63},{"date" : "12/16/2021","price" : 113.59},{"date" : "12/15/2021","price" : 114.68},{"date" : "12/14/2021","price" : 114.71},{"date" : "12/13/2021","price" : 115.56},{"date" : "12/10/2021","price" : 116.73},{"date" : "12/09/2021","price" : 115.35},{"date" : "12/08/2021","price" : 116.25},{"date" : "12/07/2021","price" : 116.26},{"date" : "12/06/2021","price" : 113.36},{"date" : "12/03/2021","price" : 111.24},{"date" : "12/02/2021","price" : 111.42},{"date" : "12/01/2021","price" : 108.66},{"date" : "11/30/2021","price" : 109.64},{"date" : "11/29/2021","price" : 110.73},{"date" : "11/26/2021","price" : 110.66},{"date" : "11/24/2021","price" : 113.97},{"date" : "11/23/2021","price" : 113.58},{"date" : "11/22/2021","price" : 111.45},{"date" : "11/19/2021","price" : 110.78},{"date" : "11/18/2021","price" : 112.9},{"date" : "11/17/2021","price" : 112.52},{"date" : "11/16/2021","price" : 112.23},{"date" : "11/15/2021","price" : 111.87},{"date" : "11/12/2021","price" : 111.72},{"date" : "11/11/2021","price" : 111.44},{"date" : "11/10/2021","price" : 113.25},{"date" : "11/09/2021","price" : 114.13},{"date" : "11/08/2021","price" : 115.16},{"date" : "11/05/2021","price" : 116.91},{"date" : "11/04/2021","price" : 112.16},{"date" : "11/03/2021","price" : 112.61},{"date" : "11/02/2021","price" : 111.45},{"date" : "11/01/2021","price" : 109.8},{"date" : "10/29/2021","price" : 106.07},{"date" : "10/28/2021","price" : 113.2},{"date" : "10/27/2021","price" : 113.51},{"date" : "10/26/2021","price" : 114.92},{"date" : "10/25/2021","price" : 114.71},{"date" : "10/22/2021","price" : 114.55},{"date" : "10/21/2021","price" : 114.44},{"date" : "10/20/2021","price" : 113.86},{"date" : "10/19/2021","price" : 113.49},{"date" : "10/18/2021","price" : 113.37},{"date" : "10/15/2021","price" : 111.45},{"date" : "10/14/2021","price" : 111.87},{"date" : "10/13/2021","price" : 110.76},{"date" : "10/12/2021","price" : 111.0},{"date" : "10/11/2021","price" : 110.94},{"date" : "10/08/2021","price" : 111.22},{"date" : "10/07/2021","price" : 112.21},{"date" : "10/06/2021","price" : 111.64},{"date" : "10/05/2021","price" : 110.85},{"date" : "10/04/2021","price" : 111.46},{"date" : "10/01/2021","price" : 112.92},{"date" : "09/30/2021","price" : 110.31},{"date" : "09/29/2021","price" : 112.17},{"date" : "09/28/2021","price" : 111.71},{"date" : "09/27/2021","price" : 113.68},{"date" : "09/24/2021","price" : 114.11},{"date" : "09/23/2021","price" : 114.14},{"date" : "09/22/2021","price" : 113.07},{"date" : "09/21/2021","price" : 112.22},{"date" : "09/20/2021","price" : 111.82},{"date" : "09/17/2021","price" : 113.41},{"date" : "09/16/2021","price" : 114.67},{"date" : "09/15/2021","price" : 114.64},{"date" : "09/14/2021","price" : 118.86},{"date" : "09/13/2021","price" : 119.18},{"date" : "09/10/2021","price" : 119.34},{"date" : "09/09/2021","price" : 118.79},{"date" : "09/08/2021","price" : 118.04},{"date" : "09/07/2021","price" : 115.79},{"date" : "09/03/2021","price" : 117.19},{"date" : "09/02/2021","price" : 117.37},{"date" : "09/01/2021","price" : 117.45},{"date" : "08/31/2021","price" : 117.49},{"date" : "08/30/2021","price" : 115.61},{"date" : "08/27/2021","price" : 115.12},{"date" : "08/26/2021","price" : 114.32},{"date" : "08/25/2021","price" : 115.57},{"date" : "08/24/2021","price" : 115.08},{"date" : "08/23/2021","price" : 115.15},{"date" : "08/20/2021","price" : 114.63},{"date" : "08/19/2021","price" : 114.32},{"date" : "08/18/2021","price" : 115.68},{"date" : "08/17/2021","price" : 116.57},{"date" : "08/16/2021","price" : 117.54},{"date" : "08/13/2021","price" : 116.76},{"date" : "08/12/2021","price" : 115.75},{"date" : "08/11/2021","price" : 116.5},{"date" : "08/10/2021","price" : 116.39},{"date" : "08/09/2021","price" : 117.94},{"date" : "08/06/2021","price" : 119.05},{"date" : "08/05/2021","price" : 119.03},{"date" : "08/04/2021","price" : 118.25},{"date" : "08/03/2021","price" : 119.13},{"date" : "08/02/2021","price" : 120.37},{"date" : "07/30/2021","price" : 121.43},{"date" : "07/29/2021","price" : 122.38},{"date" : "07/28/2021","price" : 122.41},{"date" : "07/27/2021","price" : 126.03},{"date" : "07/26/2021","price" : 126.06},{"date" : "07/23/2021","price" : 125.97},{"date" : "07/22/2021","price" : 122.63},{"date" : "07/21/2021","price" : 119.27},{"date" : "07/20/2021","price" : 117.42},{"date" : "07/19/2021","price" : 115.32},{"date" : "07/16/2021","price" : 118.73},{"date" : "07/15/2021","price" : 118.97},{"date" : "07/14/2021","price" : 119.8},{"date" : "07/13/2021","price" : 119.55},{"date" : "07/12/2021","price" : 118.46},{"date" : "07/09/2021","price" : 117.47},{"date" : "07/08/2021","price" : 115.99},{"date" : "07/07/2021","price" : 117.14},{"date" : "07/06/2021","price" : 115.73},{"date" : "07/02/2021","price" : 114.97},{"date" : "07/01/2021","price" : 113.41},{"date" : "06/30/2021","price" : 111.81},{"date" : "06/29/2021","price" : 112.27},{"date" : "06/28/2021","price" : 112.24},{"date" : "06/25/2021","price" : 113.04},{"date" : "06/24/2021","price" : 111.99},{"date" : "06/23/2021","price" : 111.56},{"date" : "06/22/2021","price" : 111.85},{"date" : "06/21/2021","price" : 110.97},{"date" : "06/18/2021","price" : 109.7},{"date" : "06/17/2021","price" : 111.39},{"date" : "06/16/2021","price" : 111.36},{"date" : "06/15/2021","price" : 111.89},{"date" : "06/14/2021","price" : 112.45},{"date" : "06/11/2021","price" : 112.56},{"date" : "06/10/2021","price" : 112.21},{"date" : "06/09/2021","price" : 111.39},{"date" : "06/08/2021","price" : 111.52},{"date" : "06/07/2021","price" : 111.33},{"date" : "06/04/2021","price" : 111.99},{"date" : "06/03/2021","price" : 111.12},{"date" : "06/02/2021","price" : 113.0},{"date" : "06/01/2021","price" : 113.34},{"date" : "05/28/2021","price" : 113.88},{"date" : "05/27/2021","price" : 113.51},{"date" : "05/26/2021","price" : 112.85},{"date" : "05/25/2021","price" : 112.63},{"date" : "05/24/2021","price" : 112.52},{"date" : "05/21/2021","price" : 110.92},{"date" : "05/20/2021","price" : 111.41},{"date" : "05/19/2021","price" : 109.67},{"date" : "05/18/2021","price" : 111.07},{"date" : "05/17/2021","price" : 110.98},{"date" : "05/14/2021","price" : 111.2},{"date" : "05/13/2021","price" : 110.49},{"date" : "05/12/2021","price" : 109.79},{"date" : "05/11/2021","price" : 113.55},{"date" : "05/10/2021","price" : 114.3},{"date" : "05/07/2021","price" : 114.34},{"date" : "05/06/2021","price" : 114.74},{"date" : "05/05/2021","price" : 113.48},{"date" : "05/04/2021","price" : 114.11},{"date" : "05/03/2021","price" : 115.72},{"date" : "04/30/2021","price" : 114.49},{"date" : "04/29/2021","price" : 114.63},{"date" : "04/28/2021","price" : 112.4},{"date" : "04/27/2021","price" : 116.15},{"date" : "04/26/2021","price" : 115.92},{"date" : "04/23/2021","price" : 117.56},{"date" : "04/22/2021","price" : 115.92},{"date" : "04/21/2021","price" : 116.74},{"date" : "04/20/2021","price" : 116.27},{"date" : "04/19/2021","price" : 117.6},{"date" : "04/16/2021","price" : 118.34},{"date" : "04/15/2021","price" : 116.66},{"date" : "04/14/2021","price" : 115.16},{"date" : "04/13/2021","price" : 115.36},{"date" : "04/12/2021","price" : 113.81},{"date" : "04/09/2021","price" : 113.18},{"date" : "04/08/2021","price" : 113.04},{"date" : "04/07/2021","price" : 113.19},{"date" : "04/06/2021","price" : 113.15},{"date" : "04/05/2021","price" : 111.02},{"date" : "04/01/2021","price" : 109.38},{"date" : "03/31/2021","price" : 109.27},{"date" : "03/30/2021","price" : 110.27},{"date" : "03/29/2021","price" : 109.13},{"date" : "03/26/2021","price" : 109.9},{"date" : "03/25/2021","price" : 107.35},{"date" : "03/24/2021","price" : 104.97},{"date" : "03/23/2021","price" : 106.25},{"date" : "03/22/2021","price" : 107.57},{"date" : "03/19/2021","price" : 106.34},{"date" : "03/18/2021","price" : 107.62},{"date" : "03/17/2021","price" : 110.46},{"date" : "03/16/2021","price" : 111.34},{"date" : "03/15/2021","price" : 108.9},{"date" : "03/12/2021","price" : 107.81},{"date" : "03/11/2021","price" : 107.32},{"date" : "03/10/2021","price" : 107.78},{"date" : "03/09/2021","price" : 106.55},{"date" : "03/08/2021","price" : 105.03},{"date" : "03/05/2021","price" : 105.2},{"date" : "03/04/2021","price" : 104.89},{"date" : "03/03/2021","price" : 106.22},{"date" : "03/02/2021","price" : 107.2},{"date" : "03/01/2021","price" : 106.87},{"date" : "02/26/2021","price" : 108.03},{"date" : "02/25/2021","price" : 103.47},{"date" : "02/24/2021","price" : 104.38},{"date" : "02/23/2021","price" : 101.37},{"date" : "02/22/2021","price" : 101.81},{"date" : "02/19/2021","price" : 103.37},{"date" : "02/18/2021","price" : 104.97},{"date" : "02/17/2021","price" : 104.44},{"date" : "02/16/2021","price" : 106.15},{"date" : "02/12/2021","price" : 105.3},{"date" : "02/11/2021","price" : 105.86},{"date" : "02/10/2021","price" : 105.87},{"date" : "02/09/2021","price" : 106.22},{"date" : "02/08/2021","price" : 106.26},{"date" : "02/05/2021","price" : 106.48},{"date" : "02/04/2021","price" : 103.64},{"date" : "02/03/2021","price" : 101.02},{"date" : "02/02/2021","price" : 101.65},{"date" : "02/01/2021","price" : 98.58},{"date" : "01/29/2021","price" : 96.81},{"date" : "01/28/2021","price" : 98.15},{"date" : "01/27/2021","price" : 97.87},{"date" : "01/26/2021","price" : 104.69},{"date" : "01/25/2021","price" : 103.45},{"date" : "01/22/2021","price" : 103.91},{"date" : "01/21/2021","price" : 104.58},{"date" : "01/20/2021","price" : 105.46},{"date" : "01/19/2021","price" : 102.54},{"date" : "01/15/2021","price" : 102.33},{"date" : "01/14/2021","price" : 101.82},{"date" : "01/13/2021","price" : 102.89},{"date" : "01/12/2021","price" : 102.82},{"date" : "01/11/2021","price" : 104.6},{"date" : "01/08/2021","price" : 105.67},{"date" : "01/07/2021","price" : 103.35},{"date" : "01/06/2021","price" : 104.19},{"date" : "01/05/2021","price" : 103.44},{"date" : "01/04/2021","price" : 103.1},{"date" : "12/31/2020","price" : 106.98},{"date" : "12/30/2020","price" : 105.97},{"date" : "12/29/2020","price" : 105.63},{"date" : "12/28/2020","price" : 104.34},{"date" : "12/24/2020","price" : 102.01},{"date" : "12/23/2020","price" : 102.06},{"date" : "12/22/2020","price" : 102.41},{"date" : "12/21/2020","price" : 102.94},{"date" : "12/18/2020","price" : 103.28},{"date" : "12/17/2020","price" : 103.21},{"date" : "12/16/2020","price" : 103.27},{"date" : "12/15/2020","price" : 104.18},{"date" : "12/14/2020","price" : 103.32},{"date" : "12/11/2020","price" : 103.0},{"date" : "12/10/2020","price" : 105.39},{"date" : "12/09/2020","price" : 100.4},{"date" : "12/08/2020","price" : 101.21},{"date" : "12/07/2020","price" : 101.41},{"date" : "12/04/2020","price" : 102.28},{"date" : "12/03/2020","price" : 100.11},{"date" : "12/02/2020","price" : 98.91},{"date" : "12/01/2020","price" : 98.82},{"date" : "11/30/2020","price" : 98.02},{"date" : "11/27/2020","price" : 98.66},{"date" : "11/25/2020","price" : 98.2},{"date" : "11/24/2020","price" : 98.3},{"date" : "11/23/2020","price" : 96.88},{"date" : "11/20/2020","price" : 97.01},{"date" : "11/19/2020","price" : 97.76},{"date" : "11/18/2020","price" : 97.91},{"date" : "11/17/2020","price" : 98.6},{"date" : "11/16/2020","price" : 97.78},{"date" : "11/13/2020","price" : 95.56},{"date" : "11/12/2020","price" : 93.53},{"date" : "11/11/2020","price" : 95.04},{"date" : "11/10/2020","price" : 93.92},{"date" : "11/09/2020","price" : 95.88},{"date" : "11/06/2020","price" : 90.65},{"date" : "11/05/2020","price" : 90.62},{"date" : "11/04/2020","price" : 89.79},{"date" : "11/03/2020","price" : 88.39},{"date" : "11/02/2020","price" : 85.97},{"date" : "10/30/2020","price" : 86.96},{"date" : "10/29/2020","price" : 88.3},{"date" : "10/28/2020","price" : 87.17},{"date" : "10/27/2020","price" : 90.05},{"date" : "10/26/2020","price" : 89.66},{"date" : "10/23/2020","price" : 90.8},{"date" : "10/22/2020","price" : 89.36},{"date" : "10/21/2020","price" : 88.27},{"date" : "10/20/2020","price" : 88.51},{"date" : "10/19/2020","price" : 87.6},{"date" : "10/16/2020","price" : 88.52},{"date" : "10/15/2020","price" : 88.83},{"date" : "10/14/2020","price" : 89.31},{"date" : "10/13/2020","price" : 90.16},{"date" : "10/12/2020","price" : 90.78},{"date" : "10/09/2020","price" : 90.01},{"date" : "10/08/2020","price" : 89.53},{"date" : "10/07/2020","price" : 88.45},{"date" : "10/06/2020","price" : 87.01},{"date" : "10/05/2020","price" : 88.47},{"date" : "10/02/2020","price" : 86.57},{"date" : "10/01/2020","price" : 86.74},{"date" : "09/30/2020","price" : 85.92},{"date" : "09/29/2020","price" : 84.8},{"date" : "09/28/2020","price" : 86.07},{"date" : "09/25/2020","price" : 84.3},{"date" : "09/24/2020","price" : 83.04},{"date" : "09/23/2020","price" : 82.99},{"date" : "09/22/2020","price" : 83.95},{"date" : "09/21/2020","price" : 83.89},{"date" : "09/18/2020","price" : 84.95},{"date" : "09/17/2020","price" : 86.75},{"date" : "09/16/2020","price" : 88.38},{"date" : "09/15/2020","price" : 87.71},{"date" : "09/14/2020","price" : 86.63},{"date" : "09/11/2020","price" : 85.27},{"date" : "09/10/2020","price" : 84.88},{"date" : "09/09/2020","price" : 85.86},{"date" : "09/08/2020","price" : 85.41},{"date" : "09/04/2020","price" : 86.27},{"date" : "09/03/2020","price" : 86.48},{"date" : "09/02/2020","price" : 88.35},{"date" : "09/01/2020","price" : 86.05},{"date" : "08/31/2020","price" : 84.47},{"date" : "08/28/2020","price" : 85.0},{"date" : "08/27/2020","price" : 83.41},{"date" : "08/26/2020","price" : 82.41},{"date" : "08/25/2020","price" : 82.72},{"date" : "08/24/2020","price" : 78.68},{"date" : "08/21/2020","price" : 77.07},{"date" : "08/20/2020","price" : 77.22},{"date" : "08/19/2020","price" : 77.63},{"date" : "08/18/2020","price" : 78.99},{"date" : "08/17/2020","price" : 78.95},{"date" : "08/14/2020","price" : 78.37},{"date" : "08/13/2020","price" : 79.02},{"date" : "08/12/2020","price" : 79.29},{"date" : "08/11/2020","price" : 78.87},{"date" : "08/10/2020","price" : 77.47},{"date" : "08/07/2020","price" : 75.79},{"date" : "08/06/2020","price" : 75.66},{"date" : "08/05/2020","price" : 75.78},{"date" : "08/04/2020","price" : 75.13},{"date" : "08/03/2020","price" : 75.5},{"date" : "07/31/2020","price" : 76.53},{"date" : "07/30/2020","price" : 76.64},{"date" : "07/29/2020","price" : 77.42},{"date" : "07/28/2020","price" : 74.64},{"date" : "07/27/2020","price" : 76.46},{"date" : "07/24/2020","price" : 75.78},{"date" : "07/23/2020","price" : 75.36},{"date" : "07/22/2020","price" : 77.24},{"date" : "07/21/2020","price" : 75.44},{"date" : "07/20/2020","price" : 74.96},{"date" : "07/17/2020","price" : 74.16},{"date" : "07/16/2020","price" : 74.39},{"date" : "07/15/2020","price" : 75.61},{"date" : "07/14/2020","price" : 72.73},{"date" : "07/13/2020","price" : 72.65},{"date" : "07/10/2020","price" : 74.29},{"date" : "07/09/2020","price" : 73.57},{"date" : "07/08/2020","price" : 74.14},{"date" : "07/07/2020","price" : 74.25},{"date" : "07/06/2020","price" : 75.44},{"date" : "07/02/2020","price" : 73.78},{"date" : "07/01/2020","price" : 74.03},{"date" : "06/30/2020","price" : 73.59},{"date" : "06/29/2020","price" : 73.48},{"date" : "06/26/2020","price" : 71.57},{"date" : "06/25/2020","price" : 73.85},{"date" : "06/24/2020","price" : 73.64},{"date" : "06/23/2020","price" : 75.49},{"date" : "06/22/2020","price" : 75.4},{"date" : "06/19/2020","price" : 75.4},{"date" : "06/18/2020","price" : 76.31},{"date" : "06/17/2020","price" : 77.1},{"date" : "06/16/2020","price" : 77.84},{"date" : "06/15/2020","price" : 76.96},{"date" : "06/12/2020","price" : 76.38},{"date" : "06/11/2020","price" : 72.57},{"date" : "06/10/2020","price" : 79.01},{"date" : "06/09/2020","price" : 82.37},{"date" : "06/08/2020","price" : 83.56},{"date" : "06/05/2020","price" : 82.14},{"date" : "06/04/2020","price" : 78.74},{"date" : "06/03/2020","price" : 79.58},{"date" : "06/02/2020","price" : 77.78},{"date" : "06/01/2020","price" : 78.32},{"date" : "05/29/2020","price" : 77.99},{"date" : "05/28/2020","price" : 78.54},{"date" : "05/27/2020","price" : 78.6},{"date" : "05/26/2020","price" : 77.76},{"date" : "05/22/2020","price" : 77.62},{"date" : "05/21/2020","price" : 78.05},{"date" : "05/20/2020","price" : 77.76},{"date" : "05/19/2020","price" : 75.86},{"date" : "05/18/2020","price" : 76.23},{"date" : "05/15/2020","price" : 74.16},{"date" : "05/14/2020","price" : 74.19},{"date" : "05/13/2020","price" : 73.62},{"date" : "05/12/2020","price" : 74.35},{"date" : "05/11/2020","price" : 75.87},{"date" : "05/08/2020","price" : 77.87},{"date" : "05/07/2020","price" : 76.0},{"date" : "05/06/2020","price" : 72.96},{"date" : "05/05/2020","price" : 72.9},{"date" : "05/04/2020","price" : 71.89},{"date" : "05/01/2020","price" : 73.79},{"date" : "04/30/2020","price" : 76.73},{"date" : "04/29/2020","price" : 76.86},{"date" : "04/28/2020","price" : 78.69},{"date" : "04/27/2020","price" : 77.74},{"date" : "04/24/2020","price" : 75.58},{"date" : "04/23/2020","price" : 75.15},{"date" : "04/22/2020","price" : 77.45},{"date" : "04/21/2020","price" : 72.72},{"date" : "04/20/2020","price" : 75.32},{"date" : "04/17/2020","price" : 77.1},{"date" : "04/16/2020","price" : 73.51},{"date" : "04/15/2020","price" : 72.55},{"date" : "04/14/2020","price" : 73.67},{"date" : "04/13/2020","price" : 71.76},{"date" : "04/09/2020","price" : 73.88},{"date" : "04/08/2020","price" : 71.57},{"date" : "04/07/2020","price" : 68.71},{"date" : "04/06/2020","price" : 67.79},{"date" : "04/03/2020","price" : 63.05},{"date" : "04/02/2020","price" : 65.0},{"date" : "04/01/2020","price" : 62.62},{"date" : "03/31/2020","price" : 65.74},{"date" : "03/30/2020","price" : 67.86},{"date" : "03/27/2020","price" : 66.34},{"date" : "03/26/2020","price" : 69.9},{"date" : "03/25/2020","price" : 65.81},{"date" : "03/24/2020","price" : 64.88},{"date" : "03/23/2020","price" : 56.55},{"date" : "03/20/2020","price" : 58.03},{"date" : "03/19/2020","price" : 61.41},{"date" : "03/18/2020","price" : 56.33},{"date" : "03/17/2020","price" : 58.98},{"date" : "03/16/2020","price" : 58.59},{"date" : "03/13/2020","price" : 69.92},{"date" : "03/12/2020","price" : 62.1},{"date" : "03/11/2020","price" : 68.3},{"date" : "03/10/2020","price" : 74.87},{"date" : "03/09/2020","price" : 70.83},{"date" : "03/06/2020","price" : 75.34},{"date" : "03/05/2020","price" : 76.19},{"date" : "03/04/2020","price" : 79.67},{"date" : "03/03/2020","price" : 78.6},{"date" : "03/02/2020","price" : 82.38},{"date" : "02/28/2020","price" : 78.43},{"date" : "02/27/2020","price" : 78.29},{"date" : "02/26/2020","price" : 80.67},{"date" : "02/25/2020","price" : 82.19},{"date" : "02/24/2020","price" : 84.52},{"date" : "02/21/2020","price" : 87.36},{"date" : "02/20/2020","price" : 88.6},{"date" : "02/19/2020","price" : 90.14},{"date" : "02/18/2020","price" : 89.23},{"date" : "02/14/2020","price" : 89.28},{"date" : "02/13/2020","price" : 89.925},{"date" : "02/12/2020","price" : 88.57},{"date" : "02/11/2020","price" : 87.51},{"date" : "02/10/2020","price" : 87.53},{"date" : "02/07/2020","price" : 86.42},{"date" : "02/06/2020","price" : 86.15},{"date" : "02/05/2020","price" : 87.56},{"date" : "02/04/2020","price" : 88.38},{"date" : "02/03/2020","price" : 86.01},{"date" : "01/31/2020","price" : 84.83},{"date" : "01/30/2020","price" : 85.84},{"date" : "01/29/2020","price" : 86.72},{"date" : "01/28/2020","price" : 88.6},{"date" : "01/27/2020","price" : 88.73},{"date" : "01/24/2020","price" : 92.03},{"date" : "01/23/2020","price" : 93.75},{"date" : "01/22/2020","price" : 92.53},{"date" : "01/21/2020","price" : 92.53},{"date" : "01/17/2020","price" : 93.62},{"date" : "01/16/2020","price" : 92.58},{"date" : "01/15/2020","price" : 91.54},{"date" : "01/14/2020","price" : 90.99},{"date" : "01/13/2020","price" : 91.08},{"date" : "01/10/2020","price" : 90.16},{"date" : "01/09/2020","price" : 90.53},{"date" : "01/08/2020","price" : 88.88},{"date" : "01/07/2020","price" : 87.86},{"date" : "01/06/2020","price" : 88.13},{"date" : "01/03/2020","price" : 88.83},{"date" : "01/02/2020","price" : 89.35},{"date" : "12/31/2019","price" : 87.92},{"date" : "12/30/2019","price" : 87.44},{"date" : "12/27/2019","price" : 88.13},{"date" : "12/26/2019","price" : 88.075},{"date" : "12/24/2019","price" : 88.52},{"date" : "12/23/2019","price" : 88.23},{"date" : "12/20/2019","price" : 88.46},{"date" : "12/19/2019","price" : 88.52},{"date" : "12/18/2019","price" : 87.99},{"date" : "12/17/2019","price" : 88.13},{"date" : "12/16/2019","price" : 88.78},{"date" : "12/13/2019","price" : 88.67},{"date" : "12/12/2019","price" : 88.21},{"date" : "12/11/2019","price" : 86.59},{"date" : "12/10/2019","price" : 86.04},{"date" : "12/09/2019","price" : 86.28},{"date" : "12/06/2019","price" : 86.32},{"date" : "12/05/2019","price" : 84.45},{"date" : "12/04/2019","price" : 85.4},{"date" : "12/03/2019","price" : 84.82},{"date" : "12/02/2019","price" : 84.57},{"date" : "11/29/2019","price" : 85.43},{"date" : "11/27/2019","price" : 85.77},{"date" : "11/26/2019","price" : 84.56},{"date" : "11/25/2019","price" : 83.75},{"date" : "11/22/2019","price" : 83.02},{"date" : "11/21/2019","price" : 82.3},{"date" : "11/20/2019","price" : 83.6},{"date" : "11/19/2019","price" : 83.66},{"date" : "11/18/2019","price" : 84.02},{"date" : "11/15/2019","price" : 84.21},{"date" : "11/14/2019","price" : 84.38},{"date" : "11/13/2019","price" : 83.94},{"date" : "11/12/2019","price" : 83.32},{"date" : "11/11/2019","price" : 82.43},{"date" : "11/08/2019","price" : 81.77},{"date" : "11/07/2019","price" : 81.95},{"date" : "11/06/2019","price" : 82.99},{"date" : "11/05/2019","price" : 81.89},{"date" : "11/04/2019","price" : 82.37},{"date" : "11/01/2019","price" : 83.21},{"date" : "10/31/2019","price" : 84.56},{"date" : "10/30/2019","price" : 84.19},{"date" : "10/29/2019","price" : 84.13},{"date" : "10/28/2019","price" : 83.6},{"date" : "10/25/2019","price" : 83.38},{"date" : "10/24/2019","price" : 83.18},{"date" : "10/23/2019","price" : 82.74},{"date" : "10/22/2019","price" : 83.46},{"date" : "10/21/2019","price" : 85.35},{"date" : "10/18/2019","price" : 86.03},{"date" : "10/17/2019","price" : 86.29},{"date" : "10/16/2019","price" : 86.71},{"date" : "10/15/2019","price" : 86.45},{"date" : "10/14/2019","price" : 86.62},{"date" : "10/11/2019","price" : 86.36},{"date" : "10/10/2019","price" : 85.96},{"date" : "10/09/2019","price" : 85.85},{"date" : "10/08/2019","price" : 84.91},{"date" : "10/07/2019","price" : 85.85},{"date" : "10/04/2019","price" : 85.92},{"date" : "10/03/2019","price" : 84.67},{"date" : "10/02/2019","price" : 84.32},{"date" : "10/01/2019","price" : 86.51},{"date" : "09/30/2019","price" : 88.42},{"date" : "09/27/2019","price" : 88.37},{"date" : "09/26/2019","price" : 89.8},{"date" : "09/25/2019","price" : 90.35},{"date" : "09/24/2019","price" : 89.92},{"date" : "09/23/2019","price" : 90.81},{"date" : "09/20/2019","price" : 90.07},{"date" : "09/19/2019","price" : 91.56},{"date" : "09/18/2019","price" : 90.96},{"date" : "09/17/2019","price" : 90.75},{"date" : "09/16/2019","price" : 89.42},{"date" : "09/13/2019","price" : 90.48},{"date" : "09/12/2019","price" : 92.06},{"date" : "09/11/2019","price" : 90.98},{"date" : "09/10/2019","price" : 90.35},{"date" : "09/09/2019","price" : 94.16},{"date" : "09/06/2019","price" : 95.74},{"date" : "09/05/2019","price" : 95.56},{"date" : "09/04/2019","price" : 96.11},{"date" : "09/03/2019","price" : 96.77},{"date" : "08/30/2019","price" : 96.56},{"date" : "08/29/2019","price" : 97.7},{"date" : "08/28/2019","price" : 97.07},{"date" : "08/27/2019","price" : 96.09},{"date" : "08/26/2019","price" : 96.5},{"date" : "08/23/2019","price" : 94.7},{"date" : "08/22/2019","price" : 96.49},{"date" : "08/21/2019","price" : 96.32},{"date" : "08/20/2019","price" : 95.63},{"date" : "08/19/2019","price" : 96.66},{"date" : "08/16/2019","price" : 96.52},{"date" : "08/15/2019","price" : 95.53},{"date" : "08/14/2019","price" : 94.92},{"date" : "08/13/2019","price" : 96.63},{"date" : "08/12/2019","price" : 94.91},{"date" : "08/09/2019","price" : 96.3},{"date" : "08/08/2019","price" : 96.27},{"date" : "08/07/2019","price" : 95.22},{"date" : "08/06/2019","price" : 95.34},{"date" : "08/05/2019","price" : 93.7},{"date" : "08/02/2019","price" : 95.51},{"date" : "08/01/2019","price" : 95.38},{"date" : "07/31/2019","price" : 94.69},{"date" : "07/30/2019","price" : 96.65},{"date" : "07/29/2019","price" : 98.02},{"date" : "07/26/2019","price" : 99.11},{"date" : "07/25/2019","price" : 90.98},{"date" : "07/24/2019","price" : 90.65},{"date" : "07/23/2019","price" : 90.11},{"date" : "07/22/2019","price" : 90.92},{"date" : "07/19/2019","price" : 90.3},{"date" : "07/18/2019","price" : 91.5},{"date" : "07/17/2019","price" : 90.25},{"date" : "07/16/2019","price" : 90.08},{"date" : "07/15/2019","price" : 90.16},{"date" : "07/12/2019","price" : 89.77},{"date" : "07/11/2019","price" : 89.07},{"date" : "07/10/2019","price" : 88.38},{"date" : "07/09/2019","price" : 87.23},{"date" : "07/08/2019","price" : 87.44},{"date" : "07/05/2019","price" : 87.79},{"date" : "07/03/2019","price" : 87.79},{"date" : "07/02/2019","price" : 85.51},{"date" : "07/01/2019","price" : 84.55},{"date" : "06/28/2019","price" : 83.83},{"date" : "06/27/2019","price" : 83.56},{"date" : "06/26/2019","price" : 83.38},{"date" : "06/25/2019","price" : 84.25},{"date" : "06/24/2019","price" : 83.65},{"date" : "06/21/2019","price" : 83.82},{"date" : "06/20/2019","price" : 84.69},{"date" : "06/19/2019","price" : 83.81},{"date" : "06/18/2019","price" : 82.92},{"date" : "06/17/2019","price" : 83.02},{"date" : "06/14/2019","price" : 84.24},{"date" : "06/13/2019","price" : 83.35},{"date" : "06/12/2019","price" : 82.93},{"date" : "06/11/2019","price" : 82.37},{"date" : "06/10/2019","price" : 81.93},{"date" : "06/07/2019","price" : 82.48},{"date" : "06/06/2019","price" : 81.4},{"date" : "06/05/2019","price" : 79.96},{"date" : "06/04/2019","price" : 78.52},{"date" : "06/03/2019","price" : 76.22},{"date" : "05/31/2019","price" : 76.06},{"date" : "05/30/2019","price" : 76.17},{"date" : "05/29/2019","price" : 75.28},{"date" : "05/28/2019","price" : 75.7},{"date" : "05/24/2019","price" : 76.15},{"date" : "05/23/2019","price" : 76.41},{"date" : "05/22/2019","price" : 77.25},{"date" : "05/21/2019","price" : 77.53},{"date" : "05/20/2019","price" : 76.66},{"date" : "05/17/2019","price" : 78.91},{"date" : "05/16/2019","price" : 78.9},{"date" : "05/15/2019","price" : 77.76},{"date" : "05/14/2019","price" : 77.06},{"date" : "05/13/2019","price" : 76.68},{"date" : "05/10/2019","price" : 78.42},{"date" : "05/09/2019","price" : 77.9},{"date" : "05/08/2019","price" : 78.05},{"date" : "05/07/2019","price" : 77.96},{"date" : "05/06/2019","price" : 78.06},{"date" : "05/03/2019","price" : 78.05},{"date" : "05/02/2019","price" : 77.47},{"date" : "05/01/2019","price" : 77.52},{"date" : "04/30/2019","price" : 77.68},{"date" : "04/29/2019","price" : 76.91},{"date" : "04/26/2019","price" : 77.45},{"date" : "04/25/2019","price" : 77.11},{"date" : "04/24/2019","price" : 76.39},{"date" : "04/23/2019","price" : 75.99},{"date" : "04/22/2019","price" : 75.4},{"date" : "04/18/2019","price" : 76.06},{"date" : "04/17/2019","price" : 75.12},{"date" : "04/16/2019","price" : 75.7},{"date" : "04/15/2019","price" : 76.16},{"date" : "04/12/2019","price" : 76.65},{"date" : "04/11/2019","price" : 75.87},{"date" : "04/10/2019","price" : 75.48},{"date" : "04/09/2019","price" : 75.12},{"date" : "04/08/2019","price" : 75.2},{"date" : "04/05/2019","price" : 75.03},{"date" : "04/04/2019","price" : 74.35},{"date" : "04/03/2019","price" : 74.33},{"date" : "04/02/2019","price" : 74.27},{"date" : "04/01/2019","price" : 73.96},{"date" : "03/29/2019","price" : 74.34},{"date" : "03/28/2019","price" : 73.96},{"date" : "03/27/2019","price" : 72.74},{"date" : "03/26/2019","price" : 72.96},{"date" : "03/25/2019","price" : 72.3},{"date" : "03/22/2019","price" : 71.96},{"date" : "03/21/2019","price" : 72.26},{"date" : "03/20/2019","price" : 71.63},{"date" : "03/19/2019","price" : 71.38},{"date" : "03/18/2019","price" : 70.84},{"date" : "03/15/2019","price" : 70.67},{"date" : "03/14/2019","price" : 70.74},{"date" : "03/13/2019","price" : 70.1},{"date" : "03/12/2019","price" : 70.05},{"date" : "03/11/2019","price" : 69.68},{"date" : "03/08/2019","price" : 69.36},{"date" : "03/07/2019","price" : 70.61},{"date" : "03/06/2019","price" : 71.27},{"date" : "03/05/2019","price" : 71.58},{"date" : "03/04/2019","price" : 70.95},{"date" : "03/01/2019","price" : 70.85},{"date" : "02/28/2019","price" : 70.26},{"date" : "02/27/2019","price" : 70.15},{"date" : "02/26/2019","price" : 71.14},{"date" : "02/25/2019","price" : 71.05},{"date" : "02/22/2019","price" : 71.3},{"date" : "02/21/2019","price" : 70.7},{"date" : "02/20/2019","price" : 70.39},{"date" : "02/19/2019","price" : 70.2},{"date" : "02/15/2019","price" : 70.71},{"date" : "02/14/2019","price" : 70.84},{"date" : "02/13/2019","price" : 70.51},{"date" : "02/12/2019","price" : 69.75},{"date" : "02/11/2019","price" : 69.99},{"date" : "02/08/2019","price" : 69.75},{"date" : "02/07/2019","price" : 69.14},{"date" : "02/06/2019","price" : 68.85},{"date" : "02/05/2019","price" : 69.34},{"date" : "02/04/2019","price" : 67.58},{"date" : "02/01/2019","price" : 68.11},{"date" : "01/31/2019","price" : 68.14},{"date" : "01/30/2019","price" : 68.15},{"date" : "01/29/2019","price" : 67.04},{"date" : "01/28/2019","price" : 66.9},{"date" : "01/25/2019","price" : 67.09},{"date" : "01/24/2019","price" : 64.74},{"date" : "01/23/2019","price" : 66.43},{"date" : "01/22/2019","price" : 65.39},{"date" : "01/18/2019","price" : 64.7},{"date" : "01/17/2019","price" : 64.28},{"date" : "01/16/2019","price" : 63.77},{"date" : "01/15/2019","price" : 64.08},{"date" : "01/14/2019","price" : 63.37},{"date" : "01/11/2019","price" : 63.73},{"date" : "01/10/2019","price" : 64.19},{"date" : "01/09/2019","price" : 63.88},{"date" : "01/08/2019","price" : 63.62},{"date" : "01/07/2019","price" : 63.57},{"date" : "01/04/2019","price" : 63.57},{"date" : "01/03/2019","price" : 61.53},{"date" : "01/02/2019","price" : 64.32},{"date" : "12/31/2018","price" : 64.4},{"date" : "12/28/2018","price" : 63.39},{"date" : "12/27/2018","price" : 63.2},{"date" : "12/26/2018","price" : 63.08},{"date" : "12/24/2018","price" : 60.56},{"date" : "12/21/2018","price" : 61.39},{"date" : "12/20/2018","price" : 62.15},{"date" : "12/19/2018","price" : 64.06},{"date" : "12/18/2018","price" : 64.92},{"date" : "12/17/2018","price" : 64.47},{"date" : "12/14/2018","price" : 65.34},{"date" : "12/13/2018","price" : 66.91},{"date" : "12/12/2018","price" : 66.13},{"date" : "12/11/2018","price" : 65.92},{"date" : "12/10/2018","price" : 65.49},{"date" : "12/07/2018","price" : 65.47},{"date" : "12/06/2018","price" : 66.55},{"date" : "12/04/2018","price" : 66.65},{"date" : "12/03/2018","price" : 67.5},{"date" : "11/30/2018","price" : 66.72},{"date" : "11/29/2018","price" : 66.88},{"date" : "11/28/2018","price" : 66.82},{"date" : "11/27/2018","price" : 66.08},{"date" : "11/26/2018","price" : 65.69}]}