{ "data" : [{"date" : "11/22/2023","price" : 234.21},{"date" : "11/21/2023","price" : 241.2},{"date" : "11/20/2023","price" : 235.6},{"date" : "11/17/2023","price" : 234.3},{"date" : "11/16/2023","price" : 233.59},{"date" : "11/15/2023","price" : 242.84},{"date" : "11/14/2023","price" : 237.41},{"date" : "11/13/2023","price" : 223.71},{"date" : "11/10/2023","price" : 214.65},{"date" : "11/09/2023","price" : 209.98},{"date" : "11/08/2023","price" : 222.11},{"date" : "11/07/2023","price" : 222.18},{"date" : "11/06/2023","price" : 219.27},{"date" : "11/03/2023","price" : 219.96},{"date" : "11/02/2023","price" : 218.51},{"date" : "11/01/2023","price" : 205.66},{"date" : "10/31/2023","price" : 200.84},{"date" : "10/30/2023","price" : 197.36},{"date" : "10/27/2023","price" : 207.3},{"date" : "10/26/2023","price" : 205.76},{"date" : "10/25/2023","price" : 212.42},{"date" : "10/24/2023","price" : 216.52},{"date" : "10/23/2023","price" : 212.08},{"date" : "10/20/2023","price" : 211.99},{"date" : "10/19/2023","price" : 220.11},{"date" : "10/18/2023","price" : 242.68},{"date" : "10/17/2023","price" : 254.85},{"date" : "10/16/2023","price" : 253.92},{"date" : "10/13/2023","price" : 251.12},{"date" : "10/12/2023","price" : 258.87},{"date" : "10/11/2023","price" : 262.99},{"date" : "10/10/2023","price" : 263.62},{"date" : "10/09/2023","price" : 259.67},{"date" : "10/06/2023","price" : 260.53},{"date" : "10/05/2023","price" : 260.05},{"date" : "10/04/2023","price" : 261.16},{"date" : "10/03/2023","price" : 246.53},{"date" : "10/02/2023","price" : 251.6},{"date" : "09/29/2023","price" : 250.22},{"date" : "09/28/2023","price" : 246.38},{"date" : "09/27/2023","price" : 240.5},{"date" : "09/26/2023","price" : 244.12},{"date" : "09/25/2023","price" : 246.99},{"date" : "09/22/2023","price" : 244.88},{"date" : "09/21/2023","price" : 255.7},{"date" : "09/20/2023","price" : 262.59},{"date" : "09/19/2023","price" : 266.5},{"date" : "09/18/2023","price" : 265.28},{"date" : "09/15/2023","price" : 274.39},{"date" : "09/14/2023","price" : 276.04},{"date" : "09/13/2023","price" : 271.3},{"date" : "09/12/2023","price" : 267.48},{"date" : "09/11/2023","price" : 273.58},{"date" : "09/08/2023","price" : 248.5},{"date" : "09/07/2023","price" : 251.49},{"date" : "09/06/2023","price" : 251.92},{"date" : "09/05/2023","price" : 256.49},{"date" : "09/01/2023","price" : 245.01},{"date" : "08/31/2023","price" : 258.08},{"date" : "08/30/2023","price" : 256.9},{"date" : "08/29/2023","price" : 257.18},{"date" : "08/28/2023","price" : 238.82},{"date" : "08/25/2023","price" : 238.59},{"date" : "08/24/2023","price" : 230.04},{"date" : "08/23/2023","price" : 236.86},{"date" : "08/22/2023","price" : 233.19},{"date" : "08/21/2023","price" : 231.28},{"date" : "08/18/2023","price" : 215.49},{"date" : "08/17/2023","price" : 219.22},{"date" : "08/16/2023","price" : 225.6},{"date" : "08/15/2023","price" : 232.96},{"date" : "08/14/2023","price" : 239.76},{"date" : "08/11/2023","price" : 242.65},{"date" : "08/10/2023","price" : 245.34},{"date" : "08/09/2023","price" : 242.19},{"date" : "08/08/2023","price" : 249.7},{"date" : "08/07/2023","price" : 251.45},{"date" : "08/04/2023","price" : 253.86},{"date" : "08/03/2023","price" : 259.32},{"date" : "08/02/2023","price" : 254.11},{"date" : "08/01/2023","price" : 261.07},{"date" : "07/31/2023","price" : 267.43},{"date" : "07/28/2023","price" : 266.44},{"date" : "07/27/2023","price" : 255.71},{"date" : "07/26/2023","price" : 264.35},{"date" : "07/25/2023","price" : 265.28},{"date" : "07/24/2023","price" : 269.06},{"date" : "07/21/2023","price" : 260.02},{"date" : "07/20/2023","price" : 262.9},{"date" : "07/19/2023","price" : 291.26},{"date" : "07/18/2023","price" : 293.34},{"date" : "07/17/2023","price" : 290.38},{"date" : "07/14/2023","price" : 281.38},{"date" : "07/13/2023","price" : 277.9},{"date" : "07/12/2023","price" : 271.99},{"date" : "07/11/2023","price" : 269.79},{"date" : "07/10/2023","price" : 269.61},{"date" : "07/07/2023","price" : 274.43},{"date" : "07/06/2023","price" : 276.54},{"date" : "07/05/2023","price" : 282.48},{"date" : "07/03/2023","price" : 279.82},{"date" : "06/30/2023","price" : 261.77},{"date" : "06/29/2023","price" : 257.5},{"date" : "06/28/2023","price" : 256.24},{"date" : "06/27/2023","price" : 250.21},{"date" : "06/26/2023","price" : 241.05},{"date" : "06/23/2023","price" : 256.6},{"date" : "06/22/2023","price" : 264.61},{"date" : "06/21/2023","price" : 259.46},{"date" : "06/20/2023","price" : 274.45},{"date" : "06/16/2023","price" : 260.54},{"date" : "06/15/2023","price" : 255.9},{"date" : "06/14/2023","price" : 256.79},{"date" : "06/13/2023","price" : 258.71},{"date" : "06/12/2023","price" : 249.83},{"date" : "06/09/2023","price" : 244.4},{"date" : "06/08/2023","price" : 234.86},{"date" : "06/07/2023","price" : 224.57},{"date" : "06/06/2023","price" : 221.31},{"date" : "06/05/2023","price" : 217.61},{"date" : "06/02/2023","price" : 213.97},{"date" : "06/01/2023","price" : 207.52},{"date" : "05/31/2023","price" : 203.93},{"date" : "05/30/2023","price" : 201.16},{"date" : "05/26/2023","price" : 193.17},{"date" : "05/25/2023","price" : 184.47},{"date" : "05/24/2023","price" : 182.9},{"date" : "05/23/2023","price" : 185.77},{"date" : "05/22/2023","price" : 188.87},{"date" : "05/19/2023","price" : 180.14},{"date" : "05/18/2023","price" : 176.89},{"date" : "05/17/2023","price" : 173.86},{"date" : "05/16/2023","price" : 166.52},{"date" : "05/15/2023","price" : 166.35},{"date" : "05/12/2023","price" : 167.98},{"date" : "05/11/2023","price" : 172.08},{"date" : "05/10/2023","price" : 168.54},{"date" : "05/09/2023","price" : 169.15},{"date" : "05/08/2023","price" : 171.79},{"date" : "05/05/2023","price" : 170.06},{"date" : "05/04/2023","price" : 161.2},{"date" : "05/03/2023","price" : 160.61},{"date" : "05/02/2023","price" : 160.31},{"date" : "05/01/2023","price" : 161.83},{"date" : "04/28/2023","price" : 164.31},{"date" : "04/27/2023","price" : 160.19},{"date" : "04/26/2023","price" : 153.75},{"date" : "04/25/2023","price" : 160.67},{"date" : "04/24/2023","price" : 162.55},{"date" : "04/21/2023","price" : 165.08},{"date" : "04/20/2023","price" : 162.99},{"date" : "04/19/2023","price" : 180.59},{"date" : "04/18/2023","price" : 184.31},{"date" : "04/17/2023","price" : 187.04},{"date" : "04/14/2023","price" : 185.0},{"date" : "04/13/2023","price" : 185.9},{"date" : "04/12/2023","price" : 180.54},{"date" : "04/11/2023","price" : 186.79},{"date" : "04/10/2023","price" : 184.51},{"date" : "04/06/2023","price" : 185.06},{"date" : "04/05/2023","price" : 185.52},{"date" : "04/04/2023","price" : 192.58},{"date" : "04/03/2023","price" : 194.77},{"date" : "03/31/2023","price" : 207.46},{"date" : "03/30/2023","price" : 195.28},{"date" : "03/29/2023","price" : 193.88},{"date" : "03/28/2023","price" : 189.19},{"date" : "03/27/2023","price" : 191.81},{"date" : "03/24/2023","price" : 190.41},{"date" : "03/23/2023","price" : 192.22},{"date" : "03/22/2023","price" : 191.15},{"date" : "03/21/2023","price" : 197.58},{"date" : "03/20/2023","price" : 183.25},{"date" : "03/17/2023","price" : 180.13},{"date" : "03/16/2023","price" : 184.13},{"date" : "03/15/2023","price" : 180.45},{"date" : "03/14/2023","price" : 183.26},{"date" : "03/13/2023","price" : 174.48},{"date" : "03/10/2023","price" : 173.44},{"date" : "03/09/2023","price" : 172.92},{"date" : "03/08/2023","price" : 182.0},{"date" : "03/07/2023","price" : 187.71},{"date" : "03/06/2023","price" : 193.81},{"date" : "03/03/2023","price" : 197.79},{"date" : "03/02/2023","price" : 190.9},{"date" : "03/01/2023","price" : 202.77},{"date" : "02/28/2023","price" : 205.71},{"date" : "02/27/2023","price" : 207.63},{"date" : "02/24/2023","price" : 196.88},{"date" : "02/23/2023","price" : 202.07},{"date" : "02/22/2023","price" : 200.86},{"date" : "02/21/2023","price" : 197.37},{"date" : "02/17/2023","price" : 208.31},{"date" : "02/16/2023","price" : 202.04},{"date" : "02/15/2023","price" : 214.24},{"date" : "02/14/2023","price" : 209.25},{"date" : "02/13/2023","price" : 194.64},{"date" : "02/10/2023","price" : 196.89},{"date" : "02/09/2023","price" : 207.32},{"date" : "02/08/2023","price" : 201.29},{"date" : "02/07/2023","price" : 196.81},{"date" : "02/06/2023","price" : 194.76},{"date" : "02/03/2023","price" : 189.98},{"date" : "02/02/2023","price" : 188.27},{"date" : "02/01/2023","price" : 181.41},{"date" : "01/31/2023","price" : 173.22},{"date" : "01/30/2023","price" : 166.66},{"date" : "01/27/2023","price" : 177.9},{"date" : "01/26/2023","price" : 160.27},{"date" : "01/25/2023","price" : 144.43},{"date" : "01/24/2023","price" : 143.89},{"date" : "01/23/2023","price" : 143.75},{"date" : "01/20/2023","price" : 133.42},{"date" : "01/19/2023","price" : 127.17},{"date" : "01/18/2023","price" : 128.78},{"date" : "01/17/2023","price" : 131.49},{"date" : "01/13/2023","price" : 122.4},{"date" : "01/12/2023","price" : 123.56},{"date" : "01/11/2023","price" : 123.22},{"date" : "01/10/2023","price" : 118.85},{"date" : "01/09/2023","price" : 119.77},{"date" : "01/06/2023","price" : 113.06},{"date" : "01/05/2023","price" : 110.34},{"date" : "01/04/2023","price" : 113.64},{"date" : "01/03/2023","price" : 108.1},{"date" : "12/30/2022","price" : 123.18},{"date" : "12/29/2022","price" : 121.82},{"date" : "12/28/2022","price" : 112.71},{"date" : "12/27/2022","price" : 109.1},{"date" : "12/23/2022","price" : 123.15},{"date" : "12/22/2022","price" : 125.35},{"date" : "12/21/2022","price" : 137.57},{"date" : "12/20/2022","price" : 137.8},{"date" : "12/19/2022","price" : 149.87},{"date" : "12/16/2022","price" : 150.23},{"date" : "12/15/2022","price" : 157.67},{"date" : "12/14/2022","price" : 156.8},{"date" : "12/13/2022","price" : 160.95},{"date" : "12/12/2022","price" : 167.82},{"date" : "12/09/2022","price" : 179.05},{"date" : "12/08/2022","price" : 173.44},{"date" : "12/07/2022","price" : 174.04},{"date" : "12/06/2022","price" : 179.82},{"date" : "12/05/2022","price" : 182.45},{"date" : "12/02/2022","price" : 194.86},{"date" : "12/01/2022","price" : 194.7},{"date" : "11/30/2022","price" : 194.7},{"date" : "11/29/2022","price" : 180.83},{"date" : "11/28/2022","price" : 182.92},{"date" : "11/25/2022","price" : 182.86},{"date" : "11/23/2022","price" : 183.2},{"date" : "11/22/2022","price" : 169.91},{"date" : "11/21/2022","price" : 167.87},{"date" : "11/18/2022","price" : 180.19},{"date" : "11/17/2022","price" : 183.17},{"date" : "11/16/2022","price" : 186.92},{"date" : "11/15/2022","price" : 194.42},{"date" : "11/14/2022","price" : 190.95},{"date" : "11/11/2022","price" : 195.97},{"date" : "11/10/2022","price" : 190.72},{"date" : "11/09/2022","price" : 177.59},{"date" : "11/08/2022","price" : 191.3},{"date" : "11/07/2022","price" : 197.08},{"date" : "11/04/2022","price" : 207.47},{"date" : "11/03/2022","price" : 215.31},{"date" : "11/02/2022","price" : 214.98},{"date" : "11/01/2022","price" : 227.82},{"date" : "10/31/2022","price" : 227.54},{"date" : "10/28/2022","price" : 228.52},{"date" : "10/27/2022","price" : 225.09},{"date" : "10/26/2022","price" : 224.64},{"date" : "10/25/2022","price" : 222.415},{"date" : "10/24/2022","price" : 211.25},{"date" : "10/21/2022","price" : 214.44},{"date" : "10/20/2022","price" : 207.28},{"date" : "10/19/2022","price" : 222.04},{"date" : "10/18/2022","price" : 220.19},{"date" : "10/17/2022","price" : 219.35},{"date" : "10/14/2022","price" : 204.99},{"date" : "10/13/2022","price" : 221.72},{"date" : "10/12/2022","price" : 217.24},{"date" : "10/11/2022","price" : 216.5},{"date" : "10/10/2022","price" : 222.96},{"date" : "10/07/2022","price" : 223.07},{"date" : "10/06/2022","price" : 238.13},{"date" : "10/05/2022","price" : 240.81},{"date" : "10/04/2022","price" : 249.44},{"date" : "10/03/2022","price" : 242.4},{"date" : "09/30/2022","price" : 265.25},{"date" : "09/29/2022","price" : 268.21},{"date" : "09/28/2022","price" : 287.81},{"date" : "09/27/2022","price" : 282.94},{"date" : "09/26/2022","price" : 276.01},{"date" : "09/23/2022","price" : 275.33},{"date" : "09/22/2022","price" : 288.59},{"date" : "09/21/2022","price" : 300.8},{"date" : "09/20/2022","price" : 308.73},{"date" : "09/19/2022","price" : 309.07},{"date" : "09/16/2022","price" : 303.35},{"date" : "09/15/2022","price" : 303.75},{"date" : "09/14/2022","price" : 302.61},{"date" : "09/13/2022","price" : 292.13},{"date" : "09/12/2022","price" : 304.42},{"date" : "09/09/2022","price" : 299.68},{"date" : "09/08/2022","price" : 289.26},{"date" : "09/07/2022","price" : 283.7},{"date" : "09/06/2022","price" : 274.42},{"date" : "09/02/2022","price" : 270.21},{"date" : "09/01/2022","price" : 277.16},{"date" : "08/31/2022","price" : 275.61},{"date" : "08/30/2022","price" : 277.7},{"date" : "08/29/2022","price" : 284.82},{"date" : "08/26/2022","price" : 288.09},{"date" : "08/25/2022","price" : 296.07},{"date" : "08/24/2022","price" : 297.0966},{"date" : "08/23/2022","price" : 296.4533},{"date" : "08/22/2022","price" : 289.9133},{"date" : "08/19/2022","price" : 296.6666},{"date" : "08/18/2022","price" : 302.87},{"date" : "08/17/2022","price" : 303.9966},{"date" : "08/16/2022","price" : 306.5633},{"date" : "08/15/2022","price" : 309.32},{"date" : "08/12/2022","price" : 300.03},{"date" : "08/11/2022","price" : 286.63},{"date" : "08/10/2022","price" : 294.3566},{"date" : "08/09/2022","price" : 283.3333},{"date" : "08/08/2022","price" : 290.4233},{"date" : "08/05/2022","price" : 288.17},{"date" : "08/04/2022","price" : 308.6333},{"date" : "08/03/2022","price" : 307.3966},{"date" : "08/02/2022","price" : 300.5866},{"date" : "08/01/2022","price" : 297.2766},{"date" : "07/29/2022","price" : 297.15},{"date" : "07/28/2022","price" : 280.9},{"date" : "07/27/2022","price" : 274.82},{"date" : "07/26/2022","price" : 258.86},{"date" : "07/25/2022","price" : 268.4333},{"date" : "07/22/2022","price" : 272.2433},{"date" : "07/21/2022","price" : 271.7066},{"date" : "07/20/2022","price" : 247.5},{"date" : "07/19/2022","price" : 245.53},{"date" : "07/18/2022","price" : 240.5466},{"date" : "07/15/2022","price" : 240.0666},{"date" : "07/14/2022","price" : 238.3133},{"date" : "07/13/2022","price" : 237.04},{"date" : "07/12/2022","price" : 233.07},{"date" : "07/11/2022","price" : 234.3433},{"date" : "07/08/2022","price" : 250.7633},{"date" : "07/07/2022","price" : 244.5433},{"date" : "07/06/2022","price" : 231.7333},{"date" : "07/05/2022","price" : 233.0666},{"date" : "07/01/2022","price" : 227.2633},{"date" : "06/30/2022","price" : 224.4733},{"date" : "06/29/2022","price" : 228.49},{"date" : "06/28/2022","price" : 232.6633},{"date" : "06/27/2022","price" : 244.92},{"date" : "06/24/2022","price" : 245.7066},{"date" : "06/23/2022","price" : 235.07},{"date" : "06/22/2022","price" : 236.0866},{"date" : "06/21/2022","price" : 237.0366},{"date" : "06/17/2022","price" : 216.76},{"date" : "06/16/2022","price" : 213.1},{"date" : "06/15/2022","price" : 233.0},{"date" : "06/14/2022","price" : 220.89},{"date" : "06/13/2022","price" : 215.7366},{"date" : "06/10/2022","price" : 232.23},{"date" : "06/09/2022","price" : 239.7066},{"date" : "06/08/2022","price" : 241.8666},{"date" : "06/07/2022","price" : 238.8866},{"date" : "06/06/2022","price" : 238.28},{"date" : "06/03/2022","price" : 234.5166},{"date" : "06/02/2022","price" : 258.3333},{"date" : "06/01/2022","price" : 246.79},{"date" : "05/31/2022","price" : 252.7533},{"date" : "05/27/2022","price" : 253.21},{"date" : "05/26/2022","price" : 235.91},{"date" : "05/25/2022","price" : 219.6},{"date" : "05/24/2022","price" : 209.3866},{"date" : "05/23/2022","price" : 224.9666},{"date" : "05/20/2022","price" : 221.3},{"date" : "05/19/2022","price" : 236.4733},{"date" : "05/18/2022","price" : 236.6033},{"date" : "05/17/2022","price" : 253.87},{"date" : "05/16/2022","price" : 241.4566},{"date" : "05/13/2022","price" : 256.53},{"date" : "05/12/2022","price" : 242.6666},{"date" : "05/11/2022","price" : 244.6666},{"date" : "05/10/2022","price" : 266.68},{"date" : "05/09/2022","price" : 262.37},{"date" : "05/06/2022","price" : 288.55},{"date" : "05/05/2022","price" : 291.0933},{"date" : "05/04/2022","price" : 317.54},{"date" : "05/03/2022","price" : 303.0833},{"date" : "05/02/2022","price" : 300.98},{"date" : "04/29/2022","price" : 290.2533},{"date" : "04/28/2022","price" : 292.5033},{"date" : "04/27/2022","price" : 293.8366},{"date" : "04/26/2022","price" : 292.14},{"date" : "04/25/2022","price" : 332.6733},{"date" : "04/22/2022","price" : 335.0166},{"date" : "04/21/2022","price" : 336.26},{"date" : "04/20/2022","price" : 325.7333},{"date" : "04/19/2022","price" : 342.7166},{"date" : "04/18/2022","price" : 334.7633},{"date" : "04/14/2022","price" : 328.3333},{"date" : "04/13/2022","price" : 340.79},{"date" : "04/12/2022","price" : 328.9833},{"date" : "04/11/2022","price" : 325.31},{"date" : "04/08/2022","price" : 341.83},{"date" : "04/07/2022","price" : 352.42},{"date" : "04/06/2022","price" : 348.5866},{"date" : "04/05/2022","price" : 363.7533},{"date" : "04/04/2022","price" : 381.8166},{"date" : "04/01/2022","price" : 361.53},{"date" : "03/31/2022","price" : 359.2},{"date" : "03/30/2022","price" : 364.6633},{"date" : "03/29/2022","price" : 366.5233},{"date" : "03/28/2022","price" : 363.9466},{"date" : "03/25/2022","price" : 336.88},{"date" : "03/24/2022","price" : 337.9733},{"date" : "03/23/2022","price" : 333.0366},{"date" : "03/22/2022","price" : 331.3266},{"date" : "03/21/2022","price" : 307.0533},{"date" : "03/18/2022","price" : 301.7966},{"date" : "03/17/2022","price" : 290.5333},{"date" : "03/16/2022","price" : 280.0766},{"date" : "03/15/2022","price" : 267.2966},{"date" : "03/14/2022","price" : 255.4566},{"date" : "03/11/2022","price" : 265.1166},{"date" : "03/10/2022","price" : 279.4333},{"date" : "03/09/2022","price" : 286.3233},{"date" : "03/08/2022","price" : 274.8},{"date" : "03/07/2022","price" : 268.1933},{"date" : "03/04/2022","price" : 279.43},{"date" : "03/03/2022","price" : 279.7633},{"date" : "03/02/2022","price" : 293.2966},{"date" : "03/01/2022","price" : 288.1233},{"date" : "02/28/2022","price" : 290.1433},{"date" : "02/25/2022","price" : 269.9566},{"date" : "02/24/2022","price" : 266.9233},{"date" : "02/23/2022","price" : 254.68},{"date" : "02/22/2022","price" : 273.8433},{"date" : "02/18/2022","price" : 285.66},{"date" : "02/17/2022","price" : 292.1166},{"date" : "02/16/2022","price" : 307.7966},{"date" : "02/15/2022","price" : 307.4766},{"date" : "02/14/2022","price" : 291.92},{"date" : "02/11/2022","price" : 286.6666},{"date" : "02/10/2022","price" : 301.5166},{"date" : "02/09/2022","price" : 310.6666},{"date" : "02/08/2022","price" : 307.3333},{"date" : "02/07/2022","price" : 302.4466},{"date" : "02/04/2022","price" : 307.7733},{"date" : "02/03/2022","price" : 297.0466},{"date" : "02/02/2022","price" : 301.8866},{"date" : "02/01/2022","price" : 310.4166},{"date" : "01/31/2022","price" : 312.24},{"date" : "01/28/2022","price" : 282.1166},{"date" : "01/27/2022","price" : 276.3666},{"date" : "01/26/2022","price" : 312.47},{"date" : "01/25/2022","price" : 306.1333},{"date" : "01/24/2022","price" : 310.0},{"date" : "01/21/2022","price" : 314.6333},{"date" : "01/20/2022","price" : 332.09},{"date" : "01/19/2022","price" : 331.8833},{"date" : "01/18/2022","price" : 343.5033},{"date" : "01/14/2022","price" : 349.87},{"date" : "01/13/2022","price" : 343.8533},{"date" : "01/12/2022","price" : 368.74},{"date" : "01/11/2022","price" : 354.8},{"date" : "01/10/2022","price" : 352.7066},{"date" : "01/07/2022","price" : 342.32},{"date" : "01/06/2022","price" : 354.9},{"date" : "01/05/2022","price" : 362.7066},{"date" : "01/04/2022","price" : 383.1966},{"date" : "01/03/2022","price" : 399.9266},{"date" : "12/31/2021","price" : 352.26},{"date" : "12/30/2021","price" : 356.78},{"date" : "12/29/2021","price" : 362.0633},{"date" : "12/28/2021","price" : 362.8233},{"date" : "12/27/2021","price" : 364.6466},{"date" : "12/23/2021","price" : 355.6666},{"date" : "12/22/2021","price" : 336.29},{"date" : "12/21/2021","price" : 312.8433},{"date" : "12/20/2021","price" : 299.98},{"date" : "12/17/2021","price" : 310.8566},{"date" : "12/16/2021","price" : 308.9733},{"date" : "12/15/2021","price" : 325.33},{"date" : "12/14/2021","price" : 319.5033},{"date" : "12/13/2021","price" : 322.1366},{"date" : "12/10/2021","price" : 339.01},{"date" : "12/09/2021","price" : 334.6},{"date" : "12/08/2021","price" : 356.32},{"date" : "12/07/2021","price" : 350.5833},{"date" : "12/06/2021","price" : 336.3366},{"date" : "12/03/2021","price" : 338.3233},{"date" : "12/02/2021","price" : 361.5333},{"date" : "12/01/2021","price" : 365.0},{"date" : "11/30/2021","price" : 381.5866},{"date" : "11/29/2021","price" : 378.9966},{"date" : "11/26/2021","price" : 360.64},{"date" : "11/24/2021","price" : 372.0},{"date" : "11/23/2021","price" : 369.6766},{"date" : "11/22/2021","price" : 385.6233},{"date" : "11/19/2021","price" : 379.02},{"date" : "11/18/2021","price" : 365.46},{"date" : "11/17/2021","price" : 363.0033},{"date" : "11/16/2021","price" : 351.5766},{"date" : "11/15/2021","price" : 337.7966},{"date" : "11/12/2021","price" : 344.4733},{"date" : "11/11/2021","price" : 354.5033},{"date" : "11/10/2021","price" : 355.9833},{"date" : "11/09/2021","price" : 341.1666},{"date" : "11/08/2021","price" : 387.6466},{"date" : "11/05/2021","price" : 407.3633},{"date" : "11/04/2021","price" : 409.97},{"date" : "11/03/2021","price" : 404.62},{"date" : "11/02/2021","price" : 390.6666},{"date" : "11/01/2021","price" : 402.8633},{"date" : "10/29/2021","price" : 371.3333},{"date" : "10/28/2021","price" : 359.0133},{"date" : "10/27/2021","price" : 345.9533},{"date" : "10/26/2021","price" : 339.4766},{"date" : "10/25/2021","price" : 341.62},{"date" : "10/22/2021","price" : 303.2266},{"date" : "10/21/2021","price" : 298.0},{"date" : "10/20/2021","price" : 288.6},{"date" : "10/19/2021","price" : 288.09},{"date" : "10/18/2021","price" : 290.0366},{"date" : "10/15/2021","price" : 281.01},{"date" : "10/14/2021","price" : 272.7733},{"date" : "10/13/2021","price" : 270.36},{"date" : "10/12/2021","price" : 268.5733},{"date" : "10/11/2021","price" : 263.98},{"date" : "10/08/2021","price" : 261.83},{"date" : "10/07/2021","price" : 264.5366},{"date" : "10/06/2021","price" : 260.9166},{"date" : "10/05/2021","price" : 260.1966},{"date" : "10/04/2021","price" : 260.51},{"date" : "10/01/2021","price" : 258.4066},{"date" : "09/30/2021","price" : 258.4933},{"date" : "09/29/2021","price" : 260.4366},{"date" : "09/28/2021","price" : 259.1866},{"date" : "09/27/2021","price" : 263.7866},{"date" : "09/24/2021","price" : 258.13},{"date" : "09/23/2021","price" : 251.2133},{"date" : "09/22/2021","price" : 250.6466},{"date" : "09/21/2021","price" : 246.46},{"date" : "09/20/2021","price" : 243.39},{"date" : "09/17/2021","price" : 253.1633},{"date" : "09/16/2021","price" : 252.33},{"date" : "09/15/2021","price" : 251.9433},{"date" : "09/14/2021","price" : 248.1633},{"date" : "09/13/2021","price" : 247.6666},{"date" : "09/10/2021","price" : 245.4233},{"date" : "09/09/2021","price" : 251.62},{"date" : "09/08/2021","price" : 251.29},{"date" : "09/07/2021","price" : 250.9733},{"date" : "09/03/2021","price" : 244.5233},{"date" : "09/02/2021","price" : 244.13},{"date" : "09/01/2021","price" : 244.6966},{"date" : "08/31/2021","price" : 245.24},{"date" : "08/30/2021","price" : 243.6366},{"date" : "08/27/2021","price" : 237.3066},{"date" : "08/26/2021","price" : 233.72},{"date" : "08/25/2021","price" : 237.0666},{"date" : "08/24/2021","price" : 236.1633},{"date" : "08/23/2021","price" : 235.4333},{"date" : "08/20/2021","price" : 226.7533},{"date" : "08/19/2021","price" : 224.49},{"date" : "08/18/2021","price" : 229.6633},{"date" : "08/17/2021","price" : 221.9033},{"date" : "08/16/2021","price" : 228.7233},{"date" : "08/13/2021","price" : 239.0566},{"date" : "08/12/2021","price" : 240.75},{"date" : "08/11/2021","price" : 235.94},{"date" : "08/10/2021","price" : 236.6633},{"date" : "08/09/2021","price" : 237.92},{"date" : "08/06/2021","price" : 233.0333},{"date" : "08/05/2021","price" : 238.21},{"date" : "08/04/2021","price" : 236.9733},{"date" : "08/03/2021","price" : 236.58},{"date" : "08/02/2021","price" : 236.5566},{"date" : "07/30/2021","price" : 229.0666},{"date" : "07/29/2021","price" : 225.7833},{"date" : "07/28/2021","price" : 215.66},{"date" : "07/27/2021","price" : 214.9266},{"date" : "07/26/2021","price" : 219.2066},{"date" : "07/23/2021","price" : 214.46},{"date" : "07/22/2021","price" : 216.42},{"date" : "07/21/2021","price" : 218.43},{"date" : "07/20/2021","price" : 220.1666},{"date" : "07/19/2021","price" : 215.4066},{"date" : "07/16/2021","price" : 214.74},{"date" : "07/15/2021","price" : 216.8666},{"date" : "07/14/2021","price" : 217.7933},{"date" : "07/13/2021","price" : 222.8466},{"date" : "07/12/2021","price" : 228.5666},{"date" : "07/09/2021","price" : 218.9833},{"date" : "07/08/2021","price" : 217.6033},{"date" : "07/07/2021","price" : 214.8833},{"date" : "07/06/2021","price" : 219.86},{"date" : "07/02/2021","price" : 226.3},{"date" : "07/01/2021","price" : 225.9733},{"date" : "06/30/2021","price" : 226.5666},{"date" : "06/29/2021","price" : 226.92},{"date" : "06/28/2021","price" : 229.5733},{"date" : "06/25/2021","price" : 223.9566},{"date" : "06/24/2021","price" : 226.6066},{"date" : "06/23/2021","price" : 218.8566},{"date" : "06/22/2021","price" : 207.9033},{"date" : "06/21/2021","price" : 206.9433},{"date" : "06/18/2021","price" : 207.77},{"date" : "06/17/2021","price" : 205.5333},{"date" : "06/16/2021","price" : 201.6233},{"date" : "06/15/2021","price" : 199.7866},{"date" : "06/14/2021","price" : 205.8966},{"date" : "06/11/2021","price" : 203.2966},{"date" : "06/10/2021","price" : 203.3733},{"date" : "06/09/2021","price" : 199.5933},{"date" : "06/08/2021","price" : 201.1966},{"date" : "06/07/2021","price" : 201.71},{"date" : "06/04/2021","price" : 199.6833},{"date" : "06/03/2021","price" : 190.9466},{"date" : "06/02/2021","price" : 201.7066},{"date" : "06/01/2021","price" : 207.9666},{"date" : "05/28/2021","price" : 208.4066},{"date" : "05/27/2021","price" : 210.2833},{"date" : "05/26/2021","price" : 206.3766},{"date" : "05/25/2021","price" : 201.5633},{"date" : "05/24/2021","price" : 202.1466},{"date" : "05/21/2021","price" : 193.6266},{"date" : "05/20/2021","price" : 195.5933},{"date" : "05/19/2021","price" : 187.82},{"date" : "05/18/2021","price" : 192.6233},{"date" : "05/17/2021","price" : 192.2766},{"date" : "05/14/2021","price" : 196.58},{"date" : "05/13/2021","price" : 190.5633},{"date" : "05/12/2021","price" : 196.63},{"date" : "05/11/2021","price" : 205.7333},{"date" : "05/10/2021","price" : 209.68},{"date" : "05/07/2021","price" : 224.1233},{"date" : "05/06/2021","price" : 221.18},{"date" : "05/05/2021","price" : 223.6466},{"date" : "05/04/2021","price" : 224.5333},{"date" : "05/03/2021","price" : 228.3},{"date" : "04/30/2021","price" : 236.48},{"date" : "04/29/2021","price" : 225.6666},{"date" : "04/28/2021","price" : 231.4666},{"date" : "04/27/2021","price" : 234.9133},{"date" : "04/26/2021","price" : 246.0666},{"date" : "04/23/2021","price" : 243.1333},{"date" : "04/22/2021","price" : 239.8966},{"date" : "04/21/2021","price" : 248.04},{"date" : "04/20/2021","price" : 239.6633},{"date" : "04/19/2021","price" : 238.21},{"date" : "04/16/2021","price" : 246.5933},{"date" : "04/15/2021","price" : 246.2833},{"date" : "04/14/2021","price" : 244.0766},{"date" : "04/13/2021","price" : 254.1066},{"date" : "04/12/2021","price" : 233.9933},{"date" : "04/09/2021","price" : 225.6733},{"date" : "04/08/2021","price" : 227.9333},{"date" : "04/07/2021","price" : 223.6566},{"date" : "04/06/2021","price" : 230.54},{"date" : "04/05/2021","price" : 230.35},{"date" : "04/01/2021","price" : 220.5833},{"date" : "03/31/2021","price" : 222.6433},{"date" : "03/30/2021","price" : 211.8733},{"date" : "03/29/2021","price" : 203.7633},{"date" : "03/26/2021","price" : 206.2366},{"date" : "03/25/2021","price" : 213.4633},{"date" : "03/24/2021","price" : 210.09},{"date" : "03/23/2021","price" : 220.72},{"date" : "03/22/2021","price" : 223.3333},{"date" : "03/19/2021","price" : 218.29},{"date" : "03/18/2021","price" : 217.72},{"date" : "03/17/2021","price" : 233.9366},{"date" : "03/16/2021","price" : 225.6266},{"date" : "03/15/2021","price" : 235.98},{"date" : "03/12/2021","price" : 231.2433},{"date" : "03/11/2021","price" : 233.2},{"date" : "03/10/2021","price" : 222.6866},{"date" : "03/09/2021","price" : 224.5266},{"date" : "03/08/2021","price" : 187.6666},{"date" : "03/05/2021","price" : 199.3166},{"date" : "03/04/2021","price" : 207.1466},{"date" : "03/03/2021","price" : 217.7333},{"date" : "03/02/2021","price" : 228.8133},{"date" : "03/01/2021","price" : 239.4766},{"date" : "02/26/2021","price" : 225.1666},{"date" : "02/25/2021","price" : 227.4066},{"date" : "02/24/2021","price" : 247.34},{"date" : "02/23/2021","price" : 232.9466},{"date" : "02/22/2021","price" : 238.1666},{"date" : "02/19/2021","price" : 260.4333},{"date" : "02/18/2021","price" : 262.46},{"date" : "02/17/2021","price" : 266.05},{"date" : "02/16/2021","price" : 265.4066},{"date" : "02/12/2021","price" : 272.04},{"date" : "02/11/2021","price" : 270.5533},{"date" : "02/10/2021","price" : 268.2733},{"date" : "02/09/2021","price" : 283.1533},{"date" : "02/08/2021","price" : 287.8066},{"date" : "02/05/2021","price" : 284.0766},{"date" : "02/04/2021","price" : 283.33},{"date" : "02/03/2021","price" : 284.8966},{"date" : "02/02/2021","price" : 290.93},{"date" : "02/01/2021","price" : 279.9366},{"date" : "01/29/2021","price" : 264.51},{"date" : "01/28/2021","price" : 278.4766},{"date" : "01/27/2021","price" : 288.0533},{"date" : "01/26/2021","price" : 294.3633},{"date" : "01/25/2021","price" : 293.6},{"date" : "01/22/2021","price" : 282.2133},{"date" : "01/21/2021","price" : 281.6633},{"date" : "01/20/2021","price" : 283.4833},{"date" : "01/19/2021","price" : 281.5166},{"date" : "01/15/2021","price" : 275.3866},{"date" : "01/14/2021","price" : 281.6666},{"date" : "01/13/2021","price" : 284.8033},{"date" : "01/12/2021","price" : 283.1466},{"date" : "01/11/2021","price" : 270.3966},{"date" : "01/08/2021","price" : 293.34},{"date" : "01/07/2021","price" : 272.0133},{"date" : "01/06/2021","price" : 251.9933},{"date" : "01/05/2021","price" : 245.0366},{"date" : "01/04/2021","price" : 243.2566},{"date" : "12/31/2020","price" : 235.2233},{"date" : "12/30/2020","price" : 231.5933},{"date" : "12/29/2020","price" : 221.9966},{"date" : "12/28/2020","price" : 221.23},{"date" : "12/24/2020","price" : 220.59},{"date" : "12/23/2020","price" : 215.3266},{"date" : "12/22/2020","price" : 213.4466},{"date" : "12/21/2020","price" : 216.62},{"date" : "12/18/2020","price" : 231.6666},{"date" : "12/17/2020","price" : 218.6333},{"date" : "12/16/2020","price" : 207.59},{"date" : "12/15/2020","price" : 211.0833},{"date" : "12/14/2020","price" : 213.2766},{"date" : "12/11/2020","price" : 203.33},{"date" : "12/10/2020","price" : 209.0233},{"date" : "12/09/2020","price" : 201.4933},{"date" : "12/08/2020","price" : 216.6266},{"date" : "12/07/2020","price" : 213.92},{"date" : "12/04/2020","price" : 199.68},{"date" : "12/03/2020","price" : 197.7933},{"date" : "12/02/2020","price" : 189.6066},{"date" : "12/01/2020","price" : 194.92},{"date" : "11/30/2020","price" : 189.2},{"date" : "11/27/2020","price" : 195.2533},{"date" : "11/25/2020","price" : 191.3333},{"date" : "11/24/2020","price" : 185.1266},{"date" : "11/23/2020","price" : 173.95},{"date" : "11/20/2020","price" : 163.2033},{"date" : "11/19/2020","price" : 166.4233},{"date" : "11/18/2020","price" : 162.2133},{"date" : "11/17/2020","price" : 147.2033},{"date" : "11/16/2020","price" : 136.03},{"date" : "11/13/2020","price" : 136.1667},{"date" : "11/12/2020","price" : 137.2533},{"date" : "11/11/2020","price" : 139.0433},{"date" : "11/10/2020","price" : 136.7867},{"date" : "11/09/2020","price" : 140.42},{"date" : "11/06/2020","price" : 143.3167},{"date" : "11/05/2020","price" : 146.03},{"date" : "11/04/2020","price" : 140.3267},{"date" : "11/03/2020","price" : 141.3},{"date" : "11/02/2020","price" : 133.5033},{"date" : "10/30/2020","price" : 129.3467},{"date" : "10/29/2020","price" : 136.9433},{"date" : "10/28/2020","price" : 135.34},{"date" : "10/27/2020","price" : 141.56},{"date" : "10/26/2020","price" : 140.0933},{"date" : "10/23/2020","price" : 140.21},{"date" : "10/22/2020","price" : 141.93},{"date" : "10/21/2020","price" : 140.88},{"date" : "10/20/2020","price" : 140.6467},{"date" : "10/19/2020","price" : 143.61},{"date" : "10/16/2020","price" : 146.5567},{"date" : "10/15/2020","price" : 149.6267},{"date" : "10/14/2020","price" : 153.7667},{"date" : "10/13/2020","price" : 148.8833},{"date" : "10/12/2020","price" : 147.4333},{"date" : "10/09/2020","price" : 144.6667},{"date" : "10/08/2020","price" : 141.9733},{"date" : "10/07/2020","price" : 141.7667},{"date" : "10/06/2020","price" : 137.9933},{"date" : "10/05/2020","price" : 141.8933},{"date" : "10/02/2020","price" : 138.3633},{"date" : "10/01/2020","price" : 149.3867},{"date" : "09/30/2020","price" : 143.0033},{"date" : "09/29/2020","price" : 139.69},{"date" : "09/28/2020","price" : 140.4},{"date" : "09/25/2020","price" : 135.78},{"date" : "09/24/2020","price" : 129.2633},{"date" : "09/23/2020","price" : 126.7867},{"date" : "09/22/2020","price" : 141.41},{"date" : "09/21/2020","price" : 149.7967},{"date" : "09/18/2020","price" : 147.3833},{"date" : "09/17/2020","price" : 141.1433},{"date" : "09/16/2020","price" : 147.2533},{"date" : "09/15/2020","price" : 149.92},{"date" : "09/14/2020","price" : 139.8733},{"date" : "09/11/2020","price" : 124.24},{"date" : "09/10/2020","price" : 123.78},{"date" : "09/09/2020","price" : 122.0933},{"date" : "09/08/2020","price" : 110.07},{"date" : "09/04/2020","price" : 139.44},{"date" : "09/03/2020","price" : 135.6667},{"date" : "09/02/2020","price" : 149.1233},{"date" : "09/01/2020","price" : 158.35},{"date" : "08/31/2020","price" : 166.1067},{"date" : "08/28/2020","price" : 147.5601},{"date" : "08/27/2020","price" : 149.2501},{"date" : "08/26/2020","price" : 143.5447},{"date" : "08/25/2020","price" : 134.8894},{"date" : "08/24/2020","price" : 134.2801},{"date" : "08/21/2020","price" : 136.6654},{"date" : "08/20/2020","price" : 133.4554},{"date" : "08/19/2020","price" : 125.2354},{"date" : "08/18/2020","price" : 125.8061},{"date" : "08/17/2020","price" : 122.3761},{"date" : "08/14/2020","price" : 110.0474},{"date" : "08/13/2020","price" : 108.0667},{"date" : "08/12/2020","price" : 103.6507},{"date" : "08/11/2020","price" : 91.626},{"date" : "08/10/2020","price" : 94.5714},{"date" : "08/07/2020","price" : 96.8474},{"date" : "08/06/2020","price" : 99.3054},{"date" : "08/05/2020","price" : 99.0014},{"date" : "08/04/2020","price" : 99.1334},{"date" : "08/03/2020","price" : 99.0},{"date" : "07/31/2020","price" : 95.384},{"date" : "07/30/2020","price" : 99.166},{"date" : "07/29/2020","price" : 99.9407},{"date" : "07/28/2020","price" : 98.4327},{"date" : "07/27/2020","price" : 102.6401},{"date" : "07/24/2020","price" : 94.4667},{"date" : "07/23/2020","price" : 100.8714},{"date" : "07/22/2020","price" : 106.1554},{"date" : "07/21/2020","price" : 104.5574},{"date" : "07/20/2020","price" : 109.5334},{"date" : "07/17/2020","price" : 100.0561},{"date" : "07/16/2020","price" : 100.0427},{"date" : "07/15/2020","price" : 103.0674},{"date" : "07/14/2020","price" : 101.1201},{"date" : "07/13/2020","price" : 99.804},{"date" : "07/10/2020","price" : 102.9767},{"date" : "07/09/2020","price" : 92.952},{"date" : "07/08/2020","price" : 91.0587},{"date" : "07/07/2020","price" : 92.6574},{"date" : "07/06/2020","price" : 91.4387},{"date" : "07/02/2020","price" : 80.5774},{"date" : "07/01/2020","price" : 74.642},{"date" : "06/30/2020","price" : 71.9874},{"date" : "06/29/2020","price" : 67.29},{"date" : "06/26/2020","price" : 63.9827},{"date" : "06/25/2020","price" : 65.732},{"date" : "06/24/2020","price" : 64.0567},{"date" : "06/23/2020","price" : 66.7854},{"date" : "06/22/2020","price" : 66.288},{"date" : "06/19/2020","price" : 66.7267},{"date" : "06/18/2020","price" : 66.9307},{"date" : "06/17/2020","price" : 66.1194},{"date" : "06/16/2020","price" : 65.4754},{"date" : "06/15/2020","price" : 66.06},{"date" : "06/12/2020","price" : 62.352},{"date" : "06/11/2020","price" : 64.856},{"date" : "06/10/2020","price" : 68.3367},{"date" : "06/09/2020","price" : 62.7114},{"date" : "06/08/2020","price" : 63.328},{"date" : "06/05/2020","price" : 59.044},{"date" : "06/04/2020","price" : 57.6254},{"date" : "06/03/2020","price" : 58.864},{"date" : "06/02/2020","price" : 58.7707},{"date" : "06/01/2020","price" : 59.8734},{"date" : "05/29/2020","price" : 55.6667},{"date" : "05/28/2020","price" : 53.7207},{"date" : "05/27/2020","price" : 54.682},{"date" : "05/26/2020","price" : 54.5914},{"date" : "05/22/2020","price" : 54.4587},{"date" : "05/21/2020","price" : 55.1734},{"date" : "05/20/2020","price" : 54.3707},{"date" : "05/19/2020","price" : 53.8674},{"date" : "05/18/2020","price" : 54.242},{"date" : "05/15/2020","price" : 53.278},{"date" : "05/14/2020","price" : 53.5554},{"date" : "05/13/2020","price" : 52.7307},{"date" : "05/12/2020","price" : 53.9607},{"date" : "05/11/2020","price" : 54.086},{"date" : "05/08/2020","price" : 54.628},{"date" : "05/07/2020","price" : 52.0027},{"date" : "05/06/2020","price" : 52.172},{"date" : "05/05/2020","price" : 51.214},{"date" : "05/04/2020","price" : 50.746},{"date" : "05/01/2020","price" : 46.7547},{"date" : "04/30/2020","price" : 52.1254},{"date" : "04/29/2020","price" : 53.3674},{"date" : "04/28/2020","price" : 51.2747},{"date" : "04/27/2020","price" : 53.25},{"date" : "04/24/2020","price" : 48.3434},{"date" : "04/23/2020","price" : 47.042},{"date" : "04/22/2020","price" : 48.8074},{"date" : "04/21/2020","price" : 45.7814},{"date" : "04/20/2020","price" : 49.7574},{"date" : "04/17/2020","price" : 50.2594},{"date" : "04/16/2020","price" : 49.6807},{"date" : "04/15/2020","price" : 48.6554},{"date" : "04/14/2020","price" : 47.326},{"date" : "04/13/2020","price" : 43.3967},{"date" : "04/09/2020","price" : 38.2},{"date" : "04/08/2020","price" : 36.5894},{"date" : "04/07/2020","price" : 36.3634},{"date" : "04/06/2020","price" : 34.416},{"date" : "04/03/2020","price" : 32.0007},{"date" : "04/02/2020","price" : 30.298},{"date" : "04/01/2020","price" : 32.104},{"date" : "03/31/2020","price" : 34.9334},{"date" : "03/30/2020","price" : 33.4754},{"date" : "03/27/2020","price" : 34.2907},{"date" : "03/26/2020","price" : 35.2107},{"date" : "03/25/2020","price" : 35.95},{"date" : "03/24/2020","price" : 33.6667},{"date" : "03/23/2020","price" : 28.9527},{"date" : "03/20/2020","price" : 28.502},{"date" : "03/19/2020","price" : 28.5093},{"date" : "03/18/2020","price" : 24.0813},{"date" : "03/17/2020","price" : 28.68},{"date" : "03/16/2020","price" : 29.6713},{"date" : "03/13/2020","price" : 36.4414},{"date" : "03/12/2020","price" : 37.37},{"date" : "03/11/2020","price" : 42.282},{"date" : "03/10/2020","price" : 43.022},{"date" : "03/09/2020","price" : 40.5334},{"date" : "03/06/2020","price" : 46.8987},{"date" : "03/05/2020","price" : 48.3027},{"date" : "03/04/2020","price" : 49.9667},{"date" : "03/03/2020","price" : 49.7007},{"date" : "03/02/2020","price" : 49.5747},{"date" : "02/28/2020","price" : 44.5327},{"date" : "02/27/2020","price" : 45.2667},{"date" : "02/26/2020","price" : 51.92},{"date" : "02/25/2020","price" : 53.3274},{"date" : "02/24/2020","price" : 55.586},{"date" : "02/21/2020","price" : 60.0667},{"date" : "02/20/2020","price" : 59.9607},{"date" : "02/19/2020","price" : 61.1614},{"date" : "02/18/2020","price" : 57.2267},{"date" : "02/14/2020","price" : 53.3354},{"date" : "02/13/2020","price" : 53.6},{"date" : "02/12/2020","price" : 51.1527},{"date" : "02/11/2020","price" : 51.6254},{"date" : "02/10/2020","price" : 51.4187},{"date" : "02/07/2020","price" : 49.8714},{"date" : "02/06/2020","price" : 49.9307},{"date" : "02/05/2020","price" : 48.98},{"date" : "02/04/2020","price" : 59.1374},{"date" : "02/03/2020","price" : 52.0},{"date" : "01/31/2020","price" : 43.3714},{"date" : "01/30/2020","price" : 42.7207},{"date" : "01/29/2020","price" : 38.7327},{"date" : "01/28/2020","price" : 37.7934},{"date" : "01/27/2020","price" : 37.2014},{"date" : "01/24/2020","price" : 37.6547},{"date" : "01/23/2020","price" : 38.1467},{"date" : "01/22/2020","price" : 37.9707},{"date" : "01/21/2020","price" : 36.48},{"date" : "01/17/2020","price" : 34.0334},{"date" : "01/16/2020","price" : 34.2327},{"date" : "01/15/2020","price" : 34.5667},{"date" : "01/14/2020","price" : 35.8614},{"date" : "01/13/2020","price" : 34.9907},{"date" : "01/10/2020","price" : 31.8767},{"date" : "01/09/2020","price" : 32.0893},{"date" : "01/08/2020","price" : 32.8093},{"date" : "01/07/2020","price" : 31.2707},{"date" : "01/06/2020","price" : 30.1027},{"date" : "01/03/2020","price" : 29.534},{"date" : "01/02/2020","price" : 28.684},{"date" : "12/31/2019","price" : 27.8887},{"date" : "12/30/2019","price" : 27.6467},{"date" : "12/27/2019","price" : 28.692},{"date" : "12/26/2019","price" : 28.7293},{"date" : "12/24/2019","price" : 28.35},{"date" : "12/23/2019","price" : 27.948},{"date" : "12/20/2019","price" : 27.0393},{"date" : "12/19/2019","price" : 26.936},{"date" : "12/18/2019","price" : 26.21},{"date" : "12/17/2019","price" : 25.266},{"date" : "12/16/2019","price" : 25.4333},{"date" : "12/13/2019","price" : 23.8927},{"date" : "12/12/2019","price" : 23.9787},{"date" : "12/11/2019","price" : 23.5133},{"date" : "12/10/2019","price" : 23.256},{"date" : "12/09/2019","price" : 22.6353},{"date" : "12/06/2019","price" : 22.3927},{"date" : "12/05/2019","price" : 22.0247},{"date" : "12/04/2019","price" : 22.202},{"date" : "12/03/2019","price" : 22.4133},{"date" : "12/02/2019","price" : 22.3247},{"date" : "11/29/2019","price" : 21.996},{"date" : "11/27/2019","price" : 22.086},{"date" : "11/26/2019","price" : 21.928},{"date" : "11/25/2019","price" : 22.4227},{"date" : "11/22/2019","price" : 22.2027},{"date" : "11/21/2019","price" : 23.6553},{"date" : "11/20/2019","price" : 23.4813},{"date" : "11/19/2019","price" : 23.968},{"date" : "11/18/2019","price" : 23.3327},{"date" : "11/15/2019","price" : 23.478},{"date" : "11/14/2019","price" : 23.29},{"date" : "11/13/2019","price" : 23.074},{"date" : "11/12/2019","price" : 23.3287},{"date" : "11/11/2019","price" : 23.006},{"date" : "11/08/2019","price" : 22.476},{"date" : "11/07/2019","price" : 22.3693},{"date" : "11/06/2019","price" : 21.772},{"date" : "11/05/2019","price" : 21.148},{"date" : "11/04/2019","price" : 21.1647},{"date" : "11/01/2019","price" : 20.8873},{"date" : "10/31/2019","price" : 20.9947},{"date" : "10/30/2019","price" : 21.0007},{"date" : "10/29/2019","price" : 21.0813},{"date" : "10/28/2019","price" : 21.8473},{"date" : "10/25/2019","price" : 21.8753},{"date" : "10/24/2019","price" : 19.9787},{"date" : "10/23/2019","price" : 16.9787},{"date" : "10/22/2019","price" : 17.0387},{"date" : "10/21/2019","price" : 16.9},{"date" : "10/18/2019","price" : 17.13},{"date" : "10/17/2019","price" : 17.4647},{"date" : "10/16/2019","price" : 17.3167},{"date" : "10/15/2019","price" : 17.1927},{"date" : "10/14/2019","price" : 17.1307},{"date" : "10/11/2019","price" : 16.526},{"date" : "10/10/2019","price" : 16.316},{"date" : "10/09/2019","price" : 16.302},{"date" : "10/08/2019","price" : 16.0033},{"date" : "10/07/2019","price" : 15.848},{"date" : "10/04/2019","price" : 15.4287},{"date" : "10/03/2019","price" : 15.5353},{"date" : "10/02/2019","price" : 16.2087},{"date" : "10/01/2019","price" : 16.3127},{"date" : "09/30/2019","price" : 16.058},{"date" : "09/27/2019","price" : 16.142},{"date" : "09/26/2019","price" : 16.1707},{"date" : "09/25/2019","price" : 15.2467},{"date" : "09/24/2019","price" : 14.8807},{"date" : "09/23/2019","price" : 16.082},{"date" : "09/20/2019","price" : 16.0413},{"date" : "09/19/2019","price" : 16.44},{"date" : "09/18/2019","price" : 16.2327},{"date" : "09/17/2019","price" : 16.3193},{"date" : "09/16/2019","price" : 16.1873},{"date" : "09/13/2019","price" : 16.3467},{"date" : "09/12/2019","price" : 16.3913},{"date" : "09/11/2019","price" : 16.4733},{"date" : "09/10/2019","price" : 15.7027},{"date" : "09/09/2019","price" : 15.4527},{"date" : "09/06/2019","price" : 15.1633},{"date" : "09/05/2019","price" : 15.3053},{"date" : "09/04/2019","price" : 14.712},{"date" : "09/03/2019","price" : 15.0007},{"date" : "08/30/2019","price" : 15.0407},{"date" : "08/29/2019","price" : 14.7807},{"date" : "08/28/2019","price" : 14.3727},{"date" : "08/27/2019","price" : 14.272},{"date" : "08/26/2019","price" : 14.3333},{"date" : "08/23/2019","price" : 14.0933},{"date" : "08/22/2019","price" : 14.81},{"date" : "08/21/2019","price" : 14.722},{"date" : "08/20/2019","price" : 15.0573},{"date" : "08/19/2019","price" : 15.122},{"date" : "08/16/2019","price" : 14.6627},{"date" : "08/15/2019","price" : 14.376},{"date" : "08/14/2019","price" : 14.6413},{"date" : "08/13/2019","price" : 15.6667},{"date" : "08/12/2019","price" : 15.2673},{"date" : "08/09/2019","price" : 15.6673},{"date" : "08/08/2019","price" : 15.8867},{"date" : "08/07/2019","price" : 15.5613},{"date" : "08/06/2019","price" : 15.3833},{"date" : "08/05/2019","price" : 15.2213},{"date" : "08/02/2019","price" : 15.6227},{"date" : "08/01/2019","price" : 15.59},{"date" : "07/31/2019","price" : 16.1073},{"date" : "07/30/2019","price" : 16.1507},{"date" : "07/29/2019","price" : 15.718},{"date" : "07/26/2019","price" : 15.2027},{"date" : "07/25/2019","price" : 15.2547},{"date" : "07/24/2019","price" : 17.6587},{"date" : "07/23/2019","price" : 17.3447},{"date" : "07/22/2019","price" : 17.0453},{"date" : "07/19/2019","price" : 17.212},{"date" : "07/18/2019","price" : 16.9027},{"date" : "07/17/2019","price" : 16.9907},{"date" : "07/16/2019","price" : 16.8253},{"date" : "07/15/2019","price" : 16.9},{"date" : "07/12/2019","price" : 16.3387},{"date" : "07/11/2019","price" : 15.9067},{"date" : "07/10/2019","price" : 15.928},{"date" : "07/09/2019","price" : 15.3373},{"date" : "07/08/2019","price" : 15.356},{"date" : "07/05/2019","price" : 15.54},{"date" : "07/03/2019","price" : 15.66},{"date" : "07/02/2019","price" : 14.97},{"date" : "07/01/2019","price" : 15.1447},{"date" : "06/28/2019","price" : 14.8973},{"date" : "06/27/2019","price" : 14.856},{"date" : "06/26/2019","price" : 14.618},{"date" : "06/25/2019","price" : 14.6507},{"date" : "06/24/2019","price" : 14.9093},{"date" : "06/21/2019","price" : 14.7907},{"date" : "06/20/2019","price" : 14.6413},{"date" : "06/19/2019","price" : 15.0953},{"date" : "06/18/2019","price" : 14.9827},{"date" : "06/17/2019","price" : 15.002},{"date" : "06/14/2019","price" : 14.328},{"date" : "06/13/2019","price" : 14.2607},{"date" : "06/12/2019","price" : 13.9507},{"date" : "06/11/2019","price" : 14.4733},{"date" : "06/10/2019","price" : 14.192},{"date" : "06/07/2019","price" : 13.6333},{"date" : "06/06/2019","price" : 13.73},{"date" : "06/05/2019","price" : 13.106},{"date" : "06/04/2019","price" : 12.9067},{"date" : "06/03/2019","price" : 11.9313},{"date" : "05/31/2019","price" : 12.344},{"date" : "05/30/2019","price" : 12.548},{"date" : "05/29/2019","price" : 12.6573},{"date" : "05/28/2019","price" : 12.58},{"date" : "05/24/2019","price" : 12.7087},{"date" : "05/23/2019","price" : 13.0327},{"date" : "05/22/2019","price" : 12.8487},{"date" : "05/21/2019","price" : 13.672},{"date" : "05/20/2019","price" : 13.6907},{"date" : "05/17/2019","price" : 14.0687},{"date" : "05/16/2019","price" : 15.222},{"date" : "05/15/2019","price" : 15.4633},{"date" : "05/14/2019","price" : 15.4873},{"date" : "05/13/2019","price" : 15.134},{"date" : "05/10/2019","price" : 15.968},{"date" : "05/09/2019","price" : 16.132},{"date" : "05/08/2019","price" : 16.3227},{"date" : "05/07/2019","price" : 16.4707},{"date" : "05/06/2019","price" : 17.0227},{"date" : "05/03/2019","price" : 17.002},{"date" : "05/02/2019","price" : 16.2733},{"date" : "05/01/2019","price" : 15.6007},{"date" : "04/30/2019","price" : 15.9127},{"date" : "04/29/2019","price" : 16.098},{"date" : "04/26/2019","price" : 15.676},{"date" : "04/25/2019","price" : 16.5087},{"date" : "04/24/2019","price" : 17.244},{"date" : "04/23/2019","price" : 17.5933},{"date" : "04/22/2019","price" : 17.5167},{"date" : "04/18/2019","price" : 18.2173},{"date" : "04/17/2019","price" : 18.082},{"date" : "04/16/2019","price" : 18.224},{"date" : "04/15/2019","price" : 17.7587},{"date" : "04/12/2019","price" : 17.8467},{"date" : "04/11/2019","price" : 17.8947},{"date" : "04/10/2019","price" : 18.404},{"date" : "04/09/2019","price" : 18.154},{"date" : "04/08/2019","price" : 18.2133},{"date" : "04/05/2019","price" : 18.3307},{"date" : "04/04/2019","price" : 17.852},{"date" : "04/03/2019","price" : 19.454},{"date" : "04/02/2019","price" : 19.0587},{"date" : "04/01/2019","price" : 19.2787},{"date" : "03/29/2019","price" : 18.6573},{"date" : "03/28/2019","price" : 18.5747},{"date" : "03/27/2019","price" : 18.322},{"date" : "03/26/2019","price" : 17.8513},{"date" : "03/25/2019","price" : 17.3613},{"date" : "03/22/2019","price" : 17.6353},{"date" : "03/21/2019","price" : 18.268},{"date" : "03/20/2019","price" : 18.24},{"date" : "03/19/2019","price" : 17.8313},{"date" : "03/18/2019","price" : 17.966},{"date" : "03/15/2019","price" : 18.362},{"date" : "03/14/2019","price" : 19.3307},{"date" : "03/13/2019","price" : 19.264},{"date" : "03/12/2019","price" : 18.8907},{"date" : "03/11/2019","price" : 19.3947},{"date" : "03/08/2019","price" : 18.9427},{"date" : "03/07/2019","price" : 18.4393},{"date" : "03/06/2019","price" : 18.416},{"date" : "03/05/2019","price" : 18.436},{"date" : "03/04/2019","price" : 19.024},{"date" : "03/01/2019","price" : 19.6527},{"date" : "02/28/2019","price" : 21.3253},{"date" : "02/27/2019","price" : 20.9827},{"date" : "02/26/2019","price" : 19.8573},{"date" : "02/25/2019","price" : 19.918},{"date" : "02/22/2019","price" : 19.6473},{"date" : "02/21/2019","price" : 19.4153},{"date" : "02/20/2019","price" : 20.1707},{"date" : "02/19/2019","price" : 20.376},{"date" : "02/15/2019","price" : 20.5253},{"date" : "02/14/2019","price" : 20.2513},{"date" : "02/13/2019","price" : 20.5447},{"date" : "02/12/2019","price" : 20.7873},{"date" : "02/11/2019","price" : 20.856},{"date" : "02/08/2019","price" : 20.3867},{"date" : "02/07/2019","price" : 20.5007},{"date" : "02/06/2019","price" : 21.148},{"date" : "02/05/2019","price" : 21.4233},{"date" : "02/04/2019","price" : 20.8593},{"date" : "02/01/2019","price" : 20.814},{"date" : "01/31/2019","price" : 20.468},{"date" : "01/30/2019","price" : 20.5847},{"date" : "01/29/2019","price" : 19.8307},{"date" : "01/28/2019","price" : 19.7587},{"date" : "01/25/2019","price" : 19.8027},{"date" : "01/24/2019","price" : 19.434},{"date" : "01/23/2019","price" : 19.1727},{"date" : "01/22/2019","price" : 19.928},{"date" : "01/18/2019","price" : 20.1507},{"date" : "01/17/2019","price" : 23.154},{"date" : "01/16/2019","price" : 23.07},{"date" : "01/15/2019","price" : 22.962},{"date" : "01/14/2019","price" : 22.2933},{"date" : "01/11/2019","price" : 23.1507},{"date" : "01/10/2019","price" : 22.998},{"date" : "01/09/2019","price" : 22.5687},{"date" : "01/08/2019","price" : 22.3567},{"date" : "01/07/2019","price" : 22.3307},{"date" : "01/04/2019","price" : 21.1793},{"date" : "01/03/2019","price" : 20.024},{"date" : "01/02/2019","price" : 20.6747},{"date" : "12/31/2018","price" : 22.1867},{"date" : "12/28/2018","price" : 22.258},{"date" : "12/27/2018","price" : 21.0753},{"date" : "12/26/2018","price" : 21.7393},{"date" : "12/24/2018","price" : 19.6927},{"date" : "12/21/2018","price" : 21.318},{"date" : "12/20/2018","price" : 21.0253},{"date" : "12/19/2018","price" : 22.198},{"date" : "12/18/2018","price" : 22.4687},{"date" : "12/17/2018","price" : 23.228},{"date" : "12/14/2018","price" : 24.3807},{"date" : "12/13/2018","price" : 25.1193},{"date" : "12/12/2018","price" : 24.44},{"date" : "12/11/2018","price" : 24.4507},{"date" : "12/10/2018","price" : 24.3433},{"date" : "12/07/2018","price" : 23.8643},{"date" : "12/06/2018","price" : 24.204},{"date" : "12/04/2018","price" : 23.98},{"date" : "12/03/2018","price" : 23.8993},{"date" : "11/30/2018","price" : 23.3653},{"date" : "11/29/2018","price" : 22.7447},{"date" : "11/28/2018","price" : 23.1913},{"date" : "11/27/2018","price" : 22.928},{"date" : "11/26/2018","price" : 23.0667}]}